idx,band,song,duration_sec,lufs_integrated,lra,st_median,st_p10,st_p90,st_std,mastering_flag,extract_sec,error
1,afterglow,That Is How I Roll!,239.6,-10.898394386020712,2.0572166442871094,-10.853206634521484,-12.100350379943848,-10.043133735656738,1.1296402215957642,0,1.67,
7,afterglow,Sasanqua,236.8,-11.008043906449016,2.5839624404907227,-11.01579475402832,-12.633615493774414,-10.049653053283691,1.7837837934494019,0,1.65,
0,afterglow,ON YOUR MARK,241.63,-9.591000373770155,3.7707319259643555,-9.728347778320312,-11.921172142028809,-8.150440216064453,1.825531244277954,0,1.69,
4,afterglow,ツナグ、ソラモヨウ,248.93,-10.657535126953979,2.944875717163086,-10.655477523803711,-12.550858497619629,-9.605982780456543,1.8816105127334595,0,1.68,
5,afterglow,Hey-day狂騒曲(カプリチオ),233.7,-10.498236108310564,3.506649971008301,-10.360638618469238,-12.698678970336914,-9.192028999328613,3.97688627243042,0,1.67,
2,afterglow,SENSENFUKOKU,246.53,-11.858243332506898,3.4479408264160156,-11.784549713134766,-14.052518844604492,-10.604578018188477,1.7288727760314941,0,1.7,
6,afterglow,"Easy come, Easy go!",243.4,-10.725571232273822,3.662099838256836,-10.556795120239258,-13.198540687561035,-9.5364408493042,4.031495094299316,0,1.68,
3,afterglow,I knew it!,291.3,-10.215912777307645,2.1129579544067383,-10.286911964416504,-11.31188678741455,-9.198928833007812,4.940456390380859,0,1.87,
14,afterglow,SWITCH ON NOW,207.33,-9.82112338185104,2.3815603256225586,-9.892780303955078,-11.204800605773926,-8.823240280151367,6.399014949798584,0,0.98,
8,afterglow,RED RED RED,224.37,-11.489530755418162,2.318887710571289,-11.391728401184082,-12.86651611328125,-10.547628402709961,1.579951286315918,0,1.05,
11,afterglow,Scarlet Sky,229.0,-9.531600545755767,2.0726518630981445,-9.67026138305664,-10.614051818847656,-8.541399955749512,1.2197802066802979,0,1.05,
13,afterglow,いつも通りのBrand new days,237.33,-10.298623854194645,3.809497833251953,-10.063515663146973,-12.75379753112793,-8.944299697875977,4.544125080108643,0,1.17,
12,afterglow,Off we go.,251.83,-10.842505750790862,3.150228500366211,-10.812969207763672,-12.785823822021484,-9.635595321655273,1.4511792659759521,0,1.24,
10,afterglow,Y.O.L.O!!!!!,270.93,-10.480882062961495,3.1506805419921875,-10.437004089355469,-12.532994270324707,-9.38231372833252,5.817262172698975,0,1.35,
9,afterglow,ONE OF US,282.3,-12.419653435622397,3.240138053894043,-12.158843994140625,-14.548295974731445,-11.308157920837402,4.059150218963623,0,1.39,
15,afterglow,ランブリングメモリー,325.03,-10.84272592111089,3.829249382019043,-10.697732925415039,-13.551671028137207,-9.722421646118164,2.3698294162750244,0,1.55,
17,afterglow,Trouble Joyful!!,237.93,-10.325828795197097,2.5055999755859375,-10.280990600585938,-11.76179027557373,-9.256190299987793,1.213675618171692,0,1.1,
16,afterglow,COMIC PANIC!!!,280.5,-9.711785426460896,4.092350006103516,-9.668529510498047,-12.54318618774414,-8.450836181640625,4.720065593719482,0,1.22,
18,afterglow,Jamboree!Journey!,259.8,-11.205538538178534,2.809952735900879,-11.045948028564453,-13.111207962036133,-10.301255226135254,2.3857710361480713,0,1.18,
21,afterglow,極彩色,238.6,-10.871496597906875,2.1602306365966797,-10.844642639160156,-12.322134017944336,-10.161903381347656,5.360745429992676,0,1.02,
20,afterglow,独創収差,276.3,-8.709624522292605,10.931985855102539,-8.52090072631836,-18.12153434753418,-7.189548492431641,6.237142086029053,0,1.21,
22,afterglow,サクラゼンセン,249.33,-11.060568329293986,3.1908740997314453,-10.620019912719727,-13.166950225830078,-9.976076126098633,4.717440128326416,0,1.08,
19,afterglow,カナユメ,307.47,-10.747677623134377,3.2256174087524414,-10.688396453857422,-13.011073112487793,-9.785455703735352,4.004705905914307,0,1.38,
23,afterglow,True color,253.33,-9.980813018341072,2.603649139404297,-9.93159294128418,-11.571789741516113,-8.968140602111816,5.617249011993408,0,1.06,
25,afterglow,カサブタ,196.67,-10.448468653713425,2.463705062866211,-10.171627044677734,-12.198183059692383,-9.734477996826172,1.1236751079559326,0,0.85,
28,afterglow,トーキョーワンダー。,153.77,-10.409524739959682,3.7190752029418945,-10.115164756774902,-13.136017799377441,-9.416942596435547,5.577238082885742,0,0.66,
24,afterglow,Crow Song,244.2,-10.766799235576011,2.9791622161865234,-10.754067420959473,-12.51798152923584,-9.538819313049316,1.42222261428833,0,1.03,
29,afterglow,Reach Out To The Truth,171.47,-10.145127086939766,2.4117469787597656,-10.004999160766602,-11.830384254455566,-9.4186372756958,0.8259223699569702,0,0.72,
27,afterglow,Northern lights,209.1,-10.554252361033194,2.6065454483032227,-10.306978225708008,-12.263459205627441,-9.656913757324219,1.1812533140182495,0,0.85,
26,afterglow,アイのシナリオ,259.83,-11.372673452700758,3.273998260498047,-11.24895191192627,-13.46078109741211,-10.186782836914062,3.4613523483276367,0,1.06,
179,millsage,起死開戦,195.32,-9.835692190340193,2.866635322570801,-9.686347961425781,-11.599854469299316,-8.733219146728516,1.3499743938446045,0,1.58,
237,mugendai_mutype,アイの夢限,200.5,-10.846426913712486,7.2274932861328125,-10.874458312988281,-16.05908966064453,-8.831596374511719,6.04783296585083,0,1.6,
178,ikka_dumb_rock,ホーミー・タイッ！！,215.43,-8.723338585613183,2.0202932357788086,-8.674317359924316,-9.838922500610352,-7.818629264831543,1.1229817867279053,0,1.63,
260,mygo,迷星叫,211.37,-8.85930566065134,3.695164203643799,-8.586535453796387,-11.59472370147705,-7.899559497833252,4.311453342437744,0,1.64,
101,various_artists,Don't be afraid!,238.8,-11.303702340274976,2.8266687393188477,-11.190884590148926,-13.151074409484863,-10.324405670166016,4.526421546936035,0,1.73,
106,hello_happy_world,キミがいなくちゃっ！,243.77,-11.259269587468623,1.9557666778564453,-11.243684768676758,-12.44189453125,-10.486127853393555,2.7699549198150635,0,1.78,
107,hello_happy_world,ハイファイブ∞あどべんちゃっ,272.43,-10.932498608223568,1.3180828094482422,-10.892595291137695,-11.62987995147705,-10.311797142028809,2.6870710849761963,0,1.84,
180,morfonica,Daylight -デイライト-,357.29,-10.313982618770622,1.5591144561767578,-10.21503734588623,-11.17186450958252,-9.612750053405762,0.9767268300056458,0,2.11,
301,pastel_palettes,TITLE IDOL,268.37,-10.970655230415415,2.9628705978393555,-10.843976974487305,-12.957977294921875,-9.99510669708252,4.300227165222168,0,0.81,
375,poppin_party,Yes! BanG_Dream!,309.97,-11.794556539352106,4.904937744140625,-11.799055099487305,-14.824156761169434,-9.919219017028809,2.7192397117614746,0,0.9,
32,afterglow,イマジネーション,177.97,-11.159949489699532,3.9953317642211914,-11.29399585723877,-13.729452133178711,-9.73412036895752,5.233871936798096,0,1.58,
34,afterglow,燦々,194.9,-10.744673081036142,2.1378326416015625,-10.46982479095459,-12.239633560180664,-10.101800918579102,1.2260183095932007,0,1.67,
37,afterglow,ペトリコール・オベーション,219.13,-10.274189730696653,2.982621192932129,-10.180452346801758,-12.331259727478027,-9.348638534545898,5.86303186416626,0,1.87,
30,afterglow,Listen!!,227.47,-10.867349930247025,3.2308530807495117,-10.64625358581543,-12.98669719696045,-9.755844116210938,3.807582378387451,0,1.92,
33,afterglow,Butter-Fly,250.2,-9.60994503188599,2.6741323471069336,-9.529170036315918,-11.293684005737305,-8.619551658630371,3.626802444458008,0,1.94,
35,afterglow,That's why I'm here.,261.87,-10.273894402834582,3.833123207092285,-10.181473731994629,-12.929679870605469,-9.096556663513184,1.7610411643981934,0,2.02,
36,afterglow,IGNITE GLOW,267.37,-10.165351548730614,2.4737625122070312,-10.100004196166992,-11.742962837219238,-9.269200325012207,1.7643965482711792,0,2.04,
31,afterglow,青い栞,336.8,-11.87947644343549,5.463316917419434,-12.098248481750488,-15.507683753967285,-10.044366836547852,5.317088603973389,0,2.27,
38,afterglow,Made My Day,243.97,-9.662747138901997,1.8701658248901367,-9.584695816040039,-10.733748435974121,-8.863582611083984,1.1078386306762695,0,0.89,
39,afterglow,Glowing After,254.49,-9.483970137900164,3.877474784851074,-9.424972534179688,-11.969320297241211,-8.091845512390137,3.2545909881591797,0,0.88,
3,afterglow,I knew it!,291.3,-10.215912777307645,2.1129579544067383,-10.286911964416504,-11.31188678741455,-9.198928833007812,4.940456390380859,0,1.29,
