idx,band,song,duration_sec,speech_median,speech_p10,speech_p90,speech_std,n_frames,error,vad_speech_ratio,vad_n_frames,vad_error
0,afterglow,ON YOUR MARK,241.63333333333333,0.0608871728181839,0.009911591187119484,0.26149243116378784,0.11014646291732788,482,,,,
1,afterglow,That Is How I Roll!,239.6,0.06362757086753845,0.007792953867465258,0.2171059399843216,0.08747150003910065,478,,,,
2,afterglow,SENSENFUKOKU,246.53333333333333,0.07919716089963913,0.014192219823598862,0.2310066521167755,0.09236949682235718,492,,,,
3,afterglow,I knew it!,,,,,,,no_stem,,,
4,afterglow,ツナグ、ソラモヨウ,,,,,,,no_stem,,,
5,afterglow,Hey-day狂騒曲(カプリチオ),,,,,,,no_stem,,,
6,afterglow,"Easy come, Easy go!",,,,,,,no_stem,,,
7,afterglow,Sasanqua,,,,,,,no_stem,,,
8,afterglow,RED RED RED,,,,,,,no_stem,,,
9,afterglow,ONE OF US,,,,,,,no_stem,,,
10,afterglow,Y.O.L.O!!!!!,,,,,,,no_stem,,,
11,afterglow,Scarlet Sky,,,,,,,no_stem,,,
12,afterglow,Off we go.,,,,,,,no_stem,,,
13,afterglow,いつも通りのBrand new days,,,,,,,no_stem,,,
14,afterglow,SWITCH ON NOW,,,,,,,no_stem,,,
15,afterglow,ランブリングメモリー,,,,,,,no_stem,,,
16,afterglow,COMIC PANIC!!!,,,,,,,no_stem,,,
17,afterglow,Trouble Joyful!!,,,,,,,no_stem,,,
18,afterglow,Jamboree!Journey!,,,,,,,no_stem,,,
19,afterglow,カナユメ,,,,,,,no_stem,,,
20,afterglow,独創収差,,,,,,,no_stem,,,
21,afterglow,極彩色,,,,,,,no_stem,,,
22,afterglow,サクラゼンセン,,,,,,,no_stem,,,
23,afterglow,True color,,,,,,,no_stem,,,
24,afterglow,Crow Song,,,,,,,no_stem,,,
25,afterglow,カサブタ,,,,,,,no_stem,,,
26,afterglow,アイのシナリオ,,,,,,,no_stem,,,
27,afterglow,Northern lights,,,,,,,no_stem,,,
28,afterglow,トーキョーワンダー。,,,,,,,no_stem,,,
29,afterglow,Reach Out To The Truth,,,,,,,no_stem,,,
30,afterglow,Listen!!,,,,,,,no_stem,,,
31,afterglow,青い栞,,,,,,,no_stem,,,
32,afterglow,イマジネーション,,,,,,,no_stem,,,
33,afterglow,Butter-Fly,,,,,,,no_stem,,,
34,afterglow,燦々,,,,,,,no_stem,,,
35,afterglow,That's why I'm here.,,,,,,,no_stem,,,
36,afterglow,IGNITE GLOW,,,,,,,no_stem,,,
37,afterglow,ペトリコール・オベーション,,,,,,,no_stem,,,
38,afterglow,Made My Day,,,,,,,no_stem,,,
39,afterglow,Glowing After,,,,,,,no_stem,,,
40,afterglow,A Sunset So Bright,,,,,,,no_stem,,,
41,afterglow,Start as Usual,,,,,,,no_stem,,,
42,afterglow,“Say cheese!!!!!”,,,,,,,no_stem,,,
43,afterglow,花笑みのデュオ,,,,,,,no_stem,,,
44,afterglow,READY STEADY GO (Cover),,,,,,,no_stem,,,
45,afterglow,abnormalize (Cover),,,,,,,no_stem,,,
46,afterglow,メンタルチェンソー (Cover),,,,,,,no_stem,,,
47,afterglow,Bunny Girl (Cover),,,,,,,no_stem,,,
48,afterglow,オレンジ (Cover),,,,,,,no_stem,,,
49,afterglow,カゲロウデイズ (Cover),,,,,,,no_stem,,,
50,afterglow,DAY×DAY (Cover),,,,,,,no_stem,,,
51,afterglow,ロキ (Cover),,,,,,,no_stem,,,
52,afterglow,CHAINSAW BLOOD (Cover),,,,,,,no_stem,,,
53,afterglow,チルドレンレコード (Re:boot) (Cover),,,,,,,no_stem,,,
54,afterglow,青のすみか (Cover),,,,,,,no_stem,,,
55,afterglow,GO!!! (Cover),,,,,,,no_stem,,,
56,afterglow,天ノ弱 (Cover),,,,,,,no_stem,,,
57,afterglow,アスノヨゾラ哨戒班 (Cover),,,,,,,no_stem,,,
58,afterglow,瞬間センチメンタル (Cover),,,,,,,no_stem,,,
59,afterglow,プライド革命 (Cover),,,,,,,no_stem,,,
60,afterglow,命に嫌われている。 (Cover),,,,,,,no_stem,,,
61,afterglow,Redo (Cover),,,,,,,no_stem,,,
62,afterglow,インフェルノ (Cover),,,,,,,no_stem,,,
63,afterglow,ドラマツルギー (Cover),,,,,,,no_stem,,,
64,afterglow,COLORS (Cover),,,,,,,no_stem,,,
65,afterglow,午夜の待ち合わせ (Cover),,,,,,,no_stem,,,
66,afterglow,サムライハート（Some Like It Hot!!） (Cover),,,,,,,no_stem,,,
67,afterglow,ベノム (Cover),,,,,,,no_stem,,,
68,afterglow,Don't say “lazy” (Cover),,,,,,,no_stem,,,
69,afterglow,Part of the Life,,,,,,,no_stem,,,
70,afterglow,Punchline Halloween!!!,,,,,,,no_stem,,,
71,afterglow,I love your way！,,,,,,,no_stem,,,
72,ave_mujica,KiLLKiSS,208.77242630385487,0.03387996181845665,0.0034179887734353542,0.15776924788951874,0.07041990756988525,416,,,,
73,ave_mujica,"Georgette Me, Georgette You",234.67909297052154,0.04825514554977417,0.00619342690333724,0.21728235483169556,0.09500768780708313,468,,,,
74,ave_mujica,Imprisoned XII,192.16834467120182,0.0359325036406517,0.00477996002882719,0.18921302258968353,0.08395250886678696,383,,,,
75,ave_mujica,Crucifix X,,,,,,,no_stem,,,
76,ave_mujica,八芒星ダンス,,,,,,,no_stem,,,
77,ave_mujica,顔,,,,,,,no_stem,,,
78,ave_mujica,天球のMúsica,,,,,,,no_stem,,,
79,ave_mujica,黒のバースデイ,,,,,,,no_stem,,,
80,ave_mujica,ふたつの月 ~Deep Into The Forest~,,,,,,,no_stem,,,
81,ave_mujica,Choir ‘S’ Choir,,,,,,,no_stem,,,
82,ave_mujica,神さま、バカ,,,,,,,no_stem,,,
83,ave_mujica,Mas?uerade Rhapsody Re?uest,,,,,,,no_stem,,,
84,ave_mujica,Ave Mujica,,,,,,,no_stem,,,
85,ave_mujica,Symbol I : △,,,,,,,no_stem,,,
86,ave_mujica,Symbol II : Air,,,,,,,no_stem,,,
87,ave_mujica,Symbol III : ▽,,,,,,,no_stem,,,
88,ave_mujica,Symbol IV : Earth,,,,,,,no_stem,,,
89,ave_mujica,Ether,,,,,,,no_stem,,,
90,ave_mujica,The Whole Blue World,,,,,,,no_stem,,,
91,ave_mujica,in your blue eyes,,,,,,,no_stem,,,
92,ave_mujica,素晴らしき世界 でも どこにもない場所,,,,,,,no_stem,,,
93,ave_mujica,Angles,,,,,,,no_stem,,,
94,ave_mujica,DIVINE,,,,,,,no_stem,,,
95,ave_mujica,Sophie,,,,,,,no_stem,,,
96,ave_mujica,‘S/’ The Way,,,,,,,no_stem,,,
97,ave_mujica,碧い瞳の中に,,,,,,,no_stem,,,
98,ave_mujica,堕天 (Cover),,,,,,,no_stem,,,
99,ave_mujica,KINGS (Cover),,,,,,,no_stem,,,
100,ave_mujica,暗黒天国 (Cover),,,,,,,no_stem,,,
101,various_artists,Don't be afraid!,,,,,,,no_stem,,,
102,various_artists,Glee! Glee! Glee!,,,,,,,no_stem,,,
103,various_artists,"Be shine, shining!",,,,,,,no_stem,,,
104,various_artists,"Here, the world",,,,,,,no_stem,,,
105,various_artists,CiRCLE THANKS MUSiC♪,,,,,,,no_stem,,,
106,hello_happy_world,キミがいなくちゃっ！,243.76897959183674,0.08195338398218155,0.008379905484616756,0.27558445930480957,0.10681069642305374,486,,,,
107,hello_happy_world,ハイファイブ∞あどべんちゃっ,272.43333333333334,0.07374787330627441,0.009040170349180698,0.30192819237709045,0.1227165162563324,543,,,,
108,hello_happy_world,スマイルブーケで た〜まや〜！,271.96666666666664,0.05547010898590088,0.006804137025028467,0.21256600320339203,0.08457771688699722,542,,,,
109,hello_happy_world,えがお･シング･あ･ソング,,,,,,,no_stem,,,
110,hello_happy_world,YAPPY! SCHOOL CARNIVAL☆彡,,,,,,,no_stem,,,
111,hello_happy_world,にこ×にこ=ハイパースマイルパワー！,,,,,,,no_stem,,,
112,hello_happy_world,ないすみちゅっ！,,,,,,,no_stem,,,
113,hello_happy_world,ゴーカ！ごーかい！？ファントムシーフ！,,,,,,,no_stem,,,
114,hello_happy_world,うぃーきゃん☆フレフレっ！,,,,,,,no_stem,,,
115,hello_happy_world,えがおのオーケストラっ！,,,,,,,no_stem,,,
116,hello_happy_world,にこにこねくと！,,,,,,,no_stem,,,
117,hello_happy_world,ふぁいぶスマイル◯オールインっ！,,,,,,,no_stem,,,
118,hello_happy_world,せかいのっびのびトレジャー！,,,,,,,no_stem,,,
119,hello_happy_world,きらっ☆と キミフェス！,,,,,,,no_stem,,,
120,hello_happy_world,うちゃパ！で ぱっぴかポーんっ！,,,,,,,no_stem,,,
121,hello_happy_world,はれやか すこやか ぴかりんりん♪,,,,,,,no_stem,,,
122,hello_happy_world,ふわふわ☆ゆめいろサンドイッチ,,,,,,,no_stem,,,
123,hello_happy_world,Happy! Happier! Happiest!,,,,,,,no_stem,,,
124,hello_happy_world,現るっ！大怪盗ハロハッピー！,,,,,,,no_stem,,,
125,hello_happy_world,わちゃ・もちゃ・ぺったん行進曲,,,,,,,no_stem,,,
126,hello_happy_world,おもいでイルミネーション,,,,,,,no_stem,,,
127,hello_happy_world,おもいやりハーモニー,,,,,,,no_stem,,,
128,hello_happy_world,ハピネスっ！ハピィーマジカルっ♪,,,,,,,no_stem,,,
129,hello_happy_world,えがお、あーゆーれでぃ???,,,,,,,no_stem,,,
130,hello_happy_world,ハッピーサマーウェディング,,,,,,,no_stem,,,
131,hello_happy_world,ひまわりの約束,,,,,,,no_stem,,,
132,hello_happy_world,ハッピー☆マテリアル,,,,,,,no_stem,,,
133,hello_happy_world,太陽曰く燃えよカオス,,,,,,,no_stem,,,
134,hello_happy_world,エクストラ・マジック・アワー,,,,,,,no_stem,,,
135,hello_happy_world,コレカラ,,,,,,,no_stem,,,
136,hello_happy_world,全力少年,,,,,,,no_stem,,,
137,hello_happy_world,オレンジ,,,,,,,no_stem,,,
138,hello_happy_world,Happy Girl,,,,,,,no_stem,,,
139,hello_happy_world,ン・パカマーチ,,,,,,,no_stem,,,
140,hello_happy_world,サンバロハッピ〜！,,,,,,,no_stem,,,
141,hello_happy_world,ボクらの夏's☆ショーたいむっ！！,,,,,,,no_stem,,,
142,hello_happy_world,むすんでわらって,,,,,,,no_stem,,,
143,hello_happy_world,キミを れっつ・はぶ・ふぁん♪,,,,,,,no_stem,,,
144,hello_happy_world,らいふ・いず・みゅーじかるっ♪♪♪,,,,,,,no_stem,,,
145,hello_happy_world,れっつ・スマイル・すとり〜みんぐっ♪,,,,,,,no_stem,,,
146,hello_happy_world,やっほー！いっぽ！わんだふぉー！,,,,,,,no_stem,,,
147,hello_happy_world,とーくとぅみー・とーくとぅゆー,,,,,,,no_stem,,,
148,hello_happy_world,ハイタッチ／＼びりーばーず☆,,,,,,,no_stem,,,
149,hello_happy_world,Listen to Smile!,,,,,,,no_stem,,,
150,hello_happy_world,スマイリーキャロル,,,,,,,no_stem,,,
151,hello_happy_world,えがお、み〜っけた！,,,,,,,no_stem,,,
152,hello_happy_world,上海ハニー (Cover),,,,,,,no_stem,,,
153,hello_happy_world,シル・ヴ・プレジデント (Cover),,,,,,,no_stem,,,
154,hello_happy_world,ヒャダインのじょーじょーゆーじょー (Cover),,,,,,,no_stem,,,
155,hello_happy_world,はいよろこんで (Cover),,,,,,,no_stem,,,
156,hello_happy_world,シカ色デイズ (Cover),,,,,,,no_stem,,,
157,hello_happy_world,強風オールバック (Cover),,,,,,,no_stem,,,
158,hello_happy_world,最高到達点 (Cover),,,,,,,no_stem,,,
159,hello_happy_world,許婚っきゅん (Cover),,,,,,,no_stem,,,
160,hello_happy_world,新宝島 (Cover),,,,,,,no_stem,,,
161,hello_happy_world,ドレミファロンド (Cover),,,,,,,no_stem,,,
162,hello_happy_world,きゅうくらりん (Cover),,,,,,,no_stem,,,
163,hello_happy_world,ロメオ (Cover),,,,,,,no_stem,,,
164,hello_happy_world,エイリアンエイリアン (Cover),,,,,,,no_stem,,,
165,hello_happy_world,いーあるふぁんくらぶ (Cover),,,,,,,no_stem,,,
166,hello_happy_world,回レ！雪月花 (Cover),,,,,,,no_stem,,,
167,hello_happy_world,恋愛裁判 (Cover),,,,,,,no_stem,,,
168,hello_happy_world,TOMORROW (Cover),,,,,,,no_stem,,,
169,hello_happy_world,GO! GO! MANIAC (Cover),,,,,,,no_stem,,,
170,hello_happy_world,Dragon Night (Cover),,,,,,,no_stem,,,
171,hello_happy_world,ようこそジャパリパークへ (Cover),,,,,,,no_stem,,,
172,hello_happy_world,ウィーアー！ (Cover),,,,,,,no_stem,,,
173,hello_happy_world,おジャ魔女カーニバル!! (Cover),,,,,,,no_stem,,,
174,hello_happy_world,ダーリンダンス (Cover),,,,,,,no_stem,,,
175,hello_happy_world,ノーポイッ！ (Cover),,,,,,,no_stem,,,
176,hello_happy_world,SHINY DAYS (Cover),,,,,,,no_stem,,,
177,hello_happy_world,シルエット (Cover),,,,,,,no_stem,,,
178,ikka_dumb_rock,ホーミー・タイッ！！,,,,,,,no_stem,,,
179,millsage,起死開戦,,,,,,,no_stem,,,
180,morfonica,Daylight -デイライト-,357.2854875283447,0.05575266107916832,0.008881734684109688,0.2064274102449417,0.08758880943059921,713,,,,
181,morfonica,メランコリックララバイ,216.06666666666666,0.0850066989660263,0.01515203807502985,0.22788481414318085,0.08896097540855408,431,,,,
182,morfonica,flame of hope,252.9356462585034,0.05554480850696564,0.010186626575887203,0.19577793776988983,0.07401072978973389,504,,,,
183,morfonica,ブルームブルーム,,,,,,,no_stem,,,
184,morfonica,カラフルリバティー,,,,,,,no_stem,,,
185,morfonica,fly with the night,,,,,,,no_stem,,,
186,morfonica,金色へのプレリュード,,,,,,,no_stem,,,
187,morfonica,The Circle Of Butterflies,,,,,,,no_stem,,,
188,morfonica,ハーモニー・デイ,,,,,,,no_stem,,,
189,morfonica,Sweet Cheers!,,,,,,,no_stem,,,
190,morfonica,"寄る辺のSunny, Sunny",,,,,,,no_stem,,,
191,morfonica,誓いのWingbeat,,,,,,,no_stem,,,
192,morfonica,Ever Sky Blue,,,,,,,no_stem,,,
193,morfonica,Polyphonyscape,,,,,,,no_stem,,,
194,morfonica,Wreath of Brave,,,,,,,no_stem,,,
195,morfonica,Merry Merry Thanks!!,,,,,,,no_stem,,,
196,morfonica,Sonorous,,,,,,,no_stem,,,
197,morfonica,両翼のBrilliance,,,,,,,no_stem,,,
198,morfonica,Steer to Utopia,,,,,,,no_stem,,,
199,morfonica,Fateful...,,,,,,,no_stem,,,
200,morfonica,ティリカモニカリラ,,,,,,,no_stem,,,
201,morfonica,Secret Dawn,,,,,,,no_stem,,,
202,morfonica,Angel's Ladder,,,,,,,no_stem,,,
203,morfonica,One step at a time,,,,,,,no_stem,,,
204,morfonica,Tempest,,,,,,,no_stem,,,
205,morfonica,フレージング ミラージュ,,,,,,,no_stem,,,
206,morfonica,MUGEN Reverberate!,,,,,,,no_stem,,,
207,morfonica,わたしまちがいさがし,,,,,,,no_stem,,,
208,morfonica,esora no clover,,,,,,,no_stem,,,
209,morfonica,きょうもMerry go rounD,,,,,,,no_stem,,,
210,morfonica,Feathered Dreams,,,,,,,no_stem,,,
211,morfonica,Portray Empathy,,,,,,,no_stem,,,
212,morfonica,ビューティ・フォー,,,,,,,no_stem,,,
213,morfonica,胡蝶翔る星月夜,,,,,,,no_stem,,,
214,morfonica,Color of Us,,,,,,,no_stem,,,
215,morfonica,Resonant Strings,,,,,,,no_stem,,,
216,morfonica,Shining Leaves,,,,,,,no_stem,,,
217,morfonica,音がえしのセレナーデ,,,,,,,no_stem,,,
218,morfonica,蒼穹へのトレイル,,,,,,,no_stem,,,
219,morfonica,QUEEN (Cover),,,,,,,no_stem,,,
220,morfonica,again (Cover),,,,,,,no_stem,,,
221,morfonica,輪舞-revolution (Cover),,,,,,,no_stem,,,
222,morfonica,メロウ (Cover),,,,,,,no_stem,,,
223,morfonica,祝福 (Cover),,,,,,,no_stem,,,
224,morfonica,Overdose (Cover),,,,,,,no_stem,,,
225,morfonica,かくれんぼ (Cover),,,,,,,no_stem,,,
226,morfonica,chAngE (Cover),,,,,,,no_stem,,,
227,morfonica,ALIVE (Cover),,,,,,,no_stem,,,
228,morfonica,Nameless Story (Cover),,,,,,,no_stem,,,
229,morfonica,青空のラプソディ (Cover),,,,,,,no_stem,,,
230,morfonica,Nevereverland (Cover),,,,,,,no_stem,,,
231,morfonica,メリッサ (Cover),,,,,,,no_stem,,,
232,morfonica,COLORFUL BOX (Cover),,,,,,,no_stem,,,
233,morfonica,unravel (Cover),,,,,,,no_stem,,,
234,morfonica,アゲハ蝶 (Cover),,,,,,,no_stem,,,
235,morfonica,V.I.P (Cover),,,,,,,no_stem,,,
236,morfonica,CQCQ (Cover),,,,,,,no_stem,,,
237,mugendai_mutype,アイの夢限,200.5,0.08643926680088043,0.011259124614298344,0.33063721656799316,0.12993036210536957,400,,,,
238,mugendai_mutype,どんがらがっしゃん,196.53333333333333,0.09745334088802338,0.0144138028845191,0.2644352614879608,0.10062727332115173,392,,,,
239,mugendai_mutype,みゅーたんとミュータント,220.26666666666668,0.13288794457912445,0.0276959091424942,0.30038365721702576,0.10259691625833511,439,,,,
240,mugendai_mutype,チューニング,,,,,,,no_stem,,,
241,mugendai_mutype,Dream Voyage,,,,,,,no_stem,,,
242,mugendai_mutype,グラディエント,,,,,,,no_stem,,,
243,mugendai_mutype,LET'Sあちあちトレーニング！,,,,,,,no_stem,,,
244,mugendai_mutype,真夜中遊園地,,,,,,,no_stem,,,
245,mugendai_mutype,テレパシー,,,,,,,no_stem,,,
246,mugendai_mutype,TRASH LIFE,,,,,,,no_stem,,,
247,mugendai_mutype,新人類は仮想世界の夢を見るか?,,,,,,,no_stem,,,
248,mugendai_mutype,コミュ着火Fire!,,,,,,,no_stem,,,
249,mugendai_mutype,Calling,,,,,,,no_stem,,,
250,mugendai_mutype,Hi-Vision,,,,,,,no_stem,,,
251,mugendai_mutype,コハク,,,,,,,no_stem,,,
252,mugendai_mutype,✞animaるパーティ✞開催中✞,,,,,,,no_stem,,,
253,mugendai_mutype,エンプティパペット,,,,,,,no_stem,,,
254,mugendai_mutype,限界現実サバイブ天使,,,,,,,no_stem,,,
255,mugendai_mutype,ビッグマウス,,,,,,,no_stem,,,
256,mugendai_mutype,夢現妄想世界,,,,,,,no_stem,,,
257,mugendai_mutype,やわやわNERD 超FreQuency,,,,,,,no_stem,,,
258,mugendai_mutype,超惑星Xへの旅,,,,,,,no_stem,,,
259,mugendai_mutype,これはぼくたちの生存のあらすじ,,,,,,,no_stem,,,
260,mygo,迷星叫,211.37333333333333,0.07384708523750305,0.005217729602009058,0.23731091618537903,0.09823912382125854,421,,,,
261,mygo,壱雫空,189.58666666666667,0.09445227682590485,0.012765907682478428,0.2945694029331207,0.11707087606191635,378,,,,
262,mygo,碧天伴走,218.86666666666667,0.0721445381641388,0.009212568402290344,0.26835334300994873,0.11090254783630371,436,,,,
263,mygo,影色舞,,,,,,,no_stem,,,
264,mygo,歌いましょう鳴らしましょう,,,,,,,no_stem,,,
265,mygo,潜在表明,,,,,,,no_stem,,,
266,mygo,音一会,,,,,,,no_stem,,,
267,mygo,春日影 (MyGO!!!!! ver.),,,,,,,no_stem,,,
268,mygo,詩超絆,,,,,,,no_stem,,,
269,mygo,迷路日々,,,,,,,no_stem,,,
270,mygo,無路矢,,,,,,,no_stem,,,
271,mygo,名無声,,,,,,,no_stem,,,
272,mygo,栞,,,,,,,no_stem,,,
273,mygo,歩拾道,,,,,,,no_stem,,,
274,mygo,明弦音,,,,,,,no_stem,,,
275,mygo,孤壊牢,,,,,,,no_stem,,,
276,mygo,霧周途,,,,,,,no_stem,,,
277,mygo,端程山,,,,,,,no_stem,,,
278,mygo,処救生,,,,,,,no_stem,,,
279,mygo,輪符雨,,,,,,,no_stem,,,
280,mygo,夜隠染,,,,,,,no_stem,,,
281,mygo,過惰幻,,,,,,,no_stem,,,
282,mygo,回層浮,,,,,,,no_stem,,,
283,mygo,砂寸奏,,,,,,,no_stem,,,
284,mygo,焚音打,,,,,,,no_stem,,,
285,mygo,残痕字,,,,,,,no_stem,,,
286,mygo,掌心正銘,,,,,,,no_stem,,,
287,mygo,証命讃歌,,,,,,,no_stem,,,
288,mygo,エガクミライ,,,,,,,no_stem,,,
289,mygo,静降想,,,,,,,no_stem,,,
290,mygo,聿日箋秋,,,,,,,no_stem,,,
291,mygo,往欄印,,,,,,,no_stem,,,
292,mygo,だれかの心臓になれたなら (Cover),,,,,,,no_stem,,,
293,mygo,遥か彼方 (Cover),,,,,,,no_stem,,,
294,mygo,雑踏、僕らの街 (Cover),,,,,,,no_stem,,,
295,mygo,過去を喰らう (Cover),,,,,,,no_stem,,,
296,mygo,君の神様になりたい。 (Cover),,,,,,,no_stem,,,
297,mygo,ノンブレス・オブリージュ (Cover),,,,,,,no_stem,,,
298,mygo,swim (Cover),,,,,,,no_stem,,,
299,mygo,猛独が襲う (Cover),,,,,,,no_stem,,,
300,mygo,春日影,,,,,,,no_stem,,,
301,pastel_palettes,TITLE IDOL,268.3666666666667,0.0642465353012085,0.013734983280301094,0.24532745778560638,0.09260407090187073,535,,,,
302,pastel_palettes,ワクワクmeetsトリップ,247.3,0.07671704143285751,0.011270505376160145,0.22733601927757263,0.08949960023164749,493,,,,
303,pastel_palettes,ゆら・ゆらRing-Dong-Dance,265.1356462585034,0.0532948262989521,0.008934489451348782,0.20320920646190643,0.08468084782361984,529,,,,
304,pastel_palettes,もういちど ルミナス,,,,,,,no_stem,,,
305,pastel_palettes,あっつあつ 常夏 らぶ☆サマー！,,,,,,,no_stem,,,
306,pastel_palettes,天下トーイツ A to Z☆,,,,,,,no_stem,,,
307,pastel_palettes,しゅわりん☆どり〜みん,,,,,,,no_stem,,,
308,pastel_palettes,Power of LOVE!!!,,,,,,,no_stem,,,
309,pastel_palettes,きゅ～まい＊flower,,,,,,,no_stem,,,
310,pastel_palettes,Winking☆Cheer,,,,,,,no_stem,,,
311,pastel_palettes,ゆめゆめグラデーション,,,,,,,no_stem,,,
312,pastel_palettes,はなまる◎アンダンテ,,,,,,,no_stem,,,
313,pastel_palettes,パスパレボリューションず☆,,,,,,,no_stem,,,
314,pastel_palettes,SURVIVOR ねばーぎぶあっぷ!,,,,,,,no_stem,,,
315,pastel_palettes,Wonderland Girl,,,,,,,no_stem,,,
316,pastel_palettes,ゼッタイ宣言～Recital～,,,,,,,no_stem,,,
317,pastel_palettes,ぎゅっDAYS♪,,,,,,,no_stem,,,
318,pastel_palettes,Wonderful Sweet!,,,,,,,no_stem,,,
319,pastel_palettes,るんっ♪てぃてぃー！,,,,,,,no_stem,,,
320,pastel_palettes,パッパレ☆人生！バーン万歳！,,,,,,,no_stem,,,
321,pastel_palettes,Brand new Pastel Road!,,,,,,,no_stem,,,
322,pastel_palettes,あこがれacross,,,,,,,no_stem,,,
323,pastel_palettes,ハレハレ☆フォーチュン,,,,,,,no_stem,,,
324,pastel_palettes,ハナヒバナ,,,,,,,no_stem,,,
325,pastel_palettes,そばかす,,,,,,,no_stem,,,
326,pastel_palettes,気まぐれロマンティック,,,,,,,no_stem,,,
327,pastel_palettes,ドリームパレード,,,,,,,no_stem,,,
328,pastel_palettes,ラムのラブソング,,,,,,,no_stem,,,
329,pastel_palettes,DANCE! おジャ魔女,,,,,,,no_stem,,,
330,pastel_palettes,DISCOTHEQUE,,,,,,,no_stem,,,
331,pastel_palettes,ゆりゆららららゆるゆり大事件,,,,,,,no_stem,,,
332,pastel_palettes,SAKURAスキップ,,,,,,,no_stem,,,
333,pastel_palettes,Stay Alive,,,,,,,no_stem,,,
334,pastel_palettes,秘密の扉から会いにきて,,,,,,,no_stem,,,
335,pastel_palettes,トリドリ＊パレット,,,,,,,no_stem,,,
336,pastel_palettes,ドラマチック！アライブ,,,,,,,no_stem,,,
337,pastel_palettes,Radiate Warriors,,,,,,,no_stem,,,
338,pastel_palettes,ReReReエボリューションず☆,,,,,,,no_stem,,,
339,pastel_palettes,everyday flower,,,,,,,no_stem,,,
340,pastel_palettes,With〜きみとわたしたちの物語〜,,,,,,,no_stem,,,
341,pastel_palettes,フレっとパレットFight Song!!,,,,,,,no_stem,,,
342,pastel_palettes,デイオフ・ラフ・ラブ・サンクス,,,,,,,no_stem,,,
343,pastel_palettes,ホワイト ノスタルジア,,,,,,,no_stem,,,
344,pastel_palettes,Y.O.L.O！！！！！(パスパレver.),,,,,,,no_stem,,,
345,pastel_palettes,奏（かなで） (Cover),,,,,,,no_stem,,,
346,pastel_palettes,Sparkling Daydream (Cover),,,,,,,no_stem,,,
347,pastel_palettes,春を告げる (Cover),,,,,,,no_stem,,,
348,pastel_palettes,だから、ひとりじゃない (Cover),,,,,,,no_stem,,,
349,pastel_palettes,サインはB (Cover),,,,,,,no_stem,,,
350,pastel_palettes,愛包ダンスホール (Cover),,,,,,,no_stem,,,
351,pastel_palettes,最上級にかわいいの！ (Cover),,,,,,,no_stem,,,
352,pastel_palettes,♡桃色片想い♡ (Cover),,,,,,,no_stem,,,
353,pastel_palettes,金曜日のおはよう (Cover),,,,,,,no_stem,,,
354,pastel_palettes,魔法少女とチョコレゐト (Cover),,,,,,,no_stem,,,
355,pastel_palettes,可愛くてごめん (Cover),,,,,,,no_stem,,,
356,pastel_palettes,からくりピエロ (Cover),,,,,,,no_stem,,,
357,pastel_palettes,みくみくにしてあげる♪【してやんよ】 (Cover),,,,,,,no_stem,,,
358,pastel_palettes,ルカルカ★ナイトフィーバー (Cover),,,,,,,no_stem,,,
359,pastel_palettes,アイドル (Cover),,,,,,,no_stem,,,
360,pastel_palettes,secret base ～君がくれたもの～ (Cover),,,,,,,no_stem,,,
361,pastel_palettes,ふわふわ時間 (Cover),,,,,,,no_stem,,,
362,pastel_palettes,Fantastic future (Cover),,,,,,,no_stem,,,
363,pastel_palettes,Baby Sweet Berry Love (Cover),,,,,,,no_stem,,,
364,pastel_palettes,Q＆A　リサイタル！ (Cover),,,,,,,no_stem,,,
365,pastel_palettes,ヒトリゴト (Cover),,,,,,,no_stem,,,
366,pastel_palettes,惑星ループ (Cover),,,,,,,no_stem,,,
367,pastel_palettes,世界は恋に落ちている (Cover),,,,,,,no_stem,,,
368,pastel_palettes,ハッピーシンセサイザ (Cover),,,,,,,no_stem,,,
369,pastel_palettes,春擬き (Cover),,,,,,,no_stem,,,
370,pastel_palettes,Make it! (Cover),,,,,,,no_stem,,,
371,pastel_palettes,花ハ踊レヤいろはにほ (Cover),,,,,,,no_stem,,,
372,pastel_palettes,夜に駆ける (Cover),,,,,,,no_stem,,,
373,pastel_palettes,徒花ネクロマンシー (Cover),,,,,,,no_stem,,,
374,pastel_palettes,ノスタルジックレインフォール (Cover),,,,,,,no_stem,,,
375,poppin_party,Yes! BanG_Dream!,309.96666666666664,0.09508970379829407,0.012067917734384537,0.2852127254009247,0.11520508676767349,618,,,,
376,poppin_party,STAR BEAT!～ホシノコドウ～,320.73333333333335,0.039469800889492035,0.004307654686272144,0.20196424424648285,0.08404254168272018,640,,,,
377,poppin_party,走り始めたばかりのキミに,260.96666666666664,0.056526362895965576,0.006635554134845734,0.20325656235218048,0.0788755938410759,520,,,,
378,poppin_party,ティアドロップス,,,,,,,no_stem,,,
379,poppin_party,ときめきエクスペリエンス！,,,,,,,no_stem,,,
380,poppin_party,キラキラだとか夢だとか ～Sing Girls～,,,,,,,no_stem,,,
381,poppin_party,私の心はチョココロネ,,,,,,,no_stem,,,
382,poppin_party,前へススメ！,,,,,,,no_stem,,,
383,poppin_party,夢みるSunflower,,,,,,,no_stem,,,
384,poppin_party,ティアドロップス ～Popipa Acoustic Ver.～,,,,,,,no_stem,,,
385,poppin_party,走り始めたばかりのキミに ～Popipa Acoustic Ver.～,,,,,,,no_stem,,,
386,poppin_party,Time Lapse,,,,,,,no_stem,,,
387,poppin_party,八月のif,,,,,,,no_stem,,,
388,poppin_party,クリスマスのうた,,,,,,,no_stem,,,
389,poppin_party,B.O.F,,,,,,,no_stem,,,
390,poppin_party,CiRCLING,,,,,,,no_stem,,,
391,poppin_party,二重の虹(ダブル レインボウ),,,,,,,no_stem,,,
392,poppin_party,最高(さあ行こう)！,,,,,,,no_stem,,,
393,poppin_party,ガールズコード,,,,,,,no_stem,,,
394,poppin_party,Yes! BanG_Dream! ～Popipa Acoustic Ver.～,,,,,,,no_stem,,,
395,poppin_party,夏空 SUN! SUN! SEVEN! ～Popipa Acoustic Ver.～,,,,,,,no_stem,,,
396,poppin_party,STAR BEAT!～ホシノコドウ～ ～Popipa Acoustic Ver.～,,,,,,,no_stem,,,
397,poppin_party,Breakthrough!,,,,,,,no_stem,,,
398,poppin_party,NO GIRL NO CRY/Poppin'Party Ver.,,,,,,,no_stem,,,
399,poppin_party,イニシャル,,,,,,,no_stem,,,
400,poppin_party,Hello! Wink!,,,,,,,no_stem,,,
401,poppin_party,Step×Step!,,,,,,,no_stem,,,
402,poppin_party,Jumpin',,,,,,,no_stem,,,
403,poppin_party,White Afternoon,,,,,,,no_stem,,,
404,poppin_party,キラキラスター！,,,,,,,no_stem,,,
405,poppin_party,Returns,,,,,,,no_stem,,,
406,poppin_party,Dreamers Go!,,,,,,,no_stem,,,
407,poppin_party,キズナミュージック♪,,,,,,,no_stem,,,
408,poppin_party,ミライトレイン,,,,,,,no_stem,,,
409,poppin_party,夢を撃ち抜く瞬間に！,,,,,,,no_stem,,,
410,poppin_party,ぽっぴん'しゃっふる,,,,,,,no_stem,,,
411,poppin_party,夏空 SUN! SUN! SEVEN!,,,,,,,no_stem,,,
412,poppin_party,1000回潤んだ空,,,,,,,no_stem,,,
413,poppin_party,HAPPY HAPPY PARTY!,,,,,,,no_stem,,,
414,poppin_party,夏のドーン！,,,,,,,no_stem,,,
415,poppin_party,キミにもらったもの,,,,,,,no_stem,,,
416,poppin_party,Light Delight,,,,,,,no_stem,,,
417,poppin_party,切ないSandglass,,,,,,,no_stem,,,
418,poppin_party,Home Street,,,,,,,no_stem,,,
419,poppin_party,What's the POPIPA!?,,,,,,,no_stem,,,
420,poppin_party,SAKURA MEMORIES,,,,,,,no_stem,,,
421,poppin_party,アニバーサリー,,,,,,,no_stem,,,
422,poppin_party,Tomorrow's Door,,,,,,,no_stem,,,
423,poppin_party,イントロダクション,,,,,,,no_stem,,,
424,poppin_party,TARINAI,,,,,,,no_stem,,,
425,poppin_party,DOKI DOKI SCARY,,,,,,,no_stem,,,
426,poppin_party,Photograph,,,,,,,no_stem,,,
427,poppin_party,夏に閉じこめて,,,,,,,no_stem,,,
428,poppin_party,ぽっぴん'どりーむ！,,,,,,,no_stem,,,
429,poppin_party,星の約束,,,,,,,no_stem,,,
430,poppin_party,新しい季節に,,,,,,,no_stem,,,
431,poppin_party,トレモロアイズ,,,,,,,no_stem,,,
432,poppin_party,雨上がり、キミと,,,,,,,no_stem,,,
433,poppin_party,花咲く未来に,,,,,,,no_stem,,,
434,poppin_party,Live Beyond!!,,,,,,,no_stem,,,
435,poppin_party,Sweets BAN!,,,,,,,no_stem,,,
436,poppin_party,キミが始まる！,,,,,,,no_stem,,,
437,poppin_party,Moonlight Walk,,,,,,,no_stem,,,
438,poppin_party,ここから先は歌にならない,,,,,,,no_stem,,,
439,poppin_party,青春 To Be Continued,,,,,,,no_stem,,,
440,poppin_party,Future Place,,,,,,,no_stem,,,
441,poppin_party,大好き！,,,,,,,no_stem,,,
442,poppin_party,Five Letters,,,,,,,no_stem,,,
443,poppin_party,最強☆ソング,,,,,,,no_stem,,,
444,poppin_party,RiNG A BELL,,,,,,,no_stem,,,
445,poppin_party,Drive Your Heart,,,,,,,no_stem,,,
446,poppin_party,とっておきAnswer,,,,,,,no_stem,,,
447,poppin_party,START!! True dreams,,,,,,,no_stem,,,
448,poppin_party,どきどきデエト,,,,,,,no_stem,,,
449,poppin_party,チョコレイトの低音レシピ,,,,,,,no_stem,,,
450,poppin_party,Chu Chueen!,,,,,,,no_stem,,,
451,poppin_party,どきどきSING OUT!,,,,,,,no_stem,,,
452,poppin_party,Freedom,,,,,,,no_stem,,,
453,poppin_party,Game Changer,,,,,,,no_stem,,,
454,poppin_party,花園電気ギター！！！,,,,,,,no_stem,,,
455,poppin_party,す、好きなんかじゃない！,,,,,,,no_stem,,,
456,poppin_party,遠い音楽 ～ハートビート～,,,,,,,no_stem,,,
457,poppin_party,ほな！,,,,,,,no_stem,,,
458,poppin_party,世界中の青空をあつめて,,,,,,,no_stem,,,
459,poppin_party,勇気Limit！,,,,,,,no_stem,,,
460,poppin_party,開けたらDream!,,,,,,,no_stem,,,
461,poppin_party,絆色のアンサンブル,,,,,,,no_stem,,,
462,poppin_party,NO GIRL NO CRY (Poppin'Party Ver.),,,,,,,no_stem,,,
463,poppin_party,ちゅ、多様性。 (Cover),,,,,,,no_stem,,,
464,poppin_party,フィクション (Cover),,,,,,,no_stem,,,
465,poppin_party,幾億光年 (Cover),,,,,,,no_stem,,,
466,poppin_party,心絵 (Cover),,,,,,,no_stem,,,
467,poppin_party,じょいふる (Cover),,,,,,,no_stem,,,
468,poppin_party,MATSURI BAYASHI (Cover),,,,,,,no_stem,,,
469,poppin_party,私は最強 (Cover),,,,,,,no_stem,,,
470,poppin_party,トウキョウ・シャンディ・ランデヴ (Cover),,,,,,,no_stem,,,
471,poppin_party,夜行性ハイズ (Cover),,,,,,,no_stem,,,
472,poppin_party,メランコリック (Cover),,,,,,,no_stem,,,
473,poppin_party,怪獣の花唄 (Cover),,,,,,,no_stem,,,
474,poppin_party,光るなら (Cover),,,,,,,no_stem,,,
475,poppin_party,ミュージック・アワー (Cover),,,,,,,no_stem,,,
476,poppin_party,only my railgun (Cover),,,,,,,no_stem,,,
477,poppin_party,ロミオとシンデレラ (Cover),,,,,,,no_stem,,,
478,poppin_party,Daydream café (Cover),,,,,,,no_stem,,,
479,poppin_party,君じゃなきゃダメみたい (Cover),,,,,,,no_stem,,,
480,poppin_party,＊〜アスタリスク〜 (Cover),,,,,,,no_stem,,,
481,poppin_party,DAYS of DASH (Cover),,,,,,,no_stem,,,
482,poppin_party,檄！帝国華撃団 (Cover),,,,,,,no_stem,,,
483,poppin_party,DAYS (Cover),,,,,,,no_stem,,,
484,poppin_party,ディスカバリー！ (Cover),,,,,,,no_stem,,,
485,poppin_party,チェリボム (Cover),,,,,,,no_stem,,,
486,poppin_party,ヴァンパイア (Cover),,,,,,,no_stem,,,
487,poppin_party,怪物 (Cover),,,,,,,no_stem,,,
488,poppin_party,大河よ共に泣いてくれ (Cover),,,,,,,no_stem,,,
489,poppin_party,空色デイズ (Cover),,,,,,,no_stem,,,
490,raise_a_suilen,Invincible Fighter,250.86666666666667,0.07244735956192017,0.008549382910132408,0.23987868428230286,0.09284181892871857,500,,,,
491,raise_a_suilen,A DECLARATION OF ×××,315.76666666666665,0.056521035730838776,0.0038171689957380295,0.22021634876728058,0.08992978185415268,630,,,,
492,raise_a_suilen,SOUL SOLDIER,239.93333333333334,0.05338360741734505,0.007153193932026625,0.19222138822078705,0.08005532622337341,478,,,,
493,raise_a_suilen,UNSTOPPABLE,,,,,,,no_stem,,,
494,raise_a_suilen,HELL! or HELL?,,,,,,,no_stem,,,
495,raise_a_suilen,Beautiful Birthday,,,,,,,no_stem,,,
496,raise_a_suilen,Takin’ my Heart,,,,,,,no_stem,,,
497,raise_a_suilen,DRIVE US CRAZY,,,,,,,no_stem,,,
498,raise_a_suilen,!NVADE SHOW!,,,,,,,no_stem,,,
499,raise_a_suilen,REIGNING,,,,,,,no_stem,,,
500,raise_a_suilen,EXPOSE ‘Burn out!!!’,,,,,,,no_stem,,,
501,raise_a_suilen,R・I・O・T,,,,,,,no_stem,,,
502,raise_a_suilen,V.I.P MONSTER,,,,,,,no_stem,,,
503,raise_a_suilen,mind of Prominence,,,,,,,no_stem,,,
504,raise_a_suilen,Ray of hope,,,,,,,no_stem,,,
505,raise_a_suilen,EXIST,,,,,,,no_stem,,,
506,raise_a_suilen,Sacred world,,,,,,,no_stem,,,
507,raise_a_suilen,-N-E-M-E-S-I-S-,,,,,,,no_stem,,,
508,raise_a_suilen,DANCING DARING,,,,,,,no_stem,,,
509,raise_a_suilen,BATTLE CRY,,,,,,,no_stem,,,
510,raise_a_suilen,Domination to world,,,,,,,no_stem,,,
511,raise_a_suilen,THE WAY OF LIFE,,,,,,,no_stem,,,
512,raise_a_suilen,灼熱 Bonfire!,,,,,,,no_stem,,,
513,raise_a_suilen,Repaint,,,,,,,no_stem,,,
514,raise_a_suilen,Life on the Lotus,,,,,,,no_stem,,,
515,raise_a_suilen,CORUSCATE -DNA-,,,,,,,no_stem,,,
516,raise_a_suilen,That Is How I Roll!,,,,,,,no_stem,,,
517,raise_a_suilen,しゅわりん☆どり～みん,,,,,,,no_stem,,,
518,raise_a_suilen,パスパレボリューションず☆,,,,,,,no_stem,,,
519,raise_a_suilen,えがおのオーケストラっ！,,,,,,,no_stem,,,
520,raise_a_suilen,Don't be afraid!,,,,,,,no_stem,,,
521,raise_a_suilen,ゆら・ゆらRing-Dong-Dance,,,,,,,no_stem,,,
522,raise_a_suilen,Hey-day狂騒曲(カプリチオ),,,,,,,no_stem,,,
523,raise_a_suilen,Scarlet Sky,,,,,,,no_stem,,,
524,raise_a_suilen,ゴーカ！ごーかい！？ファントムシーフ！,,,,,,,no_stem,,,
526,raise_a_suilen,That Is How I Roll! (ライブ / アンコール),,,,,,,no_stem,,,
527,raise_a_suilen,R･I･O･T (ライブ / アンコール),,,,,,,no_stem,,,
528,raise_a_suilen,Apocalypse,,,,,,,no_stem,,,
529,raise_a_suilen,TWIN TALE,,,,,,,no_stem,,,
530,raise_a_suilen,STRAY CERBERUS,,,,,,,no_stem,,,
531,raise_a_suilen,BERSER-KEY,,,,,,,no_stem,,,
532,raise_a_suilen,POLARIS,,,,,,,no_stem,,,
533,raise_a_suilen,HOWLING AMBITION,,,,,,,no_stem,,,
534,raise_a_suilen,VIVID FIRST TIME,,,,,,,no_stem,,,
535,raise_a_suilen,'FIGHT' ADDICT,,,,,,,no_stem,,,
536,raise_a_suilen,Drown Out the Noise and Push Through the Trash,,,,,,,no_stem,,,
537,raise_a_suilen,FIVE as ONE,,,,,,,no_stem,,,
538,raise_a_suilen,EXPOSE 'Burn out!!!' (English),,,,,,,no_stem,,,
539,raise_a_suilen,Takin' my Heart (English),,,,,,,no_stem,,,
540,raise_a_suilen,WELCOME TO PANDEMONIUM,,,,,,,no_stem,,,
541,raise_a_suilen,WHAT AN EXPLOSION,,,,,,,no_stem,,,
542,raise_a_suilen,RUNAWAY STAR,,,,,,,no_stem,,,
543,raise_a_suilen,Bad Kids All Bet,,,,,,,no_stem,,,
544,raise_a_suilen,Light a fire,,,,,,,no_stem,,,
545,raise_a_suilen,Embrace of light,,,,,,,no_stem,,,
546,raise_a_suilen,OUTSIDER RODEO,,,,,,,no_stem,,,
547,raise_a_suilen,JUST THE WAY I AM,,,,,,,no_stem,,,
548,raise_a_suilen,ラスハピーポー！,,,,,,,no_stem,,,
549,raise_a_suilen,1/3の純情な感情 (Cover),,,,,,,no_stem,,,
550,raise_a_suilen,ヒトリノ夜 (Cover),,,,,,,no_stem,,,
551,raise_a_suilen,激動 (Cover),,,,,,,no_stem,,,
552,raise_a_suilen,メギツネ (Cover),,,,,,,no_stem,,,
553,raise_a_suilen,Bling-Bang-Bang-Born (Cover),,,,,,,no_stem,,,
554,raise_a_suilen,第六感 (Cover),,,,,,,no_stem,,,
555,raise_a_suilen,革命道中 (Cover),,,,,,,no_stem,,,
556,raise_a_suilen,Get Wild (Cover),,,,,,,no_stem,,,
557,raise_a_suilen,ボッカデラべリタ (Cover),,,,,,,no_stem,,,
558,raise_a_suilen,第ゼロ感 (Cover),,,,,,,no_stem,,,
559,raise_a_suilen,劣等上等 (Cover),,,,,,,no_stem,,,
560,raise_a_suilen,Just Awake (Cover),,,,,,,no_stem,,,
561,raise_a_suilen,Keep the Heat and Fire Yourself Up (Cover),,,,,,,no_stem,,,
562,raise_a_suilen,ボッカデラベリタ (Cover),,,,,,,no_stem,,,
563,raise_a_suilen,VORACITY (Cover),,,,,,,no_stem,,,
564,raise_a_suilen,神っぽいな (Cover),,,,,,,no_stem,,,
565,raise_a_suilen,狂乱 Hey Kids!! (Cover),,,,,,,no_stem,,,
566,raise_a_suilen,SAVIOR OF SONG (Cover),,,,,,,no_stem,,,
567,raise_a_suilen,恋しさとせつなさと心強さと (Cover),,,,,,,no_stem,,,
568,raise_a_suilen,DEPARTURES (Cover),,,,,,,no_stem,,,
569,raise_a_suilen,CORE PRIDE (Cover),,,,,,,no_stem,,,
570,roselia,Neo-Aspect,307.2903401360544,0.0609670989215374,0.008236551657319069,0.2177313268184662,0.08810402452945709,613,,,,
571,roselia,BLACK SHOUT,247.05102040816325,0.07391903549432755,0.011055750772356987,0.19859297573566437,0.08108549565076828,493,,,,
572,roselia,Opera of the wasteland,284.8,0.047775525599718094,0.00786222331225872,0.19294582307338715,0.08476109057664871,568,,,,
573,roselia,陽だまりロードナイト,,,,,,,no_stem,,,
574,roselia,ONENESS,,,,,,,no_stem,,,
575,roselia,Re:birth day,,,,,,,no_stem,,,
576,roselia,Legendary,,,,,,,no_stem,,,
577,roselia,- HEROIC ADVENT -,,,,,,,no_stem,,,
578,roselia,Determination Symphony,,,,,,,no_stem,,,
579,roselia,熱色スターマイン,,,,,,,no_stem,,,
580,roselia,軌跡,,,,,,,no_stem,,,
581,roselia,LOUDER,,,,,,,no_stem,,,
582,roselia,R,,,,,,,no_stem,,,
583,roselia,BRAVE JEWEL,,,,,,,no_stem,,,
584,roselia,FIRE BIRD,,,,,,,no_stem,,,
585,roselia,Safe and Sound,,,,,,,no_stem,,,
586,roselia,Avant-garde HISTORY,,,,,,,no_stem,,,
587,roselia,Break your desire,,,,,,,no_stem,,,
589,roselia,約束,,,,,,,no_stem,,,
590,roselia,"""UNIONS"" Road",,,,,,,no_stem,,,
591,roselia,Song I am.,,,,,,,no_stem,,,
592,roselia,Sage der Rosen,,,,,,,no_stem,,,
593,roselia,覚悟のLiberation,,,,,,,no_stem,,,
594,roselia,Keep Heart,,,,,,,no_stem,,,
595,roselia,Original Call,,,,,,,no_stem,,,
596,roselia,Always recall.,,,,,,,no_stem,,,
597,roselia,Floral Haven,,,,,,,no_stem,,,
598,roselia,Sprechchor,,,,,,,no_stem,,,
599,roselia,閃光,,,,,,,no_stem,,,
600,roselia,THE HISTORIC...,,,,,,,no_stem,,,
601,roselia,ROZEN HORIZON,,,,,,,no_stem,,,
602,roselia,廻廻奇譚,,,,,,,no_stem,,,
603,roselia,鳥の詩,,,,,,,no_stem,,,
604,roselia,Synchrogazer,,,,,,,no_stem,,,
605,roselia,名前のない怪物,,,,,,,no_stem,,,
606,roselia,Dazzle the Destiny,,,,,,,no_stem,,,
607,roselia,Grateful Melting,,,,,,,no_stem,,,
608,roselia,Second to None,,,,,,,no_stem,,,
609,roselia,Steadfast Spirits,,,,,,,no_stem,,,
610,roselia,紫炎,,,,,,,no_stem,,,
611,roselia,XV,,,,,,,no_stem,,,
612,roselia,Blessing Chord,,,,,,,no_stem,,,
613,roselia,Fear Nothing,,,,,,,no_stem,,,
614,roselia,PASSIONATE ANTHEM,,,,,,,no_stem,,,
615,roselia,Requiem for Fate,,,,,,,no_stem,,,
616,roselia,Sanctuary,,,,,,,no_stem,,,
617,roselia,Sunlit Musical,,,,,,,no_stem,,,
618,roselia,Talk to My Tone,,,,,,,no_stem,,,
619,roselia,一逢のFull Glory,,,,,,,no_stem,,,
620,roselia,礎の花冠,,,,,,,no_stem,,,
621,roselia,FRONTIER FANTASIA,,,,,,,no_stem,,,
622,roselia,Dear Gleam,,,,,,,no_stem,,,
623,roselia,Call the shots,,,,,,,no_stem,,,
624,roselia,THRONE OF ROSE,,,,,,,no_stem,,,
625,roselia,VIOLET LINE,,,,,,,no_stem,,,
626,roselia,Ringing Bloom,,,,,,,no_stem,,,
627,roselia,ZEAL of proud,,,,,,,no_stem,,,
628,roselia,Singing “OURS”,,,,,,,no_stem,,,
629,roselia,競宴Red×Violet,,,,,,,no_stem,,,
630,roselia,overtuRe,,,,,,,no_stem,,,
631,roselia,Proud of oneself,,,,,,,no_stem,,,
632,roselia,Sing Alive,,,,,,,no_stem,,,
633,roselia,Swear ～Night & Day～,,,,,,,no_stem,,,
634,roselia,Reweave (Cover),,,,,,,no_stem,,,
635,roselia,ヒバナ -Reloaded- (Cover),,,,,,,no_stem,,,
636,roselia,ファタール (Cover),,,,,,,no_stem,,,
637,roselia,HONEY (Cover),,,,,,,no_stem,,,
638,roselia,悪魔の子 (Cover),,,,,,,no_stem,,,
639,roselia,slash (Cover),,,,,,,no_stem,,,
640,roselia,右肩の蝶 (Cover),,,,,,,no_stem,,,
641,roselia,乙女解剖 (Cover),,,,,,,no_stem,,,
642,roselia,六兆年と一夜物語 (Cover),,,,,,,no_stem,,,
643,roselia,残酷な天使のテーゼ (Cover),,,,,,,no_stem,,,
644,roselia,海色 (Cover),,,,,,,no_stem,,,
645,roselia,ETERNAL BLAZE (Cover),,,,,,,no_stem,,,
646,roselia,魂のルフラン (Cover),,,,,,,no_stem,,,
647,roselia,This game (Cover),,,,,,,no_stem,,,
648,roselia,スカイクラッドの観測者 (Cover),,,,,,,no_stem,,,
649,roselia,シャルル (Cover),,,,,,,no_stem,,,
650,roselia,新時代 (Cover),,,,,,,no_stem,,,
651,roselia,革命デュアリズム (Cover),,,,,,,no_stem,,,
652,roselia,Red fraction (Cover),,,,,,,no_stem,,,
653,roselia,深愛 (Cover),,,,,,,no_stem,,,
654,roselia,Paradisus‐Paradoxum (Cover),,,,,,,no_stem,,,
655,roselia,Realize (Cover),,,,,,,no_stem,,,
656,roselia,Preserved Roses (Cover),,,,,,,no_stem,,,
657,roselia,My Dearest (Cover),,,,,,,no_stem,,,
658,roselia,Shangri-La (Cover),,,,,,,no_stem,,,
659,roselia,KING (Cover),,,,,,,no_stem,,,
660,mygo,素寄曲,,,,,,,no_stem,,,
661,mygo,羅永線,,,,,,,no_stem,,,
662,mygo,騒混出,,,,,,,no_stem,,,
