idx,band,song,duration_sec,key_ks,mode_ks,key_ks_confidence,modulation_flag,key_essentia,mode_essentia,key_mismatch,mode_only_mismatch,error
5,afterglow,Hey-day狂騒曲(カプリチオ),233.7,A,minor,0.229,False,D,minor,True,False,
0,afterglow,ON YOUR MARK,241.63,A,major,0.474,True,D,major,True,False,
6,afterglow,"Easy come, Easy go!",243.4,D,major,0.843,False,D,major,False,False,
7,afterglow,Sasanqua,236.8,C#,major,0.838,False,C#,major,False,False,
2,afterglow,SENSENFUKOKU,246.53,F,major,0.438,True,D,minor,False,False,
4,afterglow,ツナグ、ソラモヨウ,248.93,E,major,0.919,False,E,major,False,False,
1,afterglow,That Is How I Roll!,239.6,D,major,0.381,True,D,major,False,False,
3,afterglow,I knew it!,291.3,A,major,0.552,True,A,major,False,False,
8,afterglow,RED RED RED,224.37,C#,major,0.576,True,C#,major,False,False,
14,afterglow,SWITCH ON NOW,207.33,G#,minor,0.447,True,Ab,minor,True,False,
11,afterglow,Scarlet Sky,229.0,A,major,0.966,False,A,major,False,False,
13,afterglow,いつも通りのBrand new days,237.33,C#,major,0.356,True,F#,minor,True,False,
12,afterglow,Off we go.,251.83,C,major,0.609,False,C,major,False,False,
9,afterglow,ONE OF US,282.3,G,minor,0.895,False,F,major,True,False,
10,afterglow,Y.O.L.O!!!!!,270.93,F,major,0.505,False,F,major,False,False,
15,afterglow,ランブリングメモリー,325.03,E,major,1.0,False,E,major,False,False,
17,afterglow,Trouble Joyful!!,237.93,D,major,0.418,True,D,minor,False,True,
18,afterglow,Jamboree!Journey!,259.8,F#,major,0.65,True,F#,major,False,False,
21,afterglow,極彩色,238.6,D,major,0.258,False,G,major,True,False,
16,afterglow,COMIC PANIC!!!,280.5,F,major,0.918,False,F,major,False,False,
22,afterglow,サクラゼンセン,249.33,F#,minor,0.643,False,A,major,False,False,
20,afterglow,独創収差,276.3,F#,major,0.277,False,Eb,minor,True,False,
19,afterglow,カナユメ,307.47,D,major,0.778,False,D,major,False,False,
23,afterglow,True color,253.33,B,minor,0.425,False,G,major,True,False,
28,afterglow,トーキョーワンダー。,153.77,C,major,0.444,True,F,major,True,False,
25,afterglow,カサブタ,196.67,A,major,0.571,False,A,major,False,False,
29,afterglow,Reach Out To The Truth,171.47,B,minor,0.455,True,D,major,False,False,
27,afterglow,Northern lights,209.1,A,minor,0.889,False,A,minor,False,False,
24,afterglow,Crow Song,244.2,D#,major,0.408,False,Eb,major,True,False,
26,afterglow,アイのシナリオ,259.83,D,major,0.764,False,D,major,False,False,
30,afterglow,Listen!!,227.47,A,major,0.562,True,A,minor,False,True,
32,afterglow,イマジネーション,177.97,G#,major,0.349,True,Ab,minor,True,False,
34,afterglow,燦々,194.9,E,major,0.804,False,E,major,False,False,
31,afterglow,青い栞,336.8,B,major,0.686,False,B,major,False,False,
33,afterglow,Butter-Fly,250.2,G#,major,0.458,False,Ab,major,True,False,
37,afterglow,ペトリコール・オベーション,219.13,F,major,0.511,True,F,major,False,False,
35,afterglow,That's why I'm here.,261.87,B,major,0.536,True,Ab,major,True,False,
36,afterglow,IGNITE GLOW,267.37,E,minor,0.656,False,C,major,True,False,
38,afterglow,Made My Day,243.97,F,major,0.843,False,F,major,False,False,
39,afterglow,Glowing After,254.49,F#,minor,0.388,True,B,major,True,False,
40,afterglow,A Sunset So Bright,231.11,E,minor,0.334,True,A,minor,True,False,
42,afterglow,“Say cheese!!!!!”,261.07,A,major,0.412,True,A,major,False,False,
46,afterglow,メンタルチェンソー (Cover),177.4,D,minor,0.481,False,C,minor,True,False,
41,afterglow,Start as Usual,276.27,D,major,0.556,True,G,major,True,False,
44,afterglow,READY STEADY GO (Cover),221.33,E,major,0.66,True,A,major,True,False,
43,afterglow,花笑みのデュオ,250.31,G,major,0.542,False,G,major,False,False,
45,afterglow,abnormalize (Cover),219.03,F,major,0.628,True,F,major,False,False,
47,afterglow,Bunny Girl (Cover),217.23,G#,minor,0.596,False,A,major,True,False,
48,afterglow,オレンジ (Cover),235.6,G,major,0.813,False,G,major,False,False,
53,afterglow,チルドレンレコード (Re:boot) (Cover),189.71,A#,major,0.243,False,C,minor,True,False,
54,afterglow,青のすみか (Cover),197.4,F#,major,0.545,False,F#,major,False,False,
52,afterglow,CHAINSAW BLOOD (Cover),203.12,A,minor,0.699,False,A,minor,False,False,
50,afterglow,DAY×DAY (Cover),219.07,G,major,0.384,False,C,major,True,False,
49,afterglow,カゲロウデイズ (Cover),233.71,G,minor,0.359,True,F,major,True,False,
51,afterglow,ロキ (Cover),230.03,E,minor,0.636,True,E,minor,False,False,
56,afterglow,天ノ弱 (Cover),187.77,C#,major,0.489,False,C#,major,False,False,
55,afterglow,GO!!! (Cover),239.67,F,major,0.937,False,F,major,False,False,
57,afterglow,アスノヨゾラ哨戒班 (Cover),192.03,A,major,0.718,True,A,major,False,False,
62,afterglow,インフェルノ (Cover),214.17,A,major,0.641,True,A,major,False,False,
58,afterglow,瞬間センチメンタル (Cover),230.93,A,major,0.401,True,F#,minor,False,False,
59,afterglow,プライド革命 (Cover),238.53,E,major,1.0,False,E,major,False,False,
61,afterglow,Redo (Cover),261.57,C,minor,0.559,False,C,minor,False,False,
60,afterglow,命に嫌われている。 (Cover),274.1,C,major,0.921,False,C,major,False,False,
65,afterglow,午夜の待ち合わせ (Cover),171.53,G#,major,0.41,True,C#,minor,True,False,
69,afterglow,Part of the Life,88.66,B,major,0.458,True,B,major,False,False,
64,afterglow,COLORS (Cover),218.8,C#,major,0.699,False,Bb,minor,True,False,
63,afterglow,ドラマツルギー (Cover),238.6,F#,minor,0.58,True,F#,minor,False,False,
66,afterglow,サムライハート（Some Like It Hot!!） (Cover),190.63,G,major,0.879,False,G,major,False,False,
67,afterglow,ベノム (Cover),198.5,F,minor,0.466,True,F,minor,False,False,
70,afterglow,Punchline Halloween!!!,234.17,C,major,0.489,True,C,minor,False,True,
68,afterglow,Don't say “lazy” (Cover),275.67,E,major,0.388,True,E,minor,False,True,
72,ave_mujica,KiLLKiSS,208.77,E,minor,0.889,False,E,minor,False,False,
74,ave_mujica,Imprisoned XII,192.17,C,major,0.437,True,C,major,False,False,
73,ave_mujica,"Georgette Me, Georgette You",234.68,C#,minor,0.358,True,C#,minor,False,False,
71,afterglow,I love your way！,263.7,F#,minor,0.462,False,D,major,True,False,
76,ave_mujica,八芒星ダンス,231.55,C#,major,0.467,True,C#,minor,False,True,
75,ave_mujica,Crucifix X,299.0,D,minor,0.231,False,D,minor,False,False,
77,ave_mujica,顔,242.17,F#,minor,0.558,True,B,minor,True,False,
78,ave_mujica,天球のMúsica,280.33,F,major,0.544,False,F,major,False,False,
79,ave_mujica,黒のバースデイ,234.26,D#,minor,0.783,False,Eb,minor,True,False,
82,ave_mujica,神さま、バカ,223.98,D,minor,0.621,False,F,major,False,False,
80,ave_mujica,ふたつの月 ~Deep Into The Forest~,304.92,E,minor,0.877,False,E,minor,False,False,
81,ave_mujica,Choir ‘S’ Choir,288.14,G,minor,0.927,False,G,minor,False,False,
83,ave_mujica,Mas?uerade Rhapsody Re?uest,249.79,G#,minor,0.428,False,C#,minor,True,False,
84,ave_mujica,Ave Mujica,277.99,G,minor,0.465,True,G,minor,False,False,
86,ave_mujica,Symbol II : Air,212.81,F#,minor,0.423,True,B,minor,True,False,
87,ave_mujica,Symbol III : ▽,256.93,G,major,0.584,True,G,major,False,False,
85,ave_mujica,Symbol I : △,312.18,F#,minor,0.587,False,B,minor,True,False,
88,ave_mujica,Symbol IV : Earth,239.14,D#,major,0.484,True,C,minor,True,False,
91,ave_mujica,in your blue eyes,222.77,D,minor,0.342,False,D,minor,False,False,
90,ave_mujica,The Whole Blue World,257.3,C#,major,0.356,True,C#,major,False,False,
89,ave_mujica,Ether,285.69,G#,minor,0.239,False,E,major,True,False,
92,ave_mujica,素晴らしき世界 でも どこにもない場所,269.5,C,major,0.31,True,C,minor,False,True,
95,ave_mujica,Sophie,197.01,B,minor,0.74,False,B,minor,False,False,
93,ave_mujica,Angles,275.08,B,major,0.334,True,Ab,minor,True,False,
96,ave_mujica,‘S/’ The Way,227.45,E,minor,0.505,False,E,minor,False,False,
94,ave_mujica,DIVINE,257.63,F,major,0.415,True,G,major,True,False,
98,ave_mujica,堕天 (Cover),183.79,F#,minor,0.201,False,Ab,minor,True,False,
97,ave_mujica,碧い瞳の中に,223.96,D,minor,0.344,False,D,minor,False,False,
103,various_artists,"Be shine, shining!",96.33,E,major,0.586,True,E,major,False,False,
99,ave_mujica,KINGS (Cover),317.63,B,major,0.288,False,Ab,minor,True,False,
102,various_artists,Glee! Glee! Glee!,211.83,G,major,0.723,False,G,major,False,False,
101,various_artists,Don't be afraid!,238.8,A#,minor,0.258,False,Eb,minor,True,False,
100,ave_mujica,暗黒天国 (Cover),265.32,F,minor,0.403,True,Bb,minor,True,False,
104,various_artists,"Here, the world",263.24,G#,major,0.682,True,Ab,major,True,False,
106,hello_happy_world,キミがいなくちゃっ！,243.77,D,major,0.874,False,D,major,False,False,
105,various_artists,CiRCLE THANKS MUSiC♪,313.7,G,major,0.878,False,G,major,False,False,
107,hello_happy_world,ハイファイブ∞あどべんちゃっ,272.43,D#,major,0.832,False,Eb,major,True,False,
110,hello_happy_world,YAPPY! SCHOOL CARNIVAL☆彡,235.2,B,major,0.284,True,E,major,True,False,
108,hello_happy_world,スマイルブーケで た〜まや〜！,271.97,G,major,0.252,False,C#,minor,True,False,
109,hello_happy_world,えがお･シング･あ･ソング,249.2,E,major,0.571,True,E,major,False,False,
111,hello_happy_world,にこ×にこ=ハイパースマイルパワー！,233.3,F#,minor,0.412,True,F#,minor,False,False,
113,hello_happy_world,ゴーカ！ごーかい！？ファントムシーフ！,219.84,G#,minor,0.652,False,Ab,minor,True,False,
112,hello_happy_world,ないすみちゅっ！,257.2,G#,major,0.237,False,Eb,minor,True,False,
114,hello_happy_world,うぃーきゃん☆フレフレっ！,239.64,D,major,0.381,True,A,major,True,False,
115,hello_happy_world,えがおのオーケストラっ！,230.2,A#,major,0.9,False,Bb,major,True,False,
118,hello_happy_world,せかいのっびのびトレジャー！,212.7,D,major,0.469,False,D,major,False,False,
119,hello_happy_world,きらっ☆と キミフェス！,231.07,G#,minor,0.933,False,Ab,minor,True,False,
116,hello_happy_world,にこにこねくと！,250.64,D,major,0.878,False,D,major,False,False,
117,hello_happy_world,ふぁいぶスマイル◯オールインっ！,246.3,A,major,0.374,True,A,major,False,False,
120,hello_happy_world,うちゃパ！で ぱっぴかポーんっ！,217.77,C,major,0.965,False,C,major,False,False,
121,hello_happy_world,はれやか すこやか ぴかりんりん♪,256.37,C,major,0.673,False,C,major,False,False,
122,hello_happy_world,ふわふわ☆ゆめいろサンドイッチ,292.0,F,major,0.857,False,F,major,False,False,
123,hello_happy_world,Happy! Happier! Happiest!,242.9,F,major,0.473,False,F,major,False,False,
124,hello_happy_world,現るっ！大怪盗ハロハッピー！,224.1,A,minor,0.69,False,A,minor,False,False,
125,hello_happy_world,わちゃ・もちゃ・ぺったん行進曲,233.2,D#,major,0.686,False,Eb,major,True,False,
127,hello_happy_world,おもいやりハーモニー,231.5,F#,major,0.434,False,F#,major,False,False,
126,hello_happy_world,おもいでイルミネーション,252.7,A#,major,0.426,False,Bb,major,True,False,
128,hello_happy_world,ハピネスっ！ハピィーマジカルっ♪,210.6,A,major,0.798,False,A,major,False,False,
129,hello_happy_world,えがお、あーゆーれでぃ???,226.3,D,major,0.528,True,D,major,False,False,
132,hello_happy_world,ハッピー☆マテリアル,225.03,C#,major,0.372,True,Eb,minor,True,False,
133,hello_happy_world,太陽曰く燃えよカオス,239.2,A,minor,0.484,True,C,major,False,False,
130,hello_happy_world,ハッピーサマーウェディング,284.67,C,major,0.24,False,D,minor,True,False,
135,hello_happy_world,コレカラ,214.93,A,major,0.502,True,A,major,False,False,
134,hello_happy_world,エクストラ・マジック・アワー,255.3,D#,major,0.523,False,Eb,major,True,False,
131,hello_happy_world,ひまわりの約束,307.3,D,major,0.531,True,D,major,False,False,
136,hello_happy_world,全力少年,241.8,G,major,0.59,True,G,major,False,False,
137,hello_happy_world,オレンジ,278.4,F,major,0.983,False,F,major,False,False,
139,hello_happy_world,ン・パカマーチ,156.0,D,major,0.799,False,D,major,False,False,
138,hello_happy_world,Happy Girl,238.13,D,major,0.679,False,D,major,False,False,
140,hello_happy_world,サンバロハッピ〜！,216.5,C,major,0.357,True,F,major,True,False,
141,hello_happy_world,ボクらの夏's☆ショーたいむっ！！,206.8,D,minor,0.298,True,F,major,False,False,
142,hello_happy_world,むすんでわらって,241.97,C,major,0.473,True,F,major,True,False,
143,hello_happy_world,キミを れっつ・はぶ・ふぁん♪,235.0,E,major,0.488,True,E,major,False,False,
144,hello_happy_world,らいふ・いず・みゅーじかるっ♪♪♪,237.7,A,major,0.482,True,A,major,False,False,
146,hello_happy_world,やっほー！いっぽ！わんだふぉー！,212.33,G#,major,0.469,True,Ab,major,True,False,
145,hello_happy_world,れっつ・スマイル・すとり〜みんぐっ♪,227.63,F#,major,0.327,False,F#,major,False,False,
147,hello_happy_world,とーくとぅみー・とーくとぅゆー,208.57,G,minor,0.629,True,C,minor,True,False,
152,hello_happy_world,上海ハニー (Cover),178.23,D,major,0.393,True,A,minor,True,False,
149,hello_happy_world,Listen to Smile!,244.17,G,major,0.466,True,G,major,False,False,
148,hello_happy_world,ハイタッチ／＼びりーばーず☆,254.37,C,major,0.507,False,C,major,False,False,
150,hello_happy_world,スマイリーキャロル,247.07,F,major,0.215,False,C,major,True,False,
151,hello_happy_world,えがお、み〜っけた！,270.2,G,major,0.635,False,G,major,False,False,
153,hello_happy_world,シル・ヴ・プレジデント (Cover),193.5,G#,major,0.399,True,Ab,major,True,False,
155,hello_happy_world,はいよろこんで (Cover),160.23,C#,minor,1.0,False,C#,minor,False,False,
157,hello_happy_world,強風オールバック (Cover),135.1,G,major,0.798,False,E,minor,False,False,
154,hello_happy_world,ヒャダインのじょーじょーゆーじょー (Cover),251.1,D,minor,0.366,True,C,major,True,False,
156,hello_happy_world,シカ色デイズ (Cover),202.17,D,major,0.377,True,G,major,True,False,
159,hello_happy_world,許婚っきゅん (Cover),177.47,B,minor,0.481,True,B,minor,False,False,
158,hello_happy_world,最高到達点 (Cover),226.67,F,major,0.764,False,F,major,False,False,
161,hello_happy_world,ドレミファロンド (Cover),200.63,D#,major,0.849,False,Eb,major,True,False,
160,hello_happy_world,新宝島 (Cover),251.2,D,major,0.64,False,D,major,False,False,
164,hello_happy_world,エイリアンエイリアン (Cover),183.13,C#,minor,0.421,False,C#,minor,False,False,
162,hello_happy_world,きゅうくらりん (Cover),214.83,D,minor,0.646,False,C,major,True,False,
165,hello_happy_world,いーあるふぁんくらぶ (Cover),239.67,D,minor,0.476,False,D,minor,False,False,
166,hello_happy_world,回レ！雪月花 (Cover),234.83,C,minor,0.87,False,C,minor,False,False,
163,hello_happy_world,ロメオ (Cover),320.2,G#,major,0.451,True,Ab,major,True,False,
167,hello_happy_world,恋愛裁判 (Cover),223.13,E,major,0.346,True,E,major,False,False,
171,hello_happy_world,ようこそジャパリパークへ (Cover),206.23,F,major,0.373,True,F,major,False,False,
169,hello_happy_world,GO! GO! MANIAC (Cover),249.1,B,minor,0.459,False,B,major,False,True,
170,hello_happy_world,Dragon Night (Cover),228.73,D#,major,0.698,True,Eb,major,True,False,
168,hello_happy_world,TOMORROW (Cover),274.9,F,major,0.638,True,F,major,False,False,
173,hello_happy_world,おジャ魔女カーニバル!! (Cover),217.37,C,minor,0.421,True,C,minor,False,False,
172,hello_happy_world,ウィーアー！ (Cover),241.13,G,major,0.684,False,G,major,False,False,
174,hello_happy_world,ダーリンダンス (Cover),207.63,F#,minor,0.554,True,E,major,True,False,
175,hello_happy_world,ノーポイッ！ (Cover),242.97,B,major,0.378,False,E,major,True,False,
179,millsage,起死開戦,195.32,E,major,0.235,False,E,major,False,False,
178,ikka_dumb_rock,ホーミー・タイッ！！,215.43,D,minor,0.355,True,D,minor,False,False,
177,hello_happy_world,シルエット (Cover),241.03,G,minor,0.462,True,Eb,major,True,False,
176,hello_happy_world,SHINY DAYS (Cover),262.6,F#,major,0.595,False,F#,major,False,False,
181,morfonica,メランコリックララバイ,216.07,G,minor,0.537,True,F,minor,True,False,
182,morfonica,flame of hope,252.94,A,minor,0.97,False,A,minor,False,False,
184,morfonica,カラフルリバティー,218.83,G#,minor,0.581,True,E,major,True,False,
183,morfonica,ブルームブルーム,276.9,D,major,0.329,False,F#,minor,True,False,
180,morfonica,Daylight -デイライト-,357.29,G,minor,0.446,False,G,minor,False,False,
185,morfonica,fly with the night,240.67,A,major,0.538,False,A,major,False,False,
186,morfonica,金色へのプレリュード,271.23,B,minor,0.421,True,C,major,True,False,
187,morfonica,The Circle Of Butterflies,258.77,B,major,0.793,False,B,major,False,False,
188,morfonica,ハーモニー・デイ,219.17,D#,major,0.698,False,Eb,major,True,False,
189,morfonica,Sweet Cheers!,224.33,G,major,0.525,True,G,major,False,False,
190,morfonica,"寄る辺のSunny, Sunny",215.97,A,minor,0.535,True,F,major,True,False,
191,morfonica,誓いのWingbeat,255.0,A,minor,0.97,False,A,minor,False,False,
192,morfonica,Ever Sky Blue,241.13,A#,minor,0.443,True,Ab,minor,True,False,
193,morfonica,Polyphonyscape,251.43,F#,major,0.787,False,F#,major,False,False,
195,morfonica,Merry Merry Thanks!!,257.73,B,major,0.445,False,E,major,True,False,
194,morfonica,Wreath of Brave,263.23,B,major,0.549,False,B,major,False,False,
197,morfonica,両翼のBrilliance,239.8,A,minor,0.983,False,D,minor,True,False,
196,morfonica,Sonorous,313.27,G,major,0.733,False,G,major,False,False,
198,morfonica,Steer to Utopia,216.27,G#,minor,0.608,True,B,major,False,False,
200,morfonica,ティリカモニカリラ,204.07,B,minor,0.625,False,B,minor,False,False,
201,morfonica,Secret Dawn,238.44,A#,major,0.418,False,Bb,major,True,False,
199,morfonica,Fateful...,286.83,G,major,0.496,True,B,minor,True,False,
202,morfonica,Angel's Ladder,253.4,A#,major,0.545,True,Bb,major,True,False,
203,morfonica,One step at a time,263.74,E,major,0.769,False,E,major,False,False,
204,morfonica,Tempest,252.2,A,minor,0.456,False,E,minor,True,False,
205,morfonica,フレージング ミラージュ,263.63,E,minor,0.375,True,E,minor,False,False,
206,morfonica,MUGEN Reverberate!,230.33,B,minor,0.732,False,B,minor,False,False,
208,morfonica,esora no clover,193.87,A,minor,0.561,False,D,minor,True,False,
207,morfonica,わたしまちがいさがし,273.01,E,minor,0.447,False,A,minor,True,False,
209,morfonica,きょうもMerry go rounD,238.04,F#,minor,0.353,False,F#,minor,False,False,
210,morfonica,Feathered Dreams,226.37,E,major,0.337,True,A,minor,True,False,
212,morfonica,ビューティ・フォー,189.33,B,minor,0.649,False,D,major,False,False,
213,morfonica,胡蝶翔る星月夜,204.67,A,major,0.862,False,A,major,False,False,
211,morfonica,Portray Empathy,253.3,G,major,0.454,True,G,major,False,False,
214,morfonica,Color of Us,233.73,G#,major,0.522,True,Ab,major,True,False,
216,morfonica,Shining Leaves,217.97,A,major,0.455,True,D,major,True,False,
215,morfonica,Resonant Strings,240.38,A,minor,0.887,False,A,minor,False,False,
219,morfonica,QUEEN (Cover),145.77,G,minor,0.787,False,G,minor,False,False,
218,morfonica,蒼穹へのトレイル,219.17,G,minor,0.523,True,G,minor,False,False,
217,morfonica,音がえしのセレナーデ,301.77,D,major,0.403,False,G,major,True,False,
220,morfonica,again (Cover),250.8,A,minor,0.427,False,E,minor,True,False,
222,morfonica,メロウ (Cover),249.2,G#,major,0.449,False,Ab,major,True,False,
223,morfonica,祝福 (Cover),194.27,A,minor,0.48,False,A,minor,False,False,
221,morfonica,輪舞-revolution (Cover),273.5,A,minor,0.81,False,D,minor,True,False,
224,morfonica,Overdose (Cover),194.03,A,minor,0.8,False,A,minor,False,False,
227,morfonica,ALIVE (Cover),216.03,G#,minor,0.678,True,B,major,False,False,
225,morfonica,かくれんぼ (Cover),298.7,A#,minor,0.436,False,B,major,True,False,
226,morfonica,chAngE (Cover),249.57,B,minor,0.306,False,D,minor,True,False,
228,morfonica,Nameless Story (Cover),243.03,A,minor,0.968,False,A,minor,False,False,
232,morfonica,COLORFUL BOX (Cover),238.4,A,minor,0.549,True,F,major,True,False,
229,morfonica,青空のラプソディ (Cover),277.37,A,minor,0.876,False,F,major,True,False,
231,morfonica,メリッサ (Cover),256.83,F,major,0.208,False,C,minor,True,False,
230,morfonica,Nevereverland (Cover),287.4,A,minor,0.636,False,A,minor,False,False,
235,morfonica,V.I.P (Cover),193.5,A,minor,0.321,False,F,minor,True,False,
233,morfonica,unravel (Cover),237.4,G#,major,0.81,False,Ab,major,True,False,
236,morfonica,CQCQ (Cover),221.77,G#,minor,0.965,False,B,minor,True,False,
234,morfonica,アゲハ蝶 (Cover),280.67,A,minor,0.435,False,D,minor,True,False,
237,mugendai_mutype,アイの夢限,200.5,A,major,0.537,False,A,major,False,False,
238,mugendai_mutype,どんがらがっしゃん,196.53,E,minor,0.351,False,A,minor,True,False,
240,mugendai_mutype,チューニング,196.02,C#,major,0.609,False,C#,major,False,False,
239,mugendai_mutype,みゅーたんとミュータント,220.27,D,major,0.339,False,G,major,True,False,
242,mugendai_mutype,グラディエント,201.02,G,major,0.769,False,G,major,False,False,
241,mugendai_mutype,Dream Voyage,262.32,E,minor,0.376,False,C,major,True,False,
243,mugendai_mutype,LET'Sあちあちトレーニング！,206.5,C#,minor,0.329,True,C#,major,False,True,
244,mugendai_mutype,真夜中遊園地,230.0,D,minor,0.469,True,F,major,False,False,
248,mugendai_mutype,コミュ着火Fire!,185.02,C,minor,0.251,False,F,minor,True,False,
246,mugendai_mutype,TRASH LIFE,213.02,A#,major,0.757,False,Bb,major,True,False,
245,mugendai_mutype,テレパシー,254.0,A,major,0.454,True,A,minor,False,True,
247,mugendai_mutype,新人類は仮想世界の夢を見るか?,234.02,E,minor,0.935,False,G,major,False,False,
249,mugendai_mutype,Calling,182.22,D,minor,0.802,False,D,minor,False,False,
250,mugendai_mutype,Hi-Vision,180.5,C#,minor,0.255,False,F#,minor,True,False,
252,mugendai_mutype,✞animaるパーティ✞開催中✞,177.02,D,minor,0.431,True,D,major,False,True,
251,mugendai_mutype,コハク,220.02,D,major,0.731,False,D,major,False,False,
253,mugendai_mutype,エンプティパペット,186.02,D,minor,0.749,False,D,minor,False,False,
254,mugendai_mutype,限界現実サバイブ天使,196.02,A,major,0.508,False,D,major,True,False,
255,mugendai_mutype,ビッグマウス,173.02,D#,minor,0.487,True,Ab,minor,True,False,
256,mugendai_mutype,夢現妄想世界,212.19,G#,minor,0.494,False,A,minor,True,False,
257,mugendai_mutype,やわやわNERD 超FreQuency,187.6,F#,minor,0.47,True,F#,minor,False,False,
258,mugendai_mutype,超惑星Xへの旅,173.63,F#,minor,1.0,False,F#,minor,False,False,
260,mygo,迷星叫,211.37,G#,major,0.651,False,Ab,major,True,False,
261,mygo,壱雫空,189.59,C#,major,0.365,True,F#,major,True,False,
259,mugendai_mutype,これはぼくたちの生存のあらすじ,234.77,G#,major,0.391,False,Ab,major,True,False,
262,mygo,碧天伴走,218.87,C#,major,0.616,False,C#,major,False,False,
263,mygo,影色舞,209.45,A#,minor,0.582,True,Bb,minor,True,False,
264,mygo,歌いましょう鳴らしましょう,176.49,E,minor,0.57,True,A,minor,True,False,
265,mygo,潜在表明,262.12,B,minor,0.392,True,B,minor,False,False,
266,mygo,音一会,282.01,F,minor,0.434,False,Ab,major,True,False,
268,mygo,詩超絆,237.2,C,major,0.713,False,F,major,True,False,
269,mygo,迷路日々,215.45,E,minor,0.394,True,D,major,True,False,
267,mygo,春日影 (MyGO!!!!! ver.),256.61,B,major,0.643,False,B,major,False,False,
270,mygo,無路矢,222.93,B,minor,0.588,True,E,minor,True,False,
271,mygo,名無声,271.65,F#,major,0.589,True,F#,major,False,False,
272,mygo,栞,266.41,D,major,0.77,False,D,major,False,False,
273,mygo,歩拾道,260.28,E,minor,0.973,False,G,major,False,False,
274,mygo,明弦音,243.92,B,major,0.308,False,E,minor,True,False,
275,mygo,孤壊牢,215.57,E,minor,0.716,False,E,minor,False,False,
276,mygo,霧周途,222.17,D,minor,0.832,False,F,major,False,False,
278,mygo,処救生,217.49,F,minor,0.49,False,C#,major,True,False,
279,mygo,輪符雨,207.57,F,minor,0.256,False,F,minor,False,False,
277,mygo,端程山,260.97,C#,minor,0.736,False,E,major,False,False,
280,mygo,夜隠染,200.97,A#,major,0.732,False,Bb,major,True,False,
281,mygo,過惰幻,237.61,A#,major,0.939,False,Bb,major,True,False,
283,mygo,砂寸奏,223.6,C#,minor,0.794,False,A,major,True,False,
282,mygo,回層浮,261.24,C#,major,0.471,False,Ab,minor,True,False,
287,mygo,証命讃歌,192.2,A,minor,0.638,False,F,major,True,False,
284,mygo,焚音打,242.92,C#,minor,0.473,True,A,major,True,False,
285,mygo,残痕字,255.07,E,major,0.477,False,E,major,False,False,
286,mygo,掌心正銘,221.47,E,major,0.625,False,E,major,False,False,
288,mygo,エガクミライ,239.41,G#,major,0.635,True,Ab,major,True,False,
294,mygo,雑踏、僕らの街 (Cover),188.23,E,minor,0.854,False,E,minor,False,False,
290,mygo,聿日箋秋,236.36,A,major,0.61,False,D,major,True,False,
289,mygo,静降想,278.19,A#,major,0.683,False,Bb,major,True,False,
292,mygo,だれかの心臓になれたなら (Cover),236.37,G#,major,0.39,True,F,minor,True,False,
293,mygo,遥か彼方 (Cover),249.23,A,major,0.643,True,A,major,False,False,
295,mygo,過去を喰らう (Cover),240.48,D#,major,0.538,True,Eb,major,True,False,
291,mygo,往欄印,298.15,D#,major,0.589,True,Eb,major,True,False,
296,mygo,君の神様になりたい。 (Cover),249.33,D,major,0.398,False,D,major,False,False,
300,mygo,春日影,123.01,B,major,0.746,False,B,major,False,False,
297,mygo,ノンブレス・オブリージュ (Cover),207.25,C,major,0.745,False,C,major,False,False,
298,mygo,swim (Cover),209.55,E,major,0.691,False,E,major,False,False,
299,mygo,猛独が襲う (Cover),254.32,B,major,0.716,False,E,major,True,False,
302,pastel_palettes,ワクワクmeetsトリップ,247.3,G,major,0.799,False,E,minor,False,False,
301,pastel_palettes,TITLE IDOL,268.37,A#,major,0.456,True,Bb,major,True,False,
303,pastel_palettes,ゆら・ゆらRing-Dong-Dance,265.14,G,major,0.28,True,C,major,True,False,
304,pastel_palettes,もういちど ルミナス,260.04,A,major,0.59,False,D,major,True,False,
305,pastel_palettes,あっつあつ 常夏 らぶ☆サマー！,246.87,F,major,0.431,True,F,major,False,False,
306,pastel_palettes,天下トーイツ A to Z☆,218.57,E,major,0.315,False,E,major,False,False,
307,pastel_palettes,しゅわりん☆どり〜みん,236.37,G#,major,0.513,False,Ab,major,True,False,
308,pastel_palettes,Power of LOVE!!!,231.7,E,minor,0.533,False,G,major,False,False,
309,pastel_palettes,きゅ～まい＊flower,220.6,F#,major,0.339,True,F#,major,False,False,
312,pastel_palettes,はなまる◎アンダンテ,226.47,G,minor,0.708,False,Eb,major,True,False,
310,pastel_palettes,Winking☆Cheer,310.07,C,major,0.73,False,C,major,False,False,
313,pastel_palettes,パスパレボリューションず☆,231.33,F#,major,0.499,True,F#,minor,False,True,
311,pastel_palettes,ゆめゆめグラデーション,284.73,E,major,0.906,False,E,major,False,False,
314,pastel_palettes,SURVIVOR ねばーぎぶあっぷ!,248.63,F#,minor,0.736,True,D,major,True,False,
315,pastel_palettes,Wonderland Girl,271.03,F#,major,0.449,True,F#,minor,False,True,
316,pastel_palettes,ゼッタイ宣言～Recital～,241.53,A#,minor,0.348,False,C#,major,False,False,
317,pastel_palettes,ぎゅっDAYS♪,251.63,F,major,0.726,False,F,major,False,False,
319,pastel_palettes,るんっ♪てぃてぃー！,229.27,D,major,0.397,True,D,major,False,False,
318,pastel_palettes,Wonderful Sweet!,247.4,E,major,0.492,False,E,major,False,False,
320,pastel_palettes,パッパレ☆人生！バーン万歳！,239.53,C,minor,0.651,False,C,minor,False,False,
321,pastel_palettes,Brand new Pastel Road!,255.5,A#,major,0.404,True,Bb,major,True,False,
322,pastel_palettes,あこがれacross,234.57,A,major,0.391,True,A,major,False,False,
323,pastel_palettes,ハレハレ☆フォーチュン,270.47,E,minor,0.309,True,B,minor,True,False,
325,pastel_palettes,そばかす,250.57,G,major,0.916,False,G,major,False,False,
324,pastel_palettes,ハナヒバナ,274.2,G,major,0.972,False,C,major,True,False,
328,pastel_palettes,ラムのラブソング,162.4,E,minor,0.432,True,G,major,False,False,
329,pastel_palettes,DANCE! おジャ魔女,196.5,A,minor,0.624,True,C,major,False,False,
327,pastel_palettes,ドリームパレード,234.7,D,major,0.674,False,D,major,False,False,
326,pastel_palettes,気まぐれロマンティック,243.77,A,major,0.503,True,D,major,True,False,
330,pastel_palettes,DISCOTHEQUE,243.27,A,minor,0.402,True,A,minor,False,False,
331,pastel_palettes,ゆりゆららららゆるゆり大事件,229.27,D#,major,0.57,False,Eb,major,True,False,
332,pastel_palettes,SAKURAスキップ,228.83,F,major,0.664,False,F,major,False,False,
334,pastel_palettes,秘密の扉から会いにきて,218.6,F,major,0.581,True,F,major,False,False,
333,pastel_palettes,Stay Alive,263.97,G#,major,0.779,False,Ab,major,True,False,
337,pastel_palettes,Radiate Warriors,240.33,C#,minor,0.855,False,C#,minor,False,False,
335,pastel_palettes,トリドリ＊パレット,252.23,E,major,0.487,False,E,minor,False,True,
336,pastel_palettes,ドラマチック！アライブ,259.53,C,minor,0.675,False,C,minor,False,False,
338,pastel_palettes,ReReReエボリューションず☆,214.47,E,major,0.826,False,E,major,False,False,
339,pastel_palettes,everyday flower,240.3,A,major,0.62,False,A,major,False,False,
340,pastel_palettes,With〜きみとわたしたちの物語〜,245.87,E,major,0.564,False,E,major,False,False,
341,pastel_palettes,フレっとパレットFight Song!!,241.97,G,major,0.821,False,G,major,False,False,
342,pastel_palettes,デイオフ・ラフ・ラブ・サンクス,243.7,C,major,0.44,True,C,major,False,False,
346,pastel_palettes,Sparkling Daydream (Cover),249.23,G,major,0.357,False,G,major,False,False,
343,pastel_palettes,ホワイト ノスタルジア,283.83,F,major,0.297,False,C,major,True,False,
344,pastel_palettes,Y.O.L.O！！！！！(パスパレver.),268.87,G,minor,0.686,False,F,major,True,False,
345,pastel_palettes,奏（かなで） (Cover),294.37,E,major,0.465,False,E,minor,False,True,
347,pastel_palettes,春を告げる (Cover),198.93,F#,major,0.62,False,F#,major,False,False,
348,pastel_palettes,だから、ひとりじゃない (Cover),230.13,D#,major,0.699,False,Eb,major,True,False,
349,pastel_palettes,サインはB (Cover),215.4,F#,major,0.462,True,F#,major,False,False,
350,pastel_palettes,愛包ダンスホール (Cover),222.8,C#,minor,0.412,True,C#,minor,False,False,
351,pastel_palettes,最上級にかわいいの！ (Cover),191.33,F,major,0.758,False,F,major,False,False,
357,pastel_palettes,みくみくにしてあげる♪【してやんよ】 (Cover),103.53,F,major,0.768,False,F,major,False,False,
354,pastel_palettes,魔法少女とチョコレゐト (Cover),187.96,E,major,0.448,False,A,major,True,False,
353,pastel_palettes,金曜日のおはよう (Cover),241.73,D#,major,0.968,False,Eb,major,True,False,
355,pastel_palettes,可愛くてごめん (Cover),220.27,D,major,1.0,False,D,major,False,False,
352,pastel_palettes,♡桃色片想い♡ (Cover),257.57,F#,major,0.407,True,F#,major,False,False,
356,pastel_palettes,からくりピエロ (Cover),252.23,C,minor,0.274,False,C,minor,False,False,
358,pastel_palettes,ルカルカ★ナイトフィーバー (Cover),242.0,F,minor,0.947,False,F,minor,False,False,
359,pastel_palettes,アイドル (Cover),214.37,A,minor,0.569,True,A,minor,False,False,
361,pastel_palettes,ふわふわ時間 (Cover),245.23,E,major,0.878,False,E,major,False,False,
362,pastel_palettes,Fantastic future (Cover),246.9,A#,minor,0.492,True,F#,major,True,False,
363,pastel_palettes,Baby Sweet Berry Love (Cover),244.23,E,major,0.66,False,A,major,True,False,
360,pastel_palettes,secret base ～君がくれたもの～ (Cover),322.0,F#,major,0.635,True,F#,major,False,False,
365,pastel_palettes,ヒトリゴト (Cover),235.27,F,major,0.325,True,C,minor,True,False,
366,pastel_palettes,惑星ループ (Cover),206.77,F,minor,0.857,False,Eb,major,True,False,
364,pastel_palettes,Q＆A　リサイタル！ (Cover),291.2,D,major,0.579,True,G,major,True,False,
367,pastel_palettes,世界は恋に落ちている (Cover),313.2,D,major,0.683,True,G,major,True,False,
368,pastel_palettes,ハッピーシンセサイザ (Cover),238.0,F,major,0.679,True,F,major,False,False,
369,pastel_palettes,春擬き (Cover),269.03,D,major,0.629,False,D,major,False,False,
370,pastel_palettes,Make it! (Cover),252.4,E,major,0.605,True,E,major,False,False,
371,pastel_palettes,花ハ踊レヤいろはにほ (Cover),251.1,C,minor,0.457,True,C,minor,False,False,
372,pastel_palettes,夜に駆ける (Cover),262.6,G,minor,0.723,False,C,minor,True,False,
373,pastel_palettes,徒花ネクロマンシー (Cover),242.7,C,major,0.567,False,C,major,False,False,
374,pastel_palettes,ノスタルジックレインフォール (Cover),237.03,G,major,0.968,False,G,major,False,False,
378,poppin_party,ティアドロップス,217.13,B,minor,0.491,True,E,minor,True,False,
375,poppin_party,Yes! BanG_Dream!,309.97,B,major,0.484,True,B,major,False,False,
377,poppin_party,走り始めたばかりのキミに,260.97,C,major,0.383,False,A,minor,False,False,
379,poppin_party,ときめきエクスペリエンス！,257.67,G,major,0.326,False,E,minor,False,False,
376,poppin_party,STAR BEAT!～ホシノコドウ～,320.73,G,major,1.0,False,G,major,False,False,
381,poppin_party,私の心はチョココロネ,252.9,D,major,0.332,True,D,major,False,False,
380,poppin_party,キラキラだとか夢だとか ～Sing Girls～,305.9,D,major,0.775,False,D,major,False,False,
382,poppin_party,前へススメ！,309.47,B,minor,0.246,False,G,minor,True,False,
384,poppin_party,ティアドロップス ～Popipa Acoustic Ver.～,232.73,B,minor,0.935,False,E,minor,True,False,
383,poppin_party,夢みるSunflower,279.9,A,major,0.218,False,E,minor,True,False,
386,poppin_party,Time Lapse,249.0,E,minor,0.49,False,E,minor,False,False,
385,poppin_party,走り始めたばかりのキミに ～Popipa Acoustic Ver.～,296.17,B,minor,0.67,False,C,major,True,False,
387,poppin_party,八月のif,275.73,A,major,0.89,False,A,major,False,False,
389,poppin_party,B.O.F,218.9,F#,major,0.244,False,F#,minor,False,True,
388,poppin_party,クリスマスのうた,277.37,A,major,0.836,False,A,major,False,False,
390,poppin_party,CiRCLING,261.33,F#,major,0.588,True,F#,major,False,False,
391,poppin_party,二重の虹(ダブル レインボウ),246.23,F,major,0.656,False,F,major,False,False,
392,poppin_party,最高(さあ行こう)！,228.87,E,major,0.302,False,E,minor,False,True,
394,poppin_party,Yes! BanG_Dream! ～Popipa Acoustic Ver.～,308.4,B,major,1.0,False,B,major,False,False,
397,poppin_party,Breakthrough!,275.8,C,major,0.445,False,F,major,True,False,
395,poppin_party,夏空 SUN! SUN! SEVEN! ～Popipa Acoustic Ver.～,299.93,B,minor,0.657,True,C,minor,True,False,
393,poppin_party,ガールズコード,325.23,E,major,0.632,False,E,major,False,False,
396,poppin_party,STAR BEAT!～ホシノコドウ～ ～Popipa Acoustic Ver.～,327.73,G,major,0.559,True,G,major,False,False,
398,poppin_party,NO GIRL NO CRY/Poppin'Party Ver.,312.8,D,major,0.902,False,D,major,False,False,
399,poppin_party,イニシャル,295.24,C,major,0.336,True,A,minor,False,False,
400,poppin_party,Hello! Wink!,281.93,D,minor,0.624,False,D,minor,False,False,
401,poppin_party,Step×Step!,249.0,G#,major,0.847,False,Ab,major,True,False,
402,poppin_party,Jumpin',247.87,G#,major,0.846,False,Ab,major,True,False,
404,poppin_party,キラキラスター！,275.97,F#,major,0.388,True,F#,minor,False,True,
403,poppin_party,White Afternoon,299.97,C,major,0.621,False,C,major,False,False,
405,poppin_party,Returns,323.17,C,major,0.554,False,C,major,False,False,
406,poppin_party,Dreamers Go!,258.0,E,major,0.296,True,E,major,False,False,
407,poppin_party,キズナミュージック♪,315.4,A,major,0.375,False,A,major,False,False,
408,poppin_party,ミライトレイン,355.67,D,major,0.914,False,D,major,False,False,
409,poppin_party,夢を撃ち抜く瞬間に！,280.57,C,major,0.918,False,C,major,False,False,
410,poppin_party,ぽっぴん'しゃっふる,278.18,A,major,0.426,True,A,major,False,False,
411,poppin_party,夏空 SUN! SUN! SEVEN!,271.17,A#,major,0.225,False,Bb,major,True,False,
414,poppin_party,夏のドーン！,221.35,E,minor,0.521,False,B,minor,True,False,
413,poppin_party,HAPPY HAPPY PARTY!,282.46,G,major,0.461,True,E,minor,False,False,
412,poppin_party,1000回潤んだ空,330.77,F,major,0.229,False,F,major,False,False,
415,poppin_party,キミにもらったもの,235.43,F,major,0.87,False,F,major,False,False,
417,poppin_party,切ないSandglass,246.47,F#,minor,0.313,False,A,major,False,False,
418,poppin_party,Home Street,228.0,E,major,0.706,False,E,major,False,False,
416,poppin_party,Light Delight,308.83,E,major,0.443,True,E,major,False,False,
420,poppin_party,SAKURA MEMORIES,254.6,G,major,0.656,True,C,major,True,False,
419,poppin_party,What's the POPIPA!?,278.67,D,major,0.601,False,E,minor,True,False,
422,poppin_party,Tomorrow's Door,247.6,B,major,0.645,False,B,major,False,False,
421,poppin_party,アニバーサリー,273.83,F,major,0.665,False,F,major,False,False,
423,poppin_party,イントロダクション,221.4,F#,minor,0.347,True,F#,minor,False,False,
424,poppin_party,TARINAI,219.63,F#,minor,0.547,False,F#,minor,False,False,
425,poppin_party,DOKI DOKI SCARY,240.36,B,minor,0.778,False,B,minor,False,False,
426,poppin_party,Photograph,258.07,G#,major,0.881,False,Ab,major,True,False,
427,poppin_party,夏に閉じこめて,261.64,D,major,0.941,False,D,major,False,False,
430,poppin_party,新しい季節に,211.8,G,major,1.0,False,G,major,False,False,
429,poppin_party,星の約束,245.13,E,minor,0.282,False,G,major,False,False,
428,poppin_party,ぽっぴん'どりーむ！,269.77,D,major,0.45,True,G,major,True,False,
431,poppin_party,トレモロアイズ,241.4,D,major,0.916,False,D,major,False,False,
432,poppin_party,雨上がり、キミと,265.91,F,major,0.776,False,F,major,False,False,
433,poppin_party,花咲く未来に,276.13,B,major,0.278,False,E,minor,True,False,
436,poppin_party,キミが始まる！,218.23,F,major,0.336,False,F,major,False,False,
437,poppin_party,Moonlight Walk,226.57,F,minor,0.562,False,F,minor,False,False,
435,poppin_party,Sweets BAN!,255.87,G#,major,0.268,False,F,minor,True,False,
439,poppin_party,青春 To Be Continued,256.37,C,major,0.416,True,C,major,False,False,
434,poppin_party,Live Beyond!!,314.6,F,major,0.639,False,F,major,False,False,
438,poppin_party,ここから先は歌にならない,277.6,F#,major,0.356,False,F#,major,False,False,
440,poppin_party,Future Place,232.97,D,major,0.967,False,D,major,False,False,
441,poppin_party,大好き！,247.47,A,major,0.385,False,A,minor,False,True,
442,poppin_party,Five Letters,249.23,G#,major,0.949,False,Ab,major,True,False,
446,poppin_party,とっておきAnswer,196.8,C,major,0.74,True,C,major,False,False,
444,poppin_party,RiNG A BELL,261.07,B,major,0.294,False,E,major,True,False,
443,poppin_party,最強☆ソング,255.13,A,major,0.596,True,D,major,True,False,
447,poppin_party,START!! True dreams,242.88,F,major,0.504,True,F,major,False,False,
445,poppin_party,Drive Your Heart,268.87,G,major,0.914,False,G,major,False,False,
448,poppin_party,どきどきデエト,217.33,F,major,0.666,False,F,major,False,False,
450,poppin_party,Chu Chueen!,229.9,G,minor,0.732,False,G,minor,False,False,
449,poppin_party,チョコレイトの低音レシピ,271.02,F,major,0.477,True,F,major,False,False,
453,poppin_party,Game Changer,195.77,E,minor,0.391,True,E,minor,False,False,
454,poppin_party,花園電気ギター！！！,199.06,G,minor,0.387,False,C,minor,True,False,
451,poppin_party,どきどきSING OUT!,248.18,G,major,0.785,False,G,major,False,False,
452,poppin_party,Freedom,264.57,A#,major,0.375,True,Bb,major,True,False,
455,poppin_party,す、好きなんかじゃない！,236.94,A,major,0.449,False,A,major,False,False,
456,poppin_party,遠い音楽 ～ハートビート～,243.16,G,major,0.724,False,C,major,True,False,
457,poppin_party,ほな！,227.2,E,major,0.471,False,E,major,False,False,
458,poppin_party,世界中の青空をあつめて,230.4,A,major,0.465,True,A,major,False,False,
459,poppin_party,勇気Limit！,222.64,G,minor,0.242,False,Eb,major,True,False,
463,poppin_party,ちゅ、多様性。 (Cover),188.09,B,major,0.57,True,B,major,False,False,
460,poppin_party,開けたらDream!,309.03,F,minor,0.459,True,F,major,False,True,
461,poppin_party,絆色のアンサンブル,312.1,A#,major,0.343,False,C,minor,True,False,
464,poppin_party,フィクション (Cover),232.0,D,major,0.492,True,G,major,True,False,
462,poppin_party,NO GIRL NO CRY (Poppin'Party Ver.),312.8,D,major,0.902,False,D,major,False,False,
467,poppin_party,じょいふる (Cover),194.6,E,minor,0.961,False,G,major,False,False,
466,poppin_party,心絵 (Cover),256.67,B,major,0.792,False,B,major,False,False,
465,poppin_party,幾億光年 (Cover),275.4,G#,major,0.638,False,Ab,major,True,False,
468,poppin_party,MATSURI BAYASHI (Cover),231.13,G,minor,0.801,False,G,minor,False,False,
470,poppin_party,トウキョウ・シャンディ・ランデヴ (Cover),186.87,F#,minor,0.375,False,F#,minor,False,False,
471,poppin_party,夜行性ハイズ (Cover),226.0,A#,minor,0.371,True,F#,major,True,False,
469,poppin_party,私は最強 (Cover),257.93,E,major,0.496,True,E,major,False,False,
472,poppin_party,メランコリック (Cover),220.97,D,minor,0.452,False,F,major,False,False,
473,poppin_party,怪獣の花唄 (Cover),223.1,D,major,0.689,True,D,major,False,False,
474,poppin_party,光るなら (Cover),253.77,F#,minor,0.546,True,A,major,False,False,
476,poppin_party,only my railgun (Cover),253.27,D#,minor,0.334,False,Ab,minor,True,False,
475,poppin_party,ミュージック・アワー (Cover),280.83,A#,major,0.347,True,Bb,major,True,False,
477,poppin_party,ロミオとシンデレラ (Cover),280.33,F#,major,0.544,False,F#,major,False,False,
478,poppin_party,Daydream café (Cover),229.03,F,minor,0.537,True,C,minor,True,False,
479,poppin_party,君じゃなきゃダメみたい (Cover),239.73,D,minor,0.507,False,F,minor,True,False,
480,poppin_party,＊〜アスタリスク〜 (Cover),252.67,G,major,0.365,True,C,major,True,False,
481,poppin_party,DAYS of DASH (Cover),253.67,F#,minor,0.698,False,A,major,False,False,
482,poppin_party,檄！帝国華撃団 (Cover),184.6,E,minor,0.419,False,G,major,False,False,
483,poppin_party,DAYS (Cover),235.1,G,minor,0.456,True,F,major,True,False,
486,poppin_party,ヴァンパイア (Cover),182.17,C#,major,0.451,True,C#,minor,False,True,
487,poppin_party,怪物 (Cover),206.57,G#,minor,0.559,False,Ab,minor,True,False,
485,poppin_party,チェリボム (Cover),246.4,F#,minor,0.375,True,F#,major,False,True,
484,poppin_party,ディスカバリー！ (Cover),278.23,C#,major,0.464,True,C#,major,False,False,
488,poppin_party,大河よ共に泣いてくれ (Cover),207.67,F,minor,0.409,False,F,minor,False,False,
489,poppin_party,空色デイズ (Cover),253.83,F#,minor,0.425,True,B,minor,True,False,
490,raise_a_suilen,Invincible Fighter,250.87,F,major,0.244,False,G,minor,True,False,
492,raise_a_suilen,SOUL SOLDIER,239.93,F#,minor,0.38,True,B,minor,True,False,
493,raise_a_suilen,UNSTOPPABLE,230.5,G,major,0.401,True,E,minor,False,False,
491,raise_a_suilen,A DECLARATION OF ×××,315.77,A#,minor,0.312,True,C#,minor,True,False,
495,raise_a_suilen,Beautiful Birthday,256.1,B,minor,0.703,False,B,minor,False,False,
494,raise_a_suilen,HELL! or HELL?,282.34,E,minor,0.759,False,E,minor,False,False,
496,raise_a_suilen,Takin’ my Heart,286.93,G,minor,0.425,False,G,minor,False,False,
497,raise_a_suilen,DRIVE US CRAZY,245.67,F,minor,0.342,False,Ab,major,True,False,
498,raise_a_suilen,!NVADE SHOW!,265.67,C#,major,0.345,False,C#,minor,False,True,
499,raise_a_suilen,REIGNING,249.4,F,major,0.796,False,F,major,False,False,
500,raise_a_suilen,EXPOSE ‘Burn out!!!’,283.74,C,minor,0.865,False,C,minor,False,False,
504,raise_a_suilen,Ray of hope,190.77,D,minor,0.525,False,D,minor,False,False,
502,raise_a_suilen,V.I.P MONSTER,241.9,D,minor,0.726,False,D,minor,False,False,
503,raise_a_suilen,mind of Prominence,266.23,A#,minor,0.46,False,Ab,major,True,False,
501,raise_a_suilen,R・I・O・T,301.5,G,minor,0.706,False,G,minor,False,False,
505,raise_a_suilen,EXIST,238.47,G,major,0.517,True,C,minor,True,False,
507,raise_a_suilen,-N-E-M-E-S-I-S-,267.8,F#,major,0.43,False,Eb,minor,True,False,
506,raise_a_suilen,Sacred world,300.83,F#,minor,0.429,True,B,major,True,False,
508,raise_a_suilen,DANCING DARING,215.07,A,minor,0.43,True,D,minor,True,False,
509,raise_a_suilen,BATTLE CRY,234.37,C,minor,0.478,True,C,major,False,True,
512,raise_a_suilen,灼熱 Bonfire!,224.8,C,minor,0.711,False,Ab,major,True,False,
511,raise_a_suilen,THE WAY OF LIFE,238.2,G,minor,0.905,False,G,minor,False,False,
510,raise_a_suilen,Domination to world,258.2,A,minor,0.467,True,D,minor,True,False,
513,raise_a_suilen,Repaint,234.6,C#,major,0.163,False,Eb,minor,True,False,
514,raise_a_suilen,Life on the Lotus,243.33,B,minor,0.472,False,B,minor,False,False,
520,raise_a_suilen,Don't be afraid!,143.9,A#,minor,0.322,True,Ab,major,True,False,
516,raise_a_suilen,That Is How I Roll!,265.87,B,minor,0.604,False,A,major,True,False,
515,raise_a_suilen,CORUSCATE -DNA-,287.43,G,minor,0.364,True,C,minor,True,False,
518,raise_a_suilen,パスパレボリューションず☆,231.72,F#,major,0.4,False,F#,minor,False,True,
517,raise_a_suilen,しゅわりん☆どり～みん,265.34,G#,major,0.511,True,Ab,major,True,False,
519,raise_a_suilen,えがおのオーケストラっ！,255.57,A#,major,0.774,False,Bb,major,True,False,
521,raise_a_suilen,ゆら・ゆらRing-Dong-Dance,294.87,D,minor,0.336,True,D,minor,False,False,
522,raise_a_suilen,Hey-day狂騒曲(カプリチオ),241.23,G,major,0.273,True,D,minor,True,False,
523,raise_a_suilen,Scarlet Sky,246.47,A,major,0.625,False,A,major,False,False,
524,raise_a_suilen,ゴーカ！ごーかい！？ファントムシーフ！,242.37,G#,minor,0.505,False,Ab,minor,True,False,
529,raise_a_suilen,TWIN TALE,217.51,G,major,0.526,True,E,minor,False,False,
528,raise_a_suilen,Apocalypse,252.6,D,minor,0.76,False,D,minor,False,False,
526,raise_a_suilen,That Is How I Roll! (ライブ / アンコール),283.0,B,minor,0.596,False,B,minor,False,False,
530,raise_a_suilen,STRAY CERBERUS,256.13,E,minor,0.316,True,E,minor,False,False,
527,raise_a_suilen,R･I･O･T (ライブ / アンコール),348.13,G,minor,0.699,False,G,minor,False,False,
531,raise_a_suilen,BERSER-KEY,230.97,F#,minor,0.967,False,F#,minor,False,False,
532,raise_a_suilen,POLARIS,271.63,G#,minor,0.421,True,B,major,False,False,
534,raise_a_suilen,VIVID FIRST TIME,229.97,B,major,0.837,False,C#,minor,True,False,
533,raise_a_suilen,HOWLING AMBITION,258.57,G,minor,0.822,False,G,minor,False,False,
535,raise_a_suilen,'FIGHT' ADDICT,231.6,B,major,0.7,False,C#,minor,True,False,
536,raise_a_suilen,Drown Out the Noise and Push Through the Trash,216.04,C#,major,0.394,True,C#,minor,False,True,
537,raise_a_suilen,FIVE as ONE,255.16,B,major,0.566,False,B,major,False,False,
538,raise_a_suilen,EXPOSE 'Burn out!!!' (English),283.73,C,minor,0.811,False,C,minor,False,False,
541,raise_a_suilen,WHAT AN EXPLOSION,190.9,A,minor,0.758,False,A,minor,False,False,
539,raise_a_suilen,Takin' my Heart (English),285.0,G,minor,0.266,True,G,minor,False,False,
540,raise_a_suilen,WELCOME TO PANDEMONIUM,254.83,F#,minor,0.881,False,F#,minor,False,False,
542,raise_a_suilen,RUNAWAY STAR,228.9,F#,minor,0.597,True,F#,minor,False,False,
543,raise_a_suilen,Bad Kids All Bet,228.2,B,minor,0.53,True,B,minor,False,False,
544,raise_a_suilen,Light a fire,269.0,B,major,0.686,False,B,major,False,False,
545,raise_a_suilen,Embrace of light,271.97,A,major,0.327,True,A,minor,False,True,
548,raise_a_suilen,ラスハピーポー！,200.37,D,major,0.768,False,D,major,False,False,
547,raise_a_suilen,JUST THE WAY I AM,258.7,D,minor,0.503,True,D,minor,False,False,
546,raise_a_suilen,OUTSIDER RODEO,269.07,G,major,0.514,True,E,minor,False,False,
549,raise_a_suilen,1/3の純情な感情 (Cover),222.9,F#,major,0.412,True,F#,major,False,False,
550,raise_a_suilen,ヒトリノ夜 (Cover),237.8,A#,minor,0.485,True,F#,major,True,False,
552,raise_a_suilen,メギツネ (Cover),250.83,F,minor,0.451,False,F,minor,False,False,
551,raise_a_suilen,激動 (Cover),333.6,B,minor,0.457,False,B,minor,False,False,
553,raise_a_suilen,Bling-Bang-Bang-Born (Cover),168.7,F,minor,0.633,False,F,minor,False,False,
554,raise_a_suilen,第六感 (Cover),193.27,E,minor,0.441,False,E,minor,False,False,
555,raise_a_suilen,革命道中 (Cover),198.17,B,minor,0.505,True,E,minor,True,False,
556,raise_a_suilen,Get Wild (Cover),199.63,F,major,0.426,True,F,minor,False,True,
557,raise_a_suilen,ボッカデラべリタ (Cover),201.84,D,major,0.577,True,D,minor,False,True,
558,raise_a_suilen,第ゼロ感 (Cover),288.77,G,minor,0.788,False,G,minor,False,False,
561,raise_a_suilen,Keep the Heat and Fire Yourself Up (Cover),205.84,A#,minor,0.411,False,Bb,minor,True,False,
559,raise_a_suilen,劣等上等 (Cover),237.07,F#,minor,0.259,True,C#,minor,True,False,
560,raise_a_suilen,Just Awake (Cover),222.97,D#,major,0.62,False,Ab,major,True,False,
562,raise_a_suilen,ボッカデラベリタ (Cover),202.0,D,major,0.585,True,D,minor,False,True,
563,raise_a_suilen,VORACITY (Cover),207.53,G#,minor,0.553,True,Ab,minor,True,False,
564,raise_a_suilen,神っぽいな (Cover),204.3,G,major,0.812,False,G,minor,False,True,
565,raise_a_suilen,狂乱 Hey Kids!! (Cover),249.9,G,minor,0.755,False,C,minor,True,False,
566,raise_a_suilen,SAVIOR OF SONG (Cover),249.2,A,minor,0.735,False,C,major,False,False,
567,raise_a_suilen,恋しさとせつなさと心強さと (Cover),250.73,F,major,0.359,False,D,minor,False,False,
569,raise_a_suilen,CORE PRIDE (Cover),257.23,D,minor,0.356,False,D,minor,False,False,
571,roselia,BLACK SHOUT,247.05,E,minor,0.754,False,E,minor,False,False,
570,roselia,Neo-Aspect,307.29,B,major,0.704,False,B,major,False,False,
568,raise_a_suilen,DEPARTURES (Cover),332.93,D,major,0.48,False,G,major,True,False,
572,roselia,Opera of the wasteland,284.8,F#,major,0.426,True,F#,minor,False,True,
573,roselia,陽だまりロードナイト,289.84,D,major,0.815,False,D,major,False,False,
574,roselia,ONENESS,239.23,F#,minor,0.548,False,F#,minor,False,False,
575,roselia,Re:birth day,268.73,D,major,0.457,False,G,major,True,False,
577,roselia,- HEROIC ADVENT -,222.1,D,major,0.381,True,G,major,True,False,
576,roselia,Legendary,291.98,A,minor,0.441,True,A,minor,False,False,
578,roselia,Determination Symphony,281.89,D,major,0.376,True,G,major,True,False,
579,roselia,熱色スターマイン,280.28,B,minor,0.245,False,E,minor,True,False,
581,roselia,LOUDER,216.22,D,major,0.501,False,D,major,False,False,
580,roselia,軌跡,312.53,A,major,0.487,True,A,major,False,False,
582,roselia,R,285.3,D,minor,0.905,False,D,minor,False,False,
583,roselia,BRAVE JEWEL,247.47,A,minor,0.399,False,A,minor,False,False,
585,roselia,Safe and Sound,258.53,G,major,0.385,True,C,major,True,False,
587,roselia,Break your desire,261.37,F,minor,0.353,True,C#,major,True,False,
584,roselia,FIRE BIRD,360.33,G,minor,0.664,False,G,minor,False,False,
586,roselia,Avant-garde HISTORY,306.8,F#,minor,0.666,False,F#,minor,False,False,
589,roselia,約束,304.6,E,minor,0.699,False,G,major,False,False,
590,roselia,"""UNIONS"" Road",309.27,F,major,0.467,False,F,major,False,False,
591,roselia,Song I am.,242.57,F,minor,0.37,True,F,major,False,True,
592,roselia,Sage der Rosen,244.97,D,minor,0.533,False,D,minor,False,False,
593,roselia,覚悟のLiberation,260.83,F,minor,0.53,False,C#,major,True,False,
594,roselia,Keep Heart,246.0,E,minor,0.532,True,G,major,False,False,
595,roselia,Original Call,225.33,D#,major,0.71,False,Eb,major,True,False,
596,roselia,Always recall.,252.33,E,minor,0.335,False,G,major,False,False,
599,roselia,閃光,218.6,C#,minor,0.734,False,E,major,False,False,
597,roselia,Floral Haven,281.93,B,major,0.403,False,B,major,False,False,
598,roselia,Sprechchor,310.0,E,minor,0.393,True,G,major,False,False,
600,roselia,THE HISTORIC...,271.3,E,minor,0.701,False,E,minor,False,False,
602,roselia,廻廻奇譚,221.24,C#,minor,0.417,False,E,major,False,False,
601,roselia,ROZEN HORIZON,366.57,E,minor,0.918,False,E,minor,False,False,
604,roselia,Synchrogazer,266.74,D#,minor,0.431,False,Bb,minor,True,False,
606,roselia,Dazzle the Destiny,241.17,A,major,0.348,False,F#,minor,False,False,
603,roselia,鳥の詩,356.8,F#,minor,0.299,True,B,minor,True,False,
607,roselia,Grateful Melting,217.27,C,major,0.596,False,C,major,False,False,
605,roselia,名前のない怪物,301.27,F,major,0.328,False,F,major,False,False,
609,roselia,Steadfast Spirits,224.89,E,minor,0.594,True,A,minor,True,False,
608,roselia,Second to None,233.73,D,minor,0.49,True,D,minor,False,False,
610,roselia,紫炎,221.37,E,minor,0.312,True,A,minor,True,False,
611,roselia,XV,235.07,E,minor,0.553,True,C,major,True,False,
613,roselia,Fear Nothing,228.97,C,major,0.503,False,G,minor,True,False,
612,roselia,Blessing Chord,277.2,C,major,0.301,True,F,major,True,False,
614,roselia,PASSIONATE ANTHEM,242.97,F#,minor,0.284,True,A,minor,True,False,
615,roselia,Requiem for Fate,238.37,E,major,0.323,True,D,minor,True,False,
617,roselia,Sunlit Musical,232.07,G,minor,0.426,False,Bb,major,True,False,
616,roselia,Sanctuary,310.93,G,major,0.534,True,G,major,False,False,
618,roselia,Talk to My Tone,245.97,C,major,0.781,False,C,major,False,False,
619,roselia,一逢のFull Glory,232.43,A,major,0.705,False,A,major,False,False,
620,roselia,礎の花冠,246.93,F#,minor,0.492,True,A,major,False,False,
621,roselia,FRONTIER FANTASIA,262.53,E,minor,0.347,False,G,minor,True,False,
622,roselia,Dear Gleam,253.47,A#,major,0.637,False,Bb,major,True,False,
623,roselia,Call the shots,265.33,F,minor,0.885,False,F,minor,False,False,
624,roselia,THRONE OF ROSE,312.37,E,minor,0.878,False,E,minor,False,False,
625,roselia,VIOLET LINE,290.73,A,major,0.606,False,A,major,False,False,
627,roselia,ZEAL of proud,279.07,D#,minor,0.464,False,F#,major,False,False,
626,roselia,Ringing Bloom,334.87,C#,minor,0.342,True,A,major,True,False,
630,roselia,overtuRe,244.13,D,minor,0.377,False,D,minor,False,False,
628,roselia,Singing “OURS”,316.2,E,minor,0.48,True,E,minor,False,False,
629,roselia,競宴Red×Violet,263.47,E,minor,0.607,False,E,minor,False,False,
631,roselia,Proud of oneself,235.77,E,minor,0.39,False,A,minor,True,False,
635,roselia,ヒバナ -Reloaded- (Cover),205.27,D#,minor,0.337,True,F#,major,False,False,
634,roselia,Reweave (Cover),238.13,D#,minor,0.614,False,F#,major,False,False,
632,roselia,Sing Alive,315.4,A#,major,0.264,False,F,major,True,False,
636,roselia,ファタール (Cover),220.84,G,major,0.34,True,G,major,False,False,
633,roselia,Swear ～Night & Day～,304.02,D,minor,0.623,False,F,major,False,False,
637,roselia,HONEY (Cover),227.6,F#,minor,0.437,True,A,major,False,False,
638,roselia,悪魔の子 (Cover),227.17,B,major,0.472,False,B,minor,False,True,
639,roselia,slash (Cover),241.13,F,minor,0.632,False,F,minor,False,False,
641,roselia,乙女解剖 (Cover),224.1,G#,minor,0.414,True,C#,minor,True,False,
642,roselia,六兆年と一夜物語 (Cover),216.37,F#,minor,0.857,False,B,minor,True,False,
640,roselia,右肩の蝶 (Cover),276.5,E,minor,0.445,True,C,major,True,False,
644,roselia,海色 (Cover),256.83,F,minor,0.475,False,F,minor,False,False,
643,roselia,残酷な天使のテーゼ (Cover),261.8,F,minor,0.348,True,Eb,major,True,False,
646,roselia,魂のルフラン (Cover),269.53,C,major,0.31,True,A,minor,False,False,
645,roselia,ETERNAL BLAZE (Cover),309.2,G,minor,0.221,False,G,minor,False,False,
647,roselia,This game (Cover),283.63,E,minor,0.271,False,E,minor,False,False,
649,roselia,シャルル (Cover),232.63,G,major,0.64,True,G,major,False,False,
650,roselia,新時代 (Cover),226.63,E,minor,0.405,False,E,minor,False,False,
648,roselia,スカイクラッドの観測者 (Cover),273.8,D#,minor,0.67,False,Ab,minor,True,False,
652,roselia,Red fraction (Cover),201.0,E,minor,0.769,False,E,minor,False,False,
651,roselia,革命デュアリズム (Cover),237.43,A,minor,0.935,False,A,minor,False,False,
654,roselia,Paradisus‐Paradoxum (Cover),232.67,F,major,0.458,True,F,major,False,False,
653,roselia,深愛 (Cover),273.23,D#,minor,0.28,False,Ab,major,True,False,
655,roselia,Realize (Cover),246.13,D,major,0.25,False,D,major,False,False,
659,roselia,KING (Cover),134.73,C,major,0.457,True,A,minor,False,False,
656,roselia,Preserved Roses (Cover),210.63,F#,major,0.254,False,F#,major,False,False,
658,roselia,Shangri-La (Cover),239.0,F,major,0.29,True,G,minor,True,False,
660,mygo,素寄曲,238.73,D,major,0.71,False,G,major,True,False,
661,mygo,羅永線,233.64,A#,major,0.653,False,Bb,major,True,False,
657,roselia,My Dearest (Cover),337.13,C,major,0.955,False,C,major,False,False,
662,mygo,騒混出,227.31,G#,major,0.741,False,C#,major,True,False,
664,mugendai_mutype,等身大あんりみてっど,168.73,A,minor,0.77,False,F,major,True,False,
663,morfonica,深海少女 (Cover),218.13,G#,minor,0.805,False,Ab,minor,True,False,
665,mugendai_mutype,好きになっちゃえ！,207.77,G#,major,0.591,False,Ab,major,True,False,
666,mugendai_mutype,YoU kNOw the overture,174.0,A,minor,0.486,False,A,minor,False,False,
669,mugendai_mutype,デビルじゃないもん (Cover),164.0,F,minor,0.62,False,F,minor,False,False,
667,mugendai_mutype,唱 (Cover),194.61,D#,major,0.334,False,Eb,minor,True,False,
668,mugendai_mutype,インキャのキャキャキャ (Cover),220.61,F#,minor,0.939,False,A,major,False,False,
670,mugendai_mutype,エイリアンエイリアン (Cover),197.63,C#,minor,0.495,False,C#,minor,False,False,
671,mugendai_mutype,ぼくたちいつでも しゅわっしゅわ！ (Cover),184.62,G,major,0.21,False,E,major,True,False,
673,mugendai_mutype,ビッグマウス feat.りむる (Cover),173.76,G#,major,0.602,False,Ab,major,True,False,
677,mugendai_mutype,パラレルラルラ (Cover),157.99,C#,major,0.66,False,C#,major,False,False,
674,mugendai_mutype,KiLLKiSS (Cover),207.66,E,minor,0.888,False,E,minor,False,False,
675,mugendai_mutype,君が飛び降りるのならば (Cover),173.78,G#,major,0.663,False,Ab,major,True,False,
672,mugendai_mutype,回レ!雪月花 (Cover),234.52,C,minor,0.837,False,C,minor,False,False,
676,mugendai_mutype,地球最後の告白を (Cover),267.18,A#,major,0.545,False,Bb,major,True,False,
679,mugendai_mutype,ジレンマ (Cover),167.26,G#,major,0.553,False,Ab,major,True,False,
681,mugendai_mutype,メンタルチェンソー (Cover),177.6,D,minor,0.607,False,G,minor,True,False,
678,mugendai_mutype,夜もすがら君想ふ (Cover),236.77,A#,major,0.551,False,Eb,major,True,False,
682,mugendai_mutype,ホシアイ (Cover),286.67,F,major,0.85,False,F,major,False,False,
680,mugendai_mutype,glow (Cover),287.63,A,major,0.636,False,A,major,False,False,
683,mugendai_mutype,フォニイ (Cover),189.56,A,minor,0.203,False,A,minor,False,False,
684,mugendai_mutype,ELECT (Cover),193.4,G,minor,0.361,True,D,minor,True,False,
686,mugendai_mutype,スイートマジック (Cover),216.56,G#,major,0.392,True,C,minor,True,False,
685,mugendai_mutype,ユキトキ (Cover),273.11,F,major,0.413,False,F,major,False,False,
689,mugendai_mutype,ミルククラウン・オン・ソーネチカ (Cover),215.23,E,major,0.574,False,E,major,False,False,
688,mugendai_mutype,One Last Kiss (Cover),259.56,C#,minor,0.591,False,Ab,minor,True,False,
690,mugendai_mutype,決戦スピリット (Cover),272.56,D#,major,0.44,True,Eb,major,True,False,
691,mugendai_mutype,ティアドロップス (Cover),216.55,B,minor,0.5,True,E,minor,True,False,
687,mugendai_mutype,少年よ我に帰れ (Cover),390.02,A,minor,0.271,False,D,minor,True,False,
692,mugendai_mutype,ロウワー (Cover),230.93,F,minor,0.501,False,F,minor,False,False,
693,mugendai_mutype,ハイドアンド・シーク (Cover),265.53,E,minor,0.892,False,G,major,False,False,
694,mugendai_mutype,不可解 (Cover),277.76,F,major,0.426,True,F,major,False,False,
695,mugendai_mutype,GURU (Cover),191.51,G#,major,0.363,True,C#,minor,True,False,
697,mugendai_mutype,翼をください (Cover),218.99,A#,major,0.511,True,F,major,True,False,
696,mugendai_mutype,経験値上昇中☆ (Cover),231.84,E,minor,0.525,False,G,major,False,False,
698,mugendai_mutype,元気を出して (Cover),290.01,C,major,0.528,True,F,minor,True,False,
699,mugendai_mutype,ハッピー☆マテリアル (Cover),224.87,F#,major,0.305,True,Eb,minor,True,False,
700,mugendai_mutype,時をかける少女 (Cover),232.04,F#,minor,0.607,False,A,major,False,False,
703,mugendai_mutype,CH4NGE (Cover),139.41,D#,major,0.561,False,Eb,minor,True,False,
701,mugendai_mutype,TOMORROW (Cover),289.37,F,major,0.344,False,F,major,False,False,
705,mugendai_mutype,撫でんな (Cover),187.45,G,major,0.571,False,B,minor,True,False,
702,mugendai_mutype,PARTY☆NIGHT（D-POP version） (Cover),320.39,F#,major,0.595,True,F#,major,False,False,
706,mugendai_mutype,なにやってもうまくいかない (Cover),151.04,E,minor,0.408,True,E,minor,False,False,
704,mugendai_mutype,絶え間なく藍色 (Cover),221.1,G,minor,0.591,True,G,minor,False,False,
707,mugendai_mutype,マーシャル・マキシマイザー (Cover),162.12,B,minor,0.48,False,F#,minor,True,False,
708,mugendai_mutype,ZEAL of proud (Cover),279.23,D#,minor,0.491,False,F#,major,False,False,
713,mugendai_mutype,唱 (Cover),194.61,D#,major,0.334,False,Eb,minor,True,False,
709,mugendai_mutype,繰り返し一粒 (Cover),256.0,F,major,0.565,False,F,major,False,False,
712,millsage,カーネーションの咲く日に,238.0,C,major,0.485,False,F,major,True,False,
710,poppin_party,乙女はサイコパス (Cover),256.88,E,major,0.861,False,E,major,False,False,
711,roselia,Neo-Aspect,310.3,B,major,0.632,False,B,major,False,False,
715,mugendai_mutype,デビルじゃないもん (Cover),164.0,F,minor,0.62,False,F,minor,False,False,
714,mugendai_mutype,インキャのキャキャキャ (Cover),220.61,F#,minor,0.939,False,A,major,False,False,
717,mugendai_mutype,ぼくたちいつでも しゅわっしゅわ！ (Cover),184.62,G,major,0.21,False,E,major,True,False,
716,mugendai_mutype,エイリアンエイリアン (Cover),197.63,C#,minor,0.495,False,C#,minor,False,False,
718,mugendai_mutype,回レ!雪月花 (Cover),234.52,C,minor,0.837,False,C,minor,False,False,
719,mugendai_mutype,ビッグマウス feat.りむる (Cover),173.76,G#,major,0.602,False,Ab,major,True,False,
720,mugendai_mutype,KiLLKiSS (Cover),215.32,E,minor,0.892,False,E,minor,False,False,
721,mygo,二息歩行 (Reloaded) (Cover),198.01,E,major,0.66,False,E,major,False,False,
722,mygo,社会距離 (Cover),243.25,F#,minor,0.433,False,D,major,True,False,
723,mygo,君の神様になりたい。 (Cover),253.33,C,minor,0.425,True,F,major,True,False,
725,mygo,ティアドロップス (Cover),215.05,B,minor,0.466,True,E,minor,True,False,
724,mygo,Henceforth (Cover),234.3,B,major,0.62,True,F#,major,True,False,
726,mygo,遠心力 (Cover),197.48,F#,minor,0.428,True,D,major,True,False,
727,mygo,ないばいたりてぃ (Cover),213.02,C,major,0.351,True,C,minor,False,True,
729,mygo,もしも命が描けたら (Cover),201.94,F#,major,0.566,False,F#,major,False,False,
731,mygo,パメラ (Cover),194.6,E,minor,0.51,False,B,minor,True,False,
728,mygo,キリトリセン (Cover),237.25,A,major,0.421,True,A,major,False,False,
730,mygo,TEENAGE RIOT (Cover),223.77,E,minor,0.758,False,E,minor,False,False,
733,mygo,シンデレラボーイ (Cover),231.64,A,major,0.8,False,A,major,False,False,
732,mygo,栞 (Cover),262.97,F#,major,0.913,False,F#,major,False,False,
737,roselia,擬態ごっこ (Cover),147.55,C,minor,0.318,False,C,major,False,True,
736,mygo,恋してる自分すら愛せるんだ (Cover),223.6,C,major,0.345,False,G,major,True,False,
735,mygo,正しくなれない (Cover),241.65,F,major,0.411,False,F,major,False,False,
734,mygo,少女レイ (Cover),288.8,A,major,0.555,False,A,major,False,False,
