idx,band,song,duration_sec,crowd_median,crowd_p10,crowd_p90,crowd_std,noise_floor_db,rt60_est_sec,n_patches,extract_sec,error
0,afterglow,ON YOUR MARK,241.63,0.0008027019794099033,0.0005090372287668288,0.0013521412620320916,0.0004828111850656569,-18.45,5.0,121,4.71,
1,afterglow,That Is How I Roll!,239.6,0.0006780719850212336,0.000352612289134413,0.0010961616644635797,0.0002851936442311853,-18.52,5.0,120,4.38,
2,afterglow,SENSENFUKOKU,246.53,0.0011175198014825583,0.0005130682839080691,0.0021553949918597937,0.0006264750263653696,-20.69,5.0,124,4.56,
3,afterglow,I knew it!,291.3,0.0007414923748001456,0.00047050596913322806,0.001399623928591609,0.0004133586771786213,-17.26,5.0,146,2.7,
4,afterglow,ツナグ、ソラモヨウ,248.93,0.0009775747312232852,0.00048462790437042713,0.0016489244299009442,0.0008492688066326082,-19.54,5.0,125,2.35,
5,afterglow,Hey-day狂騒曲(カプリチオ),233.7,0.0007609493914060295,0.0003556350420694798,0.0013675648951902986,0.00041503531974740326,-19.97,5.0,117,1.12,
6,afterglow,"Easy come, Easy go!",243.4,0.0008764129015617073,0.0005103270523250103,0.0014615508262068033,0.0006031571538187563,-18.24,5.0,122,1.18,
7,afterglow,Sasanqua,236.8,0.0007180208922363818,0.0004488005652092397,0.001245486899279058,0.0003230463189538568,-18.67,5.0,119,1.15,
8,afterglow,RED RED RED,224.37,0.0010693370131775737,0.0006195426103658974,0.0020277919247746468,0.0007434001890942454,-20.1,5.0,113,1.1,
9,afterglow,ONE OF US,,,,,,-22.42,5.0,,1.43,
10,afterglow,Y.O.L.O!!!!!,270.93,0.000979298958554864,0.0005541424034163356,0.0019015679135918617,0.001018896815367043,-19.56,5.0,136,1.39,
11,afterglow,Scarlet Sky,229.0,0.0006335368379950523,0.00044382555643096566,0.0009739641100168228,0.00022647646255791187,-16.9,5.0,115,1.07,
12,afterglow,Off we go.,251.83,0.0007473917794413865,0.0005062023410573602,0.0013065125094726682,0.0003797883982770145,-19.41,5.0,126,1.14,
13,afterglow,いつも通りのBrand new days,237.33,0.0009997593006119132,0.0005422994145192206,0.0020291695836931467,0.0007796913268975914,-19.67,5.0,119,1.07,
14,afterglow,SWITCH ON NOW,207.33,0.000723554752767086,0.0004425812803674489,0.0014190240763127804,0.0008014498744159937,-17.65,5.0,104,0.98,
15,afterglow,ランブリングメモリー,325.03,0.0008271105471067131,0.0004981209058314562,0.0015706077683717012,0.00041315125417895615,-20.4,5.0,163,1.47,
16,afterglow,COMIC PANIC!!!,280.5,0.0008307036478072405,0.0004112794704269618,0.0014265034114941955,0.000496279972139746,-19.04,5.0,141,1.34,
17,afterglow,Trouble Joyful!!,237.93,0.0006927463691681623,0.0003761515545193106,0.0014798245392739773,0.0005658278823830187,-18.45,5.0,119,1.05,
18,afterglow,Jamboree!Journey!,259.8,0.0008885950082913041,0.000492983206640929,0.001484961248934269,0.00046855720574967563,-20.14,5.0,130,1.08,
19,afterglow,カナユメ,307.47,0.0008973427466116846,0.0004720692813862115,0.0016343070892617106,0.0005172426463104784,-18.33,5.0,154,1.33,
20,afterglow,独創収差,,,,,,-22.97,5.0,,1.18,
21,afterglow,極彩色,238.6,0.0007322088931687176,0.0004110732115805149,0.0014155360404402018,0.0010164239211007953,-19.14,5.0,120,1.07,
22,afterglow,サクラゼンセン,249.33,0.000890989089384675,0.0005370671860873699,0.0018393222708255053,0.0006780910189263523,-19.03,5.0,125,1.1,
23,afterglow,True color,253.33,0.0006577569874934852,0.0003573931462597102,0.0011021376121789217,0.00032385674421675503,-18.0,5.0,127,1.12,
24,afterglow,Crow Song,,,,,,-19.24,5.0,,1.09,
25,afterglow,カサブタ,196.67,0.0007701286231167614,0.00047118813381530344,0.001689233584329486,0.0007770603988319635,-18.19,5.0,99,0.92,
26,afterglow,アイのシナリオ,259.83,0.000950260553508997,0.0005755386664532125,0.0018815300427377224,0.0010085314279422164,-19.88,5.0,130,1.13,
27,afterglow,Northern lights,209.1,0.0009405653108842671,0.0005081366980448365,0.0022246302105486393,0.0006916234269738197,-17.99,5.0,105,0.84,
28,afterglow,トーキョーワンダー。,153.77,0.0017212830716744065,0.0006674418109469116,0.004546049982309341,0.0027315460611134768,-21.57,5.0,77,0.67,
29,afterglow,Reach Out To The Truth,171.47,0.0006980524631217122,0.0003757986123673618,0.0013742445735260844,0.0005683057243004441,-17.85,5.0,86,0.94,
30,afterglow,Listen!!,227.47,0.0009478022111579776,0.000499430694617331,0.0019217629451304674,0.000690438668243587,-19.13,5.0,114,1.07,
31,afterglow,青い栞,336.8,0.000722493336070329,0.00040786710451357067,0.0014571911888197064,0.0007857230375520885,-21.5,5.0,169,1.29,
32,afterglow,イマジネーション,177.97,0.000867141701746732,0.0005404837429523468,0.0016143842367455363,0.0006551106926053762,-20.67,5.0,89,0.83,
33,afterglow,Butter-Fly,,,,,,-17.09,5.0,,1.1,
34,afterglow,燦々,194.9,0.0008511382038705051,0.00048445220454595983,0.0016271955100819468,0.0004927580594085157,-18.46,5.0,98,0.88,
35,afterglow,That's why I'm here.,261.87,0.000935783376917243,0.00048096870887093246,0.0020481878891587257,0.000639116857200861,-19.25,5.0,131,1.2,
36,afterglow,IGNITE GLOW,267.37,0.0010980273364111781,0.0005307167302817106,0.002040492370724678,0.0006003202288411558,-18.97,5.0,134,1.26,
37,afterglow,ペトリコール・オベーション,219.13,0.0010192431509494781,0.0005476115038618445,0.0017874983604997396,0.0005071785417385399,-18.09,5.0,110,1.01,
38,afterglow,Made My Day,243.97,0.0009582974016666412,0.0005031926557421684,0.00170978216920048,0.000541580084245652,-16.51,5.0,122,1.04,
39,afterglow,Glowing After,254.49,0.0011519941035658121,0.0005477746017277241,0.002448389772325754,0.0010718816192820668,-20.05,5.0,128,1.1,
40,afterglow,A Sunset So Bright,231.11,0.0008479033131152391,0.00040421891026198864,0.0014912968035787344,0.0004979658988304436,-15.97,5.0,116,1.07,
41,afterglow,Start as Usual,,,,,,-17.49,5.0,,1.29,
42,afterglow,“Say cheese!!!!!”,261.07,0.0009906094055622816,0.0004910149145871401,0.0018895389512181282,0.000684238679241389,-16.54,5.0,131,1.28,
43,afterglow,花笑みのデュオ,,,,,,-17.68,5.0,,1.12,
44,afterglow,READY STEADY GO (Cover),221.33,0.0009339177631773055,0.00048637480358593166,0.001609544618986547,0.0012686779955402017,-18.19,5.0,111,1.06,
45,afterglow,abnormalize (Cover),219.03,0.0009820320410653949,0.00043414655374363065,0.0023736637085676193,0.001364428666420281,-19.21,5.0,110,0.95,
46,afterglow,メンタルチェンソー (Cover),177.4,0.0008844587136991322,0.00039972321246750653,0.0016657619271427393,0.0005898395902477205,-19.15,5.0,89,0.84,
47,afterglow,Bunny Girl (Cover),217.23,0.0007194171193987131,0.00041195470839738846,0.0014903061091899872,0.0005030785105191171,-21.8,5.0,109,1.0,
48,afterglow,オレンジ (Cover),235.6,0.0008961411076597869,0.0004087808192707598,0.001897093839943409,0.0008053927449509501,-19.96,5.0,118,1.03,
49,afterglow,カゲロウデイズ (Cover),233.71,0.0007435553707182407,0.00040843692841008306,0.0015769677702337503,0.0008893255144357681,-21.21,5.0,117,0.99,
50,afterglow,DAY×DAY (Cover),219.07,0.0010377323487773538,0.0004741059965454042,0.002563623944297433,0.001641203765757382,-18.22,5.0,110,0.96,
51,afterglow,ロキ (Cover),,,,,,-19.23,5.0,,1.08,
52,afterglow,CHAINSAW BLOOD (Cover),203.12,0.0009367763996124268,0.0006368487956933677,0.0014787600375711918,0.00034086802043020725,-19.26,5.0,102,0.98,
53,afterglow,チルドレンレコード (Re:boot) (Cover),189.71,0.0009240891668014228,0.0005120894056744874,0.001981960842385888,0.0008750200504437089,-19.69,5.0,95,0.81,
54,afterglow,青のすみか (Cover),197.4,0.0008539172704331577,0.00045795197365805507,0.0018270679283887148,0.0005896175862289965,-22.15,5.0,99,0.83,
55,afterglow,GO!!! (Cover),239.67,0.0010871798731386662,0.0005207335343584418,0.003232775954529643,0.0020997822284698486,-17.89,5.0,120,1.09,
56,afterglow,天ノ弱 (Cover),187.77,0.0013349078362807631,0.0006057669525034726,0.004505004733800888,0.004390173126012087,-18.5,5.0,94,0.95,
57,afterglow,アスノヨゾラ哨戒班 (Cover),,,,,,-18.78,5.0,,0.83,
58,afterglow,瞬間センチメンタル (Cover),230.93,0.0008260434260591865,0.00038125328137539327,0.001584433251991868,0.00048659532330930233,-18.83,5.0,116,1.01,
59,afterglow,プライド革命 (Cover),238.53,0.0009846215834841132,0.0005999197019264102,0.0016033585416153073,0.0006878767162561417,-22.31,5.0,120,1.09,
60,afterglow,命に嫌われている。 (Cover),,,,,,-29.02,5.0,,1.22,
61,afterglow,Redo (Cover),261.57,0.0009855730459094048,0.000510645390022546,0.0019004339119419456,0.0006930998642928898,-21.75,5.0,131,1.2,
62,afterglow,インフェルノ (Cover),,,,,,-18.52,5.0,,0.91,
63,afterglow,ドラマツルギー (Cover),238.6,0.001201432547532022,0.0005394634790718555,0.0027939423453062773,0.0009560894686728716,-17.92,5.0,120,1.07,
64,afterglow,COLORS (Cover),218.8,0.0009312041802331805,0.0004250396159477532,0.0016079902416095138,0.0006009777425788343,-19.52,5.0,110,0.98,
65,afterglow,午夜の待ち合わせ (Cover),171.53,0.0013809649972245097,0.000707449740730226,0.002530596684664488,0.00201682117767632,-20.11,5.0,86,0.87,
66,afterglow,サムライハート（Some Like It Hot!!） (Cover),190.63,0.0010981985833495855,0.0006153705762699246,0.00209805928170681,0.005947505589574575,-18.73,5.0,96,0.99,
67,afterglow,ベノム (Cover),198.5,0.0008413044270128012,0.0004884060472249985,0.0018275745678693056,0.0005330842104740441,-19.48,5.0,100,0.83,
68,afterglow,Don't say “lazy” (Cover),275.67,0.000721207819879055,0.0004274859675206244,0.0012390943011268973,0.0002975420793518424,-19.74,5.0,138,1.26,
69,afterglow,Part of the Life,88.66,0.0007839759346097708,0.0004390486574266106,0.0019139352953061461,0.0014897608198225498,-16.86,5.0,45,0.42,
70,afterglow,Punchline Halloween!!!,,,,,,-19.08,5.0,,0.99,
71,afterglow,I love your way！,263.7,0.0009149486431851983,0.0004987684078514576,0.0016204582061618567,0.000615171913523227,-17.3,5.0,132,1.19,
72,ave_mujica,KiLLKiSS,208.77,0.0005596955306828022,0.0003235891635995358,0.0011050496250391006,0.00035526021383702755,-29.87,5.0,105,0.86,
73,ave_mujica,"Georgette Me, Georgette You",234.68,0.000618248013779521,0.0003169813717249781,0.0012188042746856809,0.0011343553196638823,-26.09,5.0,118,1.0,
74,ave_mujica,Imprisoned XII,,,,,,-32.73,5.0,,0.76,
75,ave_mujica,Crucifix X,299.0,0.0006312357727438211,0.0002805541444104165,0.001454057521186769,0.0005933574284426868,-22.94,5.0,150,1.31,
76,ave_mujica,八芒星ダンス,231.55,0.0006240596994757652,0.0003056847199331969,0.0012990159448236227,0.0007786135538481176,-24.28,5.0,116,1.02,
77,ave_mujica,顔,,,,,,-15.58,5.0,,1.19,
78,ave_mujica,天球のMúsica,280.33,0.0006484225741587579,0.00038724602200090885,0.001182149164378643,0.00032491987803950906,-21.26,5.0,141,1.33,
79,ave_mujica,黒のバースデイ,,,,,,-30.59,5.0,,1.03,
80,ave_mujica,ふたつの月 ~Deep Into The Forest~,304.92,0.00042724795639514923,0.0002513948711566627,0.0007883504149504006,0.0002595950791146606,-25.62,5.0,153,1.3,
81,ave_mujica,Choir ‘S’ Choir,,,,,,-26.21,5.0,,1.39,
82,ave_mujica,神さま、バカ,223.98,0.000642651692032814,0.00038041151128709316,0.0011346280807629228,0.001286198734305799,-22.55,5.0,112,1.09,
83,ave_mujica,Mas?uerade Rhapsody Re?uest,249.79,0.000550865544937551,0.000323246989864856,0.0010451901471242309,0.00036173316766507924,-20.67,5.0,125,1.06,
84,ave_mujica,Ave Mujica,277.99,0.0008015923085622489,0.00044855516171082854,0.001424107700586319,0.0010260384296998382,-69.25,5.0,139,1.15,
85,ave_mujica,Symbol I : △,,,,,,-14.7,5.0,,1.41,
86,ave_mujica,Symbol II : Air,212.81,0.0005471658078022301,0.00029659157735295594,0.0009879730641841888,0.0004805992357432842,-14.21,5.0,107,1.07,
87,ave_mujica,Symbol III : ▽,256.93,0.0007476573809981346,0.0004003993817605078,0.001391701865941286,0.00040125526720657945,-22.82,5.0,129,1.15,
88,ave_mujica,Symbol IV : Earth,239.14,0.000632162787951529,0.0002904463035520166,0.0014762916835024953,0.0006462636520154774,-17.19,5.0,120,1.13,
89,ave_mujica,Ether,285.69,0.000627451459877193,0.00029388355324044824,0.0013660098193213344,0.0008443589322268963,-19.82,5.0,143,1.35,
90,ave_mujica,The Whole Blue World,257.3,0.0005139257409609854,0.00032261214801110327,0.00134965218603611,0.0010255470406264067,-18.62,5.0,129,1.23,
91,ave_mujica,in your blue eyes,222.77,0.0006103693740442395,0.0003189308918081224,0.0014030294260010123,0.0006910257507115602,-32.12,5.0,112,1.06,
92,ave_mujica,素晴らしき世界 でも どこにもない場所,269.5,0.000693758309353143,0.0002536128740757704,0.001274523907341063,0.0005587887135334313,-19.72,5.0,135,1.25,
93,ave_mujica,Angles,275.08,0.000606041750870645,0.00033111998345702887,0.001095543964765966,0.0003558228490874171,-25.34,5.0,138,1.35,
94,ave_mujica,DIVINE,257.63,0.0008411930757574737,0.00028551192372106016,0.0018367348238825798,0.0008229892118833959,-14.31,5.0,129,1.22,
95,ave_mujica,Sophie,197.01,0.00056596560170874,0.00035434006713330746,0.0011242561740800738,0.0005076645174995065,-21.35,5.0,99,0.87,
96,ave_mujica,‘S/’ The Way,227.45,0.0006228289566934109,0.0003463038301561028,0.0010866705561056733,0.004534466192126274,-15.45,5.0,114,1.03,
97,ave_mujica,碧い瞳の中に,223.96,0.0006288256263360381,0.00031730160117149353,0.001394393970258534,0.0004886130336672068,-33.28,5.0,112,1.04,
98,ave_mujica,堕天 (Cover),183.79,0.0006957746809348464,0.0004044101806357503,0.0011630462249740958,0.00041648087790235877,-16.86,5.0,92,0.89,
99,ave_mujica,KINGS (Cover),317.63,0.0007480198983103037,0.00033716371399350464,0.0013898464385420084,0.0004257457621861249,-16.5,5.0,159,1.48,
100,ave_mujica,暗黒天国 (Cover),265.32,0.0006561008631251752,0.0003449426149018109,0.001127462717704475,0.00036813694168813527,-19.03,5.0,133,1.29,
101,various_artists,Don't be afraid!,238.8,0.0007046362152323127,0.00040053471457213163,0.0011767789255827665,0.0003725877031683922,-19.13,5.0,120,1.14,
102,various_artists,Glee! Glee! Glee!,211.83,0.0007321907323785126,0.00038729480002075434,0.00118732126429677,0.0003247639397159219,-20.63,5.0,106,1.03,
103,various_artists,"Be shine, shining!",96.33,0.0006931987591087818,0.00035170017508789897,0.0011371186701580882,0.00030140980379655957,-20.96,5.0,49,0.39,
104,various_artists,"Here, the world",263.24,0.000974891590885818,0.0005953667568974197,0.0018203846411779523,0.0005579722346737981,-19.66,5.0,132,1.06,
105,various_artists,CiRCLE THANKS MUSiC♪,313.7,0.001273679779842496,0.0005930985207669437,0.003807423636317253,0.0018358604284003377,-18.86,5.0,157,1.34,
106,hello_happy_world,キミがいなくちゃっ！,243.77,0.0007378545706160367,0.0003697605861816555,0.0011882977560162544,0.00037048602825962007,-19.58,5.0,122,0.97,
107,hello_happy_world,ハイファイブ∞あどべんちゃっ,272.43,0.0007455871091224253,0.00040403130697086453,0.0012515626149252057,0.0003499326703604311,-19.83,5.0,137,1.6,
108,hello_happy_world,スマイルブーケで た〜まや〜！,271.97,0.0007042210781946778,0.00033976498525589705,0.0011784126982092857,0.00038802350172773004,-19.01,5.0,136,1.33,
109,hello_happy_world,えがお･シング･あ･ソング,249.2,0.0010073394514620304,0.0004606200964190066,0.0021107413340359926,0.001241806661710143,-20.95,5.0,125,1.38,
110,hello_happy_world,YAPPY! SCHOOL CARNIVAL☆彡,235.2,0.0008225329220294952,0.0004897664184682071,0.0013221587287262082,0.0005656324210576713,-20.18,5.0,118,1.51,
111,hello_happy_world,にこ×にこ=ハイパースマイルパワー！,233.3,0.0008673302945680916,0.0005158805288374424,0.0016469109104946256,0.004275007639080286,-18.68,5.0,117,1.02,
112,hello_happy_world,ないすみちゅっ！,257.2,0.0009300223900936544,0.00046754194772802293,0.0017541424604132771,0.001323251985013485,-20.03,5.0,129,1.16,
113,hello_happy_world,ゴーカ！ごーかい！？ファントムシーフ！,219.84,0.000888242619112134,0.00044664079905487597,0.0020139552652835846,0.007036941591650248,-19.4,5.0,110,0.96,
114,hello_happy_world,うぃーきゃん☆フレフレっ！,239.64,0.0006397831020876765,0.0004271082580089569,0.0010766413761302829,0.0003378120600245893,-19.87,5.0,120,1.08,
115,hello_happy_world,えがおのオーケストラっ！,,,,,,-24.2,5.0,,1.11,
116,hello_happy_world,にこにこねくと！,250.64,0.0010108125861734152,0.0003706773277372122,0.0018388464814051986,0.001157209393568337,-22.0,5.0,126,1.18,
117,hello_happy_world,ふぁいぶスマイル◯オールインっ！,,,,,,-20.42,5.0,,1.08,
118,hello_happy_world,せかいのっびのびトレジャー！,212.7,0.0008617506246082485,0.0004537286004051566,0.0025674214120954275,0.004446885082870722,-19.17,5.0,107,0.95,
119,hello_happy_world,きらっ☆と キミフェス！,231.07,0.0008026891155168414,0.0003995646256953478,0.0012293779291212559,0.0003726168069988489,-25.23,5.0,116,1.11,
120,hello_happy_world,うちゃパ！で ぱっぴかポーんっ！,217.77,0.000760563591029495,0.00043765833834186196,0.0012239031493663788,0.0003478211001493037,-19.69,5.0,109,0.97,
121,hello_happy_world,はれやか すこやか ぴかりんりん♪,256.37,0.0010810462990775704,0.00044263905147090554,0.0024991543032228947,0.0018732249736785889,-19.68,5.0,129,1.17,
122,hello_happy_world,ふわふわ☆ゆめいろサンドイッチ,292.0,0.0008431353489868343,0.0003804001025855541,0.002457724418491125,0.0015622618375346065,-21.24,5.0,146,1.27,
123,hello_happy_world,Happy! Happier! Happiest!,242.9,0.0007990874582901597,0.00041333879926241934,0.0019919690676033497,0.0015838112449273467,-21.5,5.0,122,1.06,
124,hello_happy_world,現るっ！大怪盗ハロハッピー！,,,,,,-19.13,5.0,,0.91,
125,hello_happy_world,わちゃ・もちゃ・ぺったん行進曲,233.2,0.000688890169840306,0.000440571311628446,0.001388299628160894,0.004142858553677797,-18.91,5.0,117,0.95,
126,hello_happy_world,おもいでイルミネーション,252.7,0.0010806372156366706,0.00042158557334914804,0.0019133408786728978,0.0006683446117676795,-19.63,5.0,127,0.99,
127,hello_happy_world,おもいやりハーモニー,231.5,0.0006559283938258886,0.00030578370206058025,0.0013389290543273091,0.0004684220184572041,-22.9,5.0,116,1.06,
128,hello_happy_world,ハピネスっ！ハピィーマジカルっ♪,210.6,0.0008569557685405016,0.0004272783698979765,0.0014590243808925152,0.0010572393657639623,-20.23,5.0,106,0.98,
129,hello_happy_world,えがお、あーゆーれでぃ???,,,,,,-20.86,5.0,,0.91,
130,hello_happy_world,ハッピーサマーウェディング,284.67,0.000808565120678395,0.00036136992275714874,0.001550193876028061,0.0008309062686748803,-19.78,5.0,143,1.12,
131,hello_happy_world,ひまわりの約束,307.3,0.0007013353751972318,0.0003670890291687101,0.001113620586693287,0.00036167315556667745,-27.0,5.0,154,1.24,
132,hello_happy_world,ハッピー☆マテリアル,225.03,0.0006735030910931528,0.00032624753657728434,0.0011296924203634262,0.0003430562501307577,-20.36,5.0,113,0.95,
133,hello_happy_world,太陽曰く燃えよカオス,239.2,0.0010190183529630303,0.0006015608669258654,0.0028398067224770784,0.0024847781751304865,-19.96,5.0,120,1.02,
134,hello_happy_world,エクストラ・マジック・アワー,255.3,0.000824889400973916,0.00045410433085635304,0.0016859405441209674,0.0008165219333022833,-19.38,5.0,128,1.07,
135,hello_happy_world,コレカラ,214.93,0.0007428221870213747,0.00042548152850940824,0.0011217379942536354,0.00026899209478870034,-20.44,5.0,108,0.85,
136,hello_happy_world,全力少年,241.8,0.0007008440443314612,0.0003736560174729675,0.0011944853467866778,0.0003291000030003488,-20.86,5.0,121,1.0,
137,hello_happy_world,オレンジ,278.4,0.0007736631669104099,0.0004278876876924187,0.0014004235854372382,0.0004167917650192976,-24.97,5.0,140,1.26,
138,hello_happy_world,Happy Girl,,,,,,-23.45,5.0,,1.19,
139,hello_happy_world,ン・パカマーチ,156.0,0.0007811062969267368,0.00037703561247326434,0.001299541094340384,0.0003743362904060632,-24.42,5.0,78,0.71,
140,hello_happy_world,サンバロハッピ〜！,216.5,0.0010447626700624824,0.00040235562482848763,0.003051195526495576,0.023372212424874306,-20.74,5.0,109,1.06,
141,hello_happy_world,ボクらの夏's☆ショーたいむっ！！,206.8,0.0007744067115709186,0.00036444771103560925,0.0013154468033462763,0.0003609255945775658,-19.78,5.0,104,0.89,
142,hello_happy_world,むすんでわらって,241.97,0.000752139138057828,0.0004138229414820671,0.0014228308573365211,0.0004280798020772636,-22.42,5.0,121,1.02,
143,hello_happy_world,キミを れっつ・はぶ・ふぁん♪,235.0,0.0007771974778734148,0.00038404783117584884,0.0013327236520126462,0.00036779820220544934,-18.51,5.0,118,0.89,
144,hello_happy_world,らいふ・いず・みゅーじかるっ♪♪♪,237.7,0.0009845647728070617,0.00044084805995225906,0.002400953322649002,0.0010438115568831563,-19.67,5.0,119,0.83,
145,hello_happy_world,れっつ・スマイル・すとり〜みんぐっ♪,227.63,0.000771542196162045,0.0004413175629451871,0.001250006491318345,0.000618946913164109,-19.5,5.0,114,0.97,
146,hello_happy_world,やっほー！いっぽ！わんだふぉー！,212.33,0.0007830138201825321,0.00047806373913772404,0.0012448510387912393,0.0011292228009551764,-18.77,5.0,107,0.99,
147,hello_happy_world,とーくとぅみー・とーくとぅゆー,208.57,0.0007009324617683887,0.00038060545921325684,0.0013976562768220901,0.0008611628436483443,-15.84,5.0,105,0.96,
148,hello_happy_world,ハイタッチ／＼びりーばーず☆,254.37,0.000881098851095885,0.0005336811300367117,0.0014419795479625463,0.000787608209066093,-19.73,5.0,128,1.2,
149,hello_happy_world,Listen to Smile!,,,,,,-18.79,5.0,,1.12,
150,hello_happy_world,スマイリーキャロル,247.07,0.0010752484668046236,0.0005117910914123058,0.0016073439037427306,0.0004180530086159706,-19.56,5.0,124,1.17,
151,hello_happy_world,えがお、み〜っけた！,,,,,,-22.96,5.0,,1.23,
152,hello_happy_world,上海ハニー (Cover),,,,,,-23.88,5.0,,0.76,
153,hello_happy_world,シル・ヴ・プレジデント (Cover),193.5,0.001047384925186634,0.000509285950101912,0.0015857502585276961,0.0007775778649374843,-20.15,5.0,97,0.83,
154,hello_happy_world,ヒャダインのじょーじょーゆーじょー (Cover),251.1,0.0007910317508503795,0.0004435586743056774,0.0012726059649139643,0.0004672716313507408,-20.45,5.0,126,1.22,
155,hello_happy_world,はいよろこんで (Cover),,,,,,-22.45,5.0,,0.93,
156,hello_happy_world,シカ色デイズ (Cover),,,,,,-22.68,5.0,,0.92,
157,hello_happy_world,強風オールバック (Cover),135.1,0.00043841017759405077,0.00021827510499861091,0.0007362122414633632,0.0002716297167353332,-25.04,5.0,68,0.7,
158,hello_happy_world,最高到達点 (Cover),226.67,0.0009581949561834335,0.00046783825382590294,0.0016412755940109491,0.001983087742701173,-21.61,5.0,114,1.1,
159,hello_happy_world,許婚っきゅん (Cover),177.47,0.0006192491855472326,0.00037042537587694824,0.0011737537570297718,0.0004132488975301385,-21.09,5.0,89,0.93,
160,hello_happy_world,新宝島 (Cover),251.2,0.0006177109898999333,0.00033426398294977844,0.0010176522191613913,0.00026556348893791437,-23.55,5.0,126,1.12,
161,hello_happy_world,ドレミファロンド (Cover),200.63,0.0008521876879967749,0.0003296263748779893,0.0012606090167537332,0.00036192359402775764,-23.38,5.0,101,0.95,
162,hello_happy_world,きゅうくらりん (Cover),214.83,0.0007801159517839551,0.00044846092350780964,0.0012285594129934907,0.0004624346911441535,-18.18,5.0,108,0.71,
163,hello_happy_world,ロメオ (Cover),,,,,,-23.62,5.0,,1.23,
164,hello_happy_world,エイリアンエイリアン (Cover),183.13,0.0008933423669077456,0.0004292626690585166,0.0014857655623927712,0.0004470354469958693,-22.89,5.0,92,0.74,
165,hello_happy_world,いーあるふぁんくらぶ (Cover),239.67,0.0007876427844166756,0.0004360556195024401,0.0014501886907964945,0.00042347132693976164,-22.51,5.0,120,0.98,
166,hello_happy_world,回レ！雪月花 (Cover),234.83,0.0009603903745301068,0.0005086011369712651,0.0018569913227111101,0.000551570497918874,-20.68,5.0,118,1.04,
167,hello_happy_world,恋愛裁判 (Cover),223.13,0.0007804587949067354,0.00036750160506926477,0.0011621222365647554,0.00032437001937069,-21.12,5.0,112,0.92,
168,hello_happy_world,TOMORROW (Cover),274.9,0.0006173987640067935,0.0003139508771710098,0.0011705977376550436,0.0003226296103093773,-19.46,5.0,138,1.13,
169,hello_happy_world,GO! GO! MANIAC (Cover),249.1,0.0007588183507323265,0.0004290146753191948,0.0011163700837641954,0.0002857443178072572,-18.45,5.0,125,1.08,
170,hello_happy_world,Dragon Night (Cover),228.73,0.0011087608290836215,0.0005082080606371164,0.0035863646771758795,0.001514839706942439,-27.95,5.0,115,0.98,
171,hello_happy_world,ようこそジャパリパークへ (Cover),,,,,,-19.55,5.0,,1.02,
172,hello_happy_world,ウィーアー！ (Cover),241.13,0.0006751678301952779,0.00033788010478019714,0.0011077856179326773,0.00042735482566058636,-19.91,5.0,121,1.18,
173,hello_happy_world,おジャ魔女カーニバル!! (Cover),217.37,0.000813730584923178,0.0003759359533432871,0.0016335378168150783,0.0005744902882725,-21.45,5.0,109,1.02,
174,hello_happy_world,ダーリンダンス (Cover),207.63,0.0007522383821196854,0.000436638540122658,0.001218700665049255,0.00033771415473893285,-19.03,5.0,104,0.93,
175,hello_happy_world,ノーポイッ！ (Cover),242.97,0.0007741220761090517,0.0004339823208283633,0.001156036974862218,0.0003111979167442769,-19.22,5.0,122,1.28,
176,hello_happy_world,SHINY DAYS (Cover),262.6,0.0007032575667835772,0.0003913727414328605,0.001253180904313922,0.00038797553861513734,-21.67,5.0,132,1.38,
177,hello_happy_world,シルエット (Cover),241.03,0.0007403918425552547,0.0004409107204992324,0.0011900695972144604,0.00036025221925228834,-18.32,5.0,121,1.5,
178,ikka_dumb_rock,ホーミー・タイッ！！,215.43,0.001415490871295333,0.0007058905903249979,0.0032435315661132336,0.008226879872381687,-16.76,5.0,108,1.41,
179,millsage,起死開戦,195.32,0.0008532500360161066,0.0004261833964847028,0.0013234794605523348,0.00038379267789423466,-17.11,5.0,98,1.28,
180,morfonica,Daylight -デイライト-,357.29,0.0007707548211328685,0.0004063645319547504,0.001511358772404492,0.018989330157637596,-17.39,5.0,179,2.35,
181,morfonica,メランコリックララバイ,,,,,,-18.62,5.0,,1.41,
182,morfonica,flame of hope,252.94,0.0007695318199694157,0.00041733807302080095,0.00137752341106534,0.00042599617154337466,-19.15,5.0,127,1.64,
183,morfonica,ブルームブルーム,276.9,0.000710400054231286,0.000423246092395857,0.0013974625617265701,0.000405328581109643,-18.16,5.0,139,1.81,
184,morfonica,カラフルリバティー,218.83,0.000700588570907712,0.0003366339660715312,0.0012672137236222625,0.000369897810742259,-19.64,5.0,110,1.4,
185,morfonica,fly with the night,240.67,0.0007642729324288666,0.0003991292032878846,0.0020399976056069136,0.0015625875676050782,-20.37,5.0,121,1.56,
186,morfonica,金色へのプレリュード,271.23,0.0007551783346571028,0.00034777249675244093,0.0014398547355085611,0.0005282997153699398,-19.73,5.0,136,1.77,
187,morfonica,The Circle Of Butterflies,258.77,0.001089510042220354,0.0005672420957125723,0.0022095555905252695,0.0012764740968123078,-19.5,5.0,130,1.69,
188,morfonica,ハーモニー・デイ,219.17,0.0007687416509725153,0.00038986708386801183,0.0015136318979784846,0.0004686900065280497,-20.52,5.0,110,1.35,
189,morfonica,Sweet Cheers!,224.33,0.0007698507979512215,0.000359812518581748,0.00127610529307276,0.00039685258525423706,-19.36,5.0,113,1.3,
190,morfonica,"寄る辺のSunny, Sunny",215.97,0.0008554070955142379,0.0003849255735985935,0.0014809357235208154,0.0004952978924848139,-19.01,5.0,108,1.02,
191,morfonica,誓いのWingbeat,255.0,0.0008363041561096907,0.0004373567644506693,0.0018326247809454799,0.0007800376624800265,-18.7,5.0,128,1.2,
192,morfonica,Ever Sky Blue,241.13,0.0011064269347116351,0.0005258282762952149,0.0022151865996420383,0.001163880922831595,-22.18,5.0,121,1.5,
193,morfonica,Polyphonyscape,251.43,0.0009609548724256456,0.00046306365402415395,0.0017906217835843563,0.0018643962685018778,-22.09,5.0,126,1.46,
194,morfonica,Wreath of Brave,263.23,0.0012334671337157488,0.0005955935921519995,0.002371513284742832,0.0008824695250950754,-18.96,5.0,132,1.58,
195,morfonica,Merry Merry Thanks!!,257.73,0.0008899929816834629,0.00043975611333735287,0.0018883505836129189,0.0008247124496847391,-20.07,5.0,129,1.63,
196,morfonica,Sonorous,313.27,0.0009373698267154396,0.0004949568537995219,0.0024986781645566225,0.0010206066071987152,-20.18,5.0,157,2.03,
197,morfonica,両翼のBrilliance,239.8,0.0009770679753273726,0.0004138037911616266,0.001810076180845499,0.000758460140787065,-17.47,5.0,120,1.58,
198,morfonica,Steer to Utopia,,,,,,-16.84,5.0,,1.39,
199,morfonica,Fateful...,286.83,0.0007538592908531427,0.00042932829819619656,0.0015672458102926612,0.0007566002896055579,-19.47,5.0,144,1.83,
200,morfonica,ティリカモニカリラ,,,,,,-20.11,5.0,,1.31,
201,morfonica,Secret Dawn,238.44,0.0007308237254619598,0.00043602671939879656,0.0015458532143384218,0.0006160882767289877,-22.44,5.0,120,1.52,
202,morfonica,Angel's Ladder,253.4,0.0008155643008649349,0.0004152589535806328,0.0017336610471829772,0.000771978113334626,-17.27,5.0,127,1.63,
203,morfonica,One step at a time,263.74,0.0007353683467954397,0.0003824395826086402,0.001221543992869556,0.0003901189484167844,-21.72,5.0,132,1.68,
204,morfonica,Tempest,,,,,,-20.51,5.0,,1.63,
205,morfonica,フレージング ミラージュ,263.63,0.0007951103616505861,0.0004398107703309506,0.0013654913054779172,0.0004079430946148932,-19.18,5.0,132,1.7,
206,morfonica,MUGEN Reverberate!,230.33,0.0007500050123780966,0.00040627564885653555,0.0013670404441654682,0.0004025380767416209,-22.93,5.0,116,1.48,
207,morfonica,わたしまちがいさがし,273.01,0.0006908558425493538,0.00035686639603227377,0.0011083879508078098,0.00035773596027866006,-20.3,5.0,137,1.52,
208,morfonica,esora no clover,193.87,0.0010082762455567718,0.0005360272480174899,0.0023941020481288433,0.0008811256848275661,-22.94,5.0,97,0.94,
209,morfonica,きょうもMerry go rounD,,,,,,-18.21,5.0,,1.23,
210,morfonica,Feathered Dreams,226.37,0.000664379564113915,0.00037886149948462844,0.0011043139966204762,0.000303309119772166,-16.51,5.0,114,1.23,
211,morfonica,Portray Empathy,253.3,0.0008222653996199369,0.00032803110661916435,0.001697456929832697,0.0007294196402654052,-17.9,5.0,127,1.24,
212,morfonica,ビューティ・フォー,189.33,0.0007879913900978863,0.0003389861376490444,0.0015069205546751618,0.00047740479931235313,-18.45,5.0,95,0.98,
213,morfonica,胡蝶翔る星月夜,204.67,0.0009237099438905716,0.00036886311136186123,0.0016219269018620253,0.0005692171980626881,-17.91,5.0,103,0.96,
214,morfonica,Color of Us,233.73,0.0007822625921107829,0.0004101403756067157,0.0015158822061493993,0.00043104978976771235,-20.19,5.0,117,1.06,
215,morfonica,Resonant Strings,240.38,0.000843411311507225,0.000400328281102702,0.0015964274061843753,0.0014127998147159815,-16.85,5.0,121,1.14,
216,morfonica,Shining Leaves,217.97,0.000667425396386534,0.00037352528306655586,0.0012232911540195346,0.0008460174431093037,-16.44,5.0,109,0.98,
217,morfonica,音がえしのセレナーデ,301.77,0.0009539933525957167,0.0005397654022090137,0.001998448045924306,0.0011682891054078937,-21.31,5.0,151,1.39,
218,morfonica,蒼穹へのトレイル,219.17,0.0006866840994916856,0.0004315835831221193,0.0013265253510326147,0.0006102191400714219,-21.07,5.0,110,1.05,
219,morfonica,QUEEN (Cover),145.77,0.0008038373780436814,0.0003932153922505677,0.001662572380155325,0.0006123250350356102,-17.95,5.0,73,0.66,
220,morfonica,again (Cover),250.8,0.0007920911302790046,0.0003505861677695066,0.0015168199315667152,0.0004697480471804738,-21.44,5.0,126,1.17,
221,morfonica,輪舞-revolution (Cover),273.5,0.000720845942851156,0.0003743085253518075,0.0017237045103684068,0.0005920931580476463,-18.52,5.0,137,1.26,
222,morfonica,メロウ (Cover),249.2,0.0008812480955384672,0.00034296742524020374,0.0016683634603396058,0.0006173692527227104,-22.87,5.0,125,1.16,
223,morfonica,祝福 (Cover),,,,,,-20.18,5.0,,0.9,
224,morfonica,Overdose (Cover),,,,,,-20.54,5.0,,0.89,
225,morfonica,かくれんぼ (Cover),298.7,0.0010212338529527187,0.0004859119071625173,0.0018515359843149781,0.0005992443184368312,-21.22,5.0,150,1.37,
226,morfonica,chAngE (Cover),249.57,0.0007660664268769324,0.0004269153287168592,0.0013680427800863981,0.0005065524019300938,-19.5,5.0,125,1.17,
227,morfonica,ALIVE (Cover),,,,,,-18.59,5.0,,1.0,
228,morfonica,Nameless Story (Cover),243.03,0.0009532435797154903,0.00043300105608068407,0.001855548587627709,0.0010112941963598132,-18.91,5.0,122,1.0,
229,morfonica,青空のラプソディ (Cover),277.37,0.0009050448425114155,0.0005017237272113562,0.0019642736297100782,0.0008063131826929748,-17.61,5.0,139,0.8,
230,morfonica,Nevereverland (Cover),287.4,0.0007216991507448256,0.00036492187064141035,0.0013981013325974345,0.001177515834569931,-26.28,5.0,144,0.8,
231,morfonica,メリッサ (Cover),256.83,0.0007852751296013594,0.00040825712494552135,0.0014285551151260734,0.00043418497079983354,-19.23,5.0,129,0.77,
232,morfonica,COLORFUL BOX (Cover),238.4,0.00084032176528126,0.0004078320343978703,0.0014163927407935262,0.0004262702714186162,-18.68,5.0,120,0.76,
233,morfonica,unravel (Cover),237.4,0.0007730109500698745,0.00038928340654820204,0.0015162302879616618,0.0005479789688251913,-25.4,5.0,119,1.07,
234,morfonica,アゲハ蝶 (Cover),280.67,0.0008314705337397754,0.0003905335033778101,0.001694643753580749,0.0005510334158316255,-19.72,5.0,141,1.34,
235,morfonica,V.I.P (Cover),193.5,0.0009533041156828403,0.0005762822111137211,0.0017656697891652584,0.0007813487900421023,-17.39,5.0,97,0.87,
236,morfonica,CQCQ (Cover),221.77,0.0006455120164901018,0.00044065245310775936,0.0013631487963721156,0.001243905397132039,-19.89,5.0,111,1.04,
237,mugendai_mutype,アイの夢限,200.5,0.0007527426350861788,0.00045677486923523247,0.0013747550547122955,0.0006165437516756356,-24.74,5.0,101,0.92,
238,mugendai_mutype,どんがらがっしゃん,196.53,0.001049841521307826,0.00047947579878382385,0.002081302460283041,0.0009136738954111934,-17.42,5.0,99,0.91,
239,mugendai_mutype,みゅーたんとミュータント,,,,,,-23.63,5.0,,1.02,
240,mugendai_mutype,チューニング,,,,,,-24.1,5.0,,0.9,
241,mugendai_mutype,Dream Voyage,262.32,0.0009675894398242235,0.00046099277096800506,0.0022177034988999367,0.0007390006212517619,-17.62,5.0,132,1.21,
242,mugendai_mutype,グラディエント,201.02,0.0008592377998866141,0.00044338611769489944,0.0013223994756117463,0.00037471638643182814,-26.98,5.0,101,0.93,
243,mugendai_mutype,LET'Sあちあちトレーニング！,206.5,0.0009396844543516636,0.00041414398583583534,0.002173504326492548,0.013562706299126148,-24.64,5.0,104,0.94,
244,mugendai_mutype,真夜中遊園地,230.0,0.0008411442977376282,0.00041927670827135444,0.0013667922466993332,0.00051923404680565,-20.03,5.0,115,1.06,
245,mugendai_mutype,テレパシー,254.0,0.0006995471194386482,0.0003922427713405341,0.0012151970295235515,0.00033747521229088306,-30.74,5.0,127,1.17,
246,mugendai_mutype,TRASH LIFE,213.02,0.0009260891820304096,0.0003725613350979984,0.0017192201921716332,0.0007509441347792745,-35.14,5.0,107,0.99,
247,mugendai_mutype,新人類は仮想世界の夢を見るか?,,,,,,-20.32,5.0,,1.09,
248,mugendai_mutype,コミュ着火Fire!,185.02,0.0012628691038116813,0.0006170508568175137,0.005690199322998524,0.01513233594596386,-19.88,5.0,93,0.86,
249,mugendai_mutype,Calling,,,,,,-19.82,5.0,,0.83,
250,mugendai_mutype,Hi-Vision,180.5,0.0008348065312020481,0.00041533654439263046,0.0015116296708583832,0.0005948279285803437,-23.84,5.0,91,0.84,
251,mugendai_mutype,コハク,,,,,,-26.38,5.0,,1.01,
252,mugendai_mutype,✞animaるパーティ✞開催中✞,177.02,0.0011135322274640203,0.0005190550000406802,0.003676478983834386,0.011529983021318913,-22.29,5.0,89,0.85,
253,mugendai_mutype,エンプティパペット,,,,,,-24.8,5.0,,0.59,
254,mugendai_mutype,限界現実サバイブ天使,,,,,,-19.89,5.0,,0.6,
255,mugendai_mutype,ビッグマウス,173.02,0.0007988890283741057,0.00038664808380417526,0.0013229927280917764,0.0006706468993797898,-19.82,5.0,87,0.54,
256,mugendai_mutype,夢現妄想世界,,,,,,-15.69,5.0,,0.59,
257,mugendai_mutype,やわやわNERD 超FreQuency,187.6,0.001268189400434494,0.000564616871997714,0.004283405374735594,0.004993583541363478,-20.13,5.0,94,0.63,
258,mugendai_mutype,超惑星Xへの旅,173.63,0.0012551638064906001,0.0006680272636003792,0.0030921995639801025,0.0032285251654684544,-21.46,5.0,87,0.63,
259,mugendai_mutype,これはぼくたちの生存のあらすじ,234.77,0.0009676226763986051,0.00045992954983375967,0.0016787437489256263,0.0024039349518716335,-18.48,5.0,118,1.1,
260,mygo,迷星叫,211.37,0.0007597797084599733,0.00044778286246582866,0.0015366594307124615,0.00042902425047941506,-17.48,5.0,106,1.01,
261,mygo,壱雫空,189.59,0.0007002709899097681,0.00040761896525509655,0.0011524474248290062,0.00037002068711444736,-15.8,5.0,95,0.88,
262,mygo,碧天伴走,218.87,0.0006968269590288401,0.00043372291838750243,0.0012050372315570712,0.00034439912997186184,-14.93,5.0,110,1.02,
263,mygo,影色舞,209.45,0.000646798056550324,0.0004078787751495838,0.0011739234905689955,0.00031533348374068737,-17.4,5.0,105,0.96,
264,mygo,歌いましょう鳴らしましょう,176.49,0.0007416920852847397,0.0004816257569473237,0.001412154408171773,0.0003629305574577302,-15.92,5.0,89,0.83,
265,mygo,潜在表明,,,,,,-20.14,5.0,,1.22,
266,mygo,音一会,,,,,,-15.23,5.0,,1.31,
267,mygo,春日影 (MyGO!!!!! ver.),256.61,0.0007031297427602112,0.00041759919258765876,0.0012761575635522604,0.0003974582359660417,-18.37,5.0,129,1.19,
268,mygo,詩超絆,237.2,0.0006180866039358079,0.000348208996001631,0.0012410633498802781,0.0008251959225162864,-24.36,5.0,119,1.12,
269,mygo,迷路日々,215.45,0.0006052437820471823,0.00035000935895368457,0.0009001622092910111,0.0002196811983594671,-15.31,5.0,108,1.01,
270,mygo,無路矢,222.93,0.0006489485967904329,0.000435948051745072,0.001161658321507275,0.00030382777913473547,-13.48,5.0,112,1.04,
271,mygo,名無声,271.65,0.0008818042697384953,0.0005427692085504532,0.0017568491166457534,0.0005352006410248578,-15.45,5.0,136,1.33,
272,mygo,栞,266.41,0.0007688282057642937,0.00044264664757065475,0.0012416655663400888,0.00030753493774682283,-18.71,5.0,134,1.33,
273,mygo,歩拾道,,,,,,-15.36,5.0,,1.27,
274,mygo,明弦音,243.92,0.0005714892758987844,0.0003533533017616719,0.001004510559141636,0.00034755803062580526,-13.78,5.0,122,1.21,
275,mygo,孤壊牢,215.57,0.0006135401781648397,0.0003610800195019692,0.0012099299347028136,0.0006219829665496945,-15.13,5.0,108,1.03,
276,mygo,霧周途,,,,,,-14.64,5.0,,1.07,
277,mygo,端程山,260.97,0.0006550400867126882,0.0004011967685073614,0.0009984283242374659,0.00029203813755884767,-15.76,5.0,131,1.55,
278,mygo,処救生,217.49,0.0006350578041747212,0.00036650290712714195,0.0012814520159736276,0.0006327877636067569,-13.14,5.0,109,1.36,
279,mygo,輪符雨,207.57,0.0007484538364224136,0.00042461801785975695,0.001333608292043209,0.0004317861457820982,-13.93,5.0,104,1.33,
280,mygo,夜隠染,200.97,0.0006506879581138492,0.00036067329347133636,0.0012988772941753268,0.0004150386666879058,-16.58,5.0,101,1.27,
281,mygo,過惰幻,237.61,0.0006391103961504996,0.00026847602566704154,0.001282244105823338,0.0003902917669620365,-22.36,5.0,119,1.53,
282,mygo,回層浮,261.24,0.0007276132237166166,0.00034228444565087557,0.0013790559023618698,0.001066864002496004,-16.57,5.0,131,1.69,
283,mygo,砂寸奏,223.6,0.0005559943965636194,0.00031414590193890035,0.0009592004935257137,0.0003024049801751971,-17.97,5.0,112,1.45,
284,mygo,焚音打,242.92,0.0007873326539993286,0.00048613318358547986,0.0018070935038849711,0.0008189323707483709,-15.04,5.0,122,1.58,
285,mygo,残痕字,255.07,0.0005456234212033451,0.00035972407204099,0.0008246244979090989,0.0001794131239876151,-14.63,5.0,128,1.65,
286,mygo,掌心正銘,221.47,0.0005499602993950248,0.0003596923779696226,0.0008534038788639009,0.0003489711962174624,-15.38,5.0,111,1.42,
287,mygo,証命讃歌,,,,,,-14.9,5.0,,1.23,
288,mygo,エガクミライ,239.41,0.0006273441249504685,0.000332347844960168,0.0010052381549030542,0.0005838225479237735,-21.31,5.0,120,1.51,
289,mygo,静降想,,,,,,-22.79,5.0,,1.72,
290,mygo,聿日箋秋,236.36,0.0006873304373584688,0.00039222685154527426,0.0011957082897424698,0.001352441729977727,-15.5,5.0,119,1.39,
291,mygo,往欄印,,,,,,-14.5,5.0,,1.81,
292,mygo,だれかの心臓になれたなら (Cover),236.37,0.0006008039927110076,0.0003737426013685763,0.0009066754137165844,0.0002543971058912575,-26.38,5.0,119,1.46,
293,mygo,遥か彼方 (Cover),249.23,0.0005757743492722511,0.00027671499992720783,0.0010331609519198537,0.00036569705116562545,-18.23,5.0,125,1.48,
294,mygo,雑踏、僕らの街 (Cover),,,,,,-22.23,5.0,,1.18,
295,mygo,過去を喰らう (Cover),240.48,0.0006155329174362123,0.0003747563168872148,0.0012706409906968474,0.0003610254207160324,-15.94,5.0,121,1.17,
296,mygo,君の神様になりたい。 (Cover),249.33,0.0005103794974274933,0.00033837842056527734,0.0010248476173728704,0.000401957833673805,-16.33,5.0,125,1.2,
297,mygo,ノンブレス・オブリージュ (Cover),207.25,0.0006367024616338313,0.0003334165958222002,0.0011319404002279043,0.00040395662654191256,-21.06,5.0,104,1.38,
298,mygo,swim (Cover),209.55,0.0006180516793392599,0.0003840761200990528,0.0009856416145339608,0.0002772499865386635,-13.83,5.0,105,1.34,
299,mygo,猛独が襲う (Cover),254.32,0.0004534420440904796,0.00029709303635172546,0.0008453518967144191,0.0002570090291555971,-16.1,5.0,128,1.66,
300,mygo,春日影,123.01,0.0007193249184638262,0.00034146453253924847,0.001319078728556633,0.04078272357583046,-40.76,5.0,62,0.81,
301,pastel_palettes,TITLE IDOL,268.37,0.0009172449936158955,0.0005031469045206904,0.0015809581382200122,0.002773424843326211,-19.37,5.0,135,1.73,
302,pastel_palettes,ワクワクmeetsトリップ,247.3,0.0010883772047236562,0.0005428668227978051,0.0019750099163502455,0.0005630842060782015,-21.09,5.0,124,1.58,
303,pastel_palettes,ゆら・ゆらRing-Dong-Dance,265.14,0.0009064758196473122,0.00043106029625050724,0.0016806911444291472,0.0005057664820924401,-22.39,5.0,133,1.69,
304,pastel_palettes,もういちど ルミナス,,,,,,-21.06,5.0,,1.69,
305,pastel_palettes,あっつあつ 常夏 らぶ☆サマー！,246.87,0.0007959341164678335,0.00034994070301763713,0.001508284593001008,0.0005151854711584747,-19.64,5.0,124,1.6,
306,pastel_palettes,天下トーイツ A to Z☆,218.57,0.0008440965320914984,0.0004339959123171866,0.0014463217230513692,0.0004482486692722887,-20.3,5.0,110,1.42,
307,pastel_palettes,しゅわりん☆どり〜みん,236.37,0.000969781365711242,0.0004966622218489647,0.0019260946428403258,0.0010556211927905679,-21.28,5.0,119,1.43,
308,pastel_palettes,Power of LOVE!!!,231.7,0.0009427408222109079,0.00045627699000760913,0.0016912451246753335,0.0005564341554418206,-19.03,5.0,116,1.24,
309,pastel_palettes,きゅ～まい＊flower,220.6,0.000741953554097563,0.000339875346980989,0.0014416184276342392,0.0005579968565143645,-20.08,5.0,111,1.33,
310,pastel_palettes,Winking☆Cheer,,,,,,-22.2,5.0,,1.99,
311,pastel_palettes,ゆめゆめグラデーション,284.73,0.0008430948364548385,0.0004793172993231565,0.0014075991930440068,0.0003632877778727561,-19.68,5.0,143,1.8,
312,pastel_palettes,はなまる◎アンダンテ,226.47,0.0008393675088882446,0.0004185926227364689,0.0017579017439857125,0.0005525416345335543,-20.7,5.0,114,1.48,
313,pastel_palettes,パスパレボリューションず☆,231.33,0.0010411327239125967,0.0005203282344155014,0.0017730286344885826,0.0010698172263801098,-19.43,5.0,116,1.26,
314,pastel_palettes,SURVIVOR ねばーぎぶあっぷ!,248.63,0.0007468743133358657,0.00045694559230469167,0.0014691019896417856,0.0006160777993500233,-18.68,5.0,125,1.17,
315,pastel_palettes,Wonderland Girl,271.03,0.0008405342232435942,0.0005017389776185155,0.0013132047606632113,0.00036262156208977103,-20.64,5.0,136,1.28,
316,pastel_palettes,ゼッタイ宣言～Recital～,241.53,0.0007571952301077545,0.00032017051125876606,0.0014131848001852632,0.0004715239629149437,-23.43,5.0,121,1.14,
317,pastel_palettes,ぎゅっDAYS♪,251.63,0.000785243057180196,0.0003906190977431834,0.0013277903199195862,0.0003472403041087091,-20.03,5.0,126,1.52,
318,pastel_palettes,Wonderful Sweet!,247.4,0.0007456238381564617,0.0004122870450373739,0.001462357584387064,0.0005122800939716399,-19.35,5.0,124,1.54,
319,pastel_palettes,るんっ♪てぃてぃー！,229.27,0.0007253501680679619,0.00036759459180757403,0.0012403231812641025,0.0003834743401966989,-19.06,5.0,115,1.45,
320,pastel_palettes,パッパレ☆人生！バーン万歳！,239.53,0.0007223449647426605,0.0004428153915796429,0.001064463285729289,0.0002690271649044007,-19.78,5.0,120,1.53,
321,pastel_palettes,Brand new Pastel Road!,255.5,0.0008963556028902531,0.00041096791392192245,0.0015468461206182837,0.0008384689572267234,-19.8,5.0,128,1.62,
322,pastel_palettes,あこがれacross,234.57,0.0006171600543893874,0.0003936538123525679,0.001041215262375772,0.00030055755632929504,-18.75,5.0,118,1.53,
323,pastel_palettes,ハレハレ☆フォーチュン,270.47,0.0009982665069401264,0.0005383786628954113,0.0017820000648498535,0.001361760194413364,-21.21,5.0,136,1.73,
324,pastel_palettes,ハナヒバナ,,,,,,-29.15,5.0,,1.62,
325,pastel_palettes,そばかす,250.57,0.0008897550869733095,0.0004620015388354659,0.0013922995422035456,0.00046147036482580006,-19.37,5.0,126,1.51,
326,pastel_palettes,気まぐれロマンティック,243.77,0.0008287864038720727,0.000487752549815923,0.0015502615133300424,0.0004746996855828911,-19.79,5.0,122,1.51,
327,pastel_palettes,ドリームパレード,234.7,0.0005883670528419316,0.000331956340232864,0.001149579300545156,0.00032908693538047373,-17.82,5.0,118,1.48,
328,pastel_palettes,ラムのラブソング,162.4,0.00044872640864923596,0.0002668743545655161,0.0007463725632987916,0.0002182996249757707,-27.14,5.0,82,1.07,
329,pastel_palettes,DANCE! おジャ魔女,196.5,0.0007105481927283108,0.0003743706038221717,0.001366805168800056,0.000714960740879178,-19.02,5.0,99,1.25,
330,pastel_palettes,DISCOTHEQUE,243.27,0.0007239917758852243,0.0003591350687202066,0.0012627922696992755,0.0003617960901465267,-20.84,5.0,122,1.49,
331,pastel_palettes,ゆりゆららららゆるゆり大事件,229.27,0.0006248489371500909,0.00034228336880914867,0.0010374054545536637,0.00033452745992690325,-19.97,5.0,115,1.09,
332,pastel_palettes,SAKURAスキップ,228.83,0.0008526842575520277,0.0004438681644387543,0.0013455511070787907,0.000408736290410161,-18.77,5.0,115,1.09,
333,pastel_palettes,Stay Alive,263.97,0.0007861868944019079,0.00042861580732278526,0.0013347732601687312,0.0008316133753396571,-23.6,5.0,132,1.66,
334,pastel_palettes,秘密の扉から会いにきて,218.6,0.000809088465757668,0.00041637299000285566,0.0013602905673906207,0.00041046596015803516,-19.16,5.0,110,1.4,
335,pastel_palettes,トリドリ＊パレット,,,,,,-17.43,5.0,,1.6,
336,pastel_palettes,ドラマチック！アライブ,259.53,0.0008658558363094926,0.000515008345246315,0.0014149573398754,0.00042630371171981096,-18.65,5.0,130,1.66,
337,pastel_palettes,Radiate Warriors,240.33,0.0009337723604403436,0.0003864399914164096,0.0015270343283191323,0.0006600995548069477,-21.59,5.0,121,1.56,
338,pastel_palettes,ReReReエボリューションず☆,214.47,0.000727883365470916,0.0004260382556822151,0.0012052231468260288,0.00045963897719047964,-18.97,5.0,108,1.39,
339,pastel_palettes,everyday flower,,,,,,-18.21,5.0,,1.55,
340,pastel_palettes,With〜きみとわたしたちの物語〜,245.87,0.0011018597288057208,0.0006145501392893493,0.001817374606616795,0.0005228990921750665,-19.12,5.0,123,1.59,
341,pastel_palettes,フレっとパレットFight Song!!,241.97,0.0008744157385081053,0.0005054831854067743,0.0014928689925000072,0.0004373443953227252,-18.29,5.0,121,1.34,
342,pastel_palettes,デイオフ・ラフ・ラブ・サンクス,243.7,0.0012210720451548696,0.000522183021530509,0.0022576251067221165,0.0010472226422280073,-19.35,5.0,122,1.37,
343,pastel_palettes,ホワイト ノスタルジア,283.83,0.0009404614102095366,0.00039509389898739755,0.0016569446306675673,0.0005262352642603219,-22.98,5.0,142,1.84,
344,pastel_palettes,Y.O.L.O！！！！！(パスパレver.),268.87,0.001054544816724956,0.0005633620894514024,0.0017723272321745753,0.0006589491968043149,-18.62,5.0,135,1.77,
345,pastel_palettes,奏（かなで） (Cover),294.37,0.0007161054527387023,0.00033315274049527943,0.001214984804391861,0.00038778118323534727,-25.71,5.0,148,1.92,
346,pastel_palettes,Sparkling Daydream (Cover),249.23,0.0006676461198367178,0.00039203636697493494,0.0013938728952780366,0.000433910870924592,-19.27,5.0,125,1.61,
347,pastel_palettes,春を告げる (Cover),198.93,0.00062940752832219,0.0003520671743899584,0.0011111568892374635,0.00030760481604374945,-27.36,5.0,100,1.25,
348,pastel_palettes,だから、ひとりじゃない (Cover),,,,,,-20.15,5.0,,1.46,
349,pastel_palettes,サインはB (Cover),215.4,0.0010529994033277035,0.0006431416841223836,0.001700792694464326,0.0006994658033363521,-20.39,5.0,108,1.19,
350,pastel_palettes,愛包ダンスホール (Cover),222.8,0.000901005114428699,0.0004097559431102127,0.0015964892227202654,0.00048325679381377995,-20.74,5.0,112,1.07,
351,pastel_palettes,最上級にかわいいの！ (Cover),191.33,0.000809541845228523,0.0004011134151369333,0.0014939992688596249,0.0005781040526926517,-18.7,5.0,96,0.89,
352,pastel_palettes,♡桃色片想い♡ (Cover),257.57,0.000701205397490412,0.00037387097836472094,0.001233225571922958,0.004775036126375198,-18.37,5.0,129,1.49,
353,pastel_palettes,金曜日のおはよう (Cover),241.73,0.0007541438681073487,0.0003818531986325979,0.001198860933072865,0.0003635999746620655,-20.52,5.0,121,1.57,
354,pastel_palettes,魔法少女とチョコレゐト (Cover),187.96,0.0007731622317805886,0.0003903846663888544,0.0013344595208764076,0.0006715893978253007,-23.33,5.0,94,1.21,
355,pastel_palettes,可愛くてごめん (Cover),,,,,,-21.33,5.0,,1.4,
356,pastel_palettes,からくりピエロ (Cover),,,,,,-28.22,5.0,,1.59,
357,pastel_palettes,みくみくにしてあげる♪【してやんよ】 (Cover),103.53,0.0006471503875218332,0.00035266124177724123,0.0010889050317928195,0.000289573596091941,-19.72,5.0,52,0.67,
358,pastel_palettes,ルカルカ★ナイトフィーバー (Cover),242.0,0.0011382783995941281,0.0006760673713870347,0.0018360395915806293,0.0006196415633894503,-19.72,5.0,121,1.54,
359,pastel_palettes,アイドル (Cover),214.37,0.000874304911121726,0.0005496008670888841,0.0018955590203404427,0.0014377209590747952,-20.02,5.0,108,1.41,
360,pastel_palettes,secret base ～君がくれたもの～ (Cover),322.0,0.0007593681220896542,0.0004002141358796507,0.0012148750247433782,0.0003505736240185797,-24.14,5.0,161,2.06,
361,pastel_palettes,ふわふわ時間 (Cover),245.23,0.0006829138728789985,0.00040649125003255904,0.00137006351724267,0.0006213067681528628,-20.89,5.0,123,1.6,
362,pastel_palettes,Fantastic future (Cover),246.9,0.0008360476931557059,0.00044116863864474,0.0018507858039811254,0.001630132319405675,-21.86,5.0,124,1.27,
363,pastel_palettes,Baby Sweet Berry Love (Cover),,,,,,-20.46,5.0,,1.46,
364,pastel_palettes,Q＆A　リサイタル！ (Cover),291.2,0.0006941503379493952,0.00035158504033461213,0.0012106688227504492,0.0003315785725135356,-21.52,5.0,146,1.88,
365,pastel_palettes,ヒトリゴト (Cover),235.27,0.0009658890776336193,0.0005865533603355289,0.001331627951003611,0.0003136141167487949,-19.71,5.0,118,1.48,
366,pastel_palettes,惑星ループ (Cover),206.77,0.0005840703379362822,0.0003300020471215248,0.0011011360911652446,0.0003465050249360502,-20.35,5.0,104,1.3,
367,pastel_palettes,世界は恋に落ちている (Cover),313.2,0.0008055436774156988,0.00043776468373835087,0.001392729813233018,0.0005563279846683145,-22.41,5.0,157,2.02,
368,pastel_palettes,ハッピーシンセサイザ (Cover),238.0,0.0006656476180069149,0.00034309274633415043,0.0011190642835572362,0.00032531487522646785,-21.15,5.0,119,1.35,
369,pastel_palettes,春擬き (Cover),269.03,0.0007415752043016255,0.0003964071802329272,0.0013091808650642633,0.00036274438025429845,-19.68,5.0,135,1.29,
370,pastel_palettes,Make it! (Cover),252.4,0.000660525809507817,0.00042048911564052105,0.001140644890256226,0.00029883862589485943,-18.04,5.0,127,1.29,
371,pastel_palettes,花ハ踊レヤいろはにほ (Cover),251.1,0.0006782530108466744,0.0004181765834800899,0.0011441479437053204,0.00032745403586886823,-20.18,5.0,126,1.63,
372,pastel_palettes,夜に駆ける (Cover),262.6,0.0007219590479508042,0.000326782203046605,0.0011418621288612485,0.00037751259515061975,-19.25,5.0,132,1.68,
373,pastel_palettes,徒花ネクロマンシー (Cover),242.7,0.0007271944778040051,0.00044057139893993735,0.0013062027283012867,0.0005789679125882685,-18.64,5.0,122,1.57,
374,pastel_palettes,ノスタルジックレインフォール (Cover),237.03,0.0007150902529247105,0.00043425659532658756,0.001339954906143248,0.00047676224494352937,-23.14,5.0,119,1.53,
375,poppin_party,Yes! BanG_Dream!,309.97,0.0008360585197806358,0.00047349362284876406,0.0017302633496001363,0.0006623248336836696,-20.74,5.0,155,1.97,
376,poppin_party,STAR BEAT!～ホシノコドウ～,320.73,0.0009641092619858682,0.0004862768983002752,0.0017169719794765115,0.0006096223369240761,-18.28,5.0,161,2.06,
377,poppin_party,走り始めたばかりのキミに,260.97,0.0008133817464113235,0.00048571397201158106,0.0017220532754436135,0.0006315720966085792,-21.93,5.0,131,1.68,
378,poppin_party,ティアドロップス,217.13,0.0007971635204739869,0.000430785323260352,0.0016214213101193309,0.0014132967917248607,-21.77,5.0,109,1.39,
379,poppin_party,ときめきエクスペリエンス！,257.67,0.0008163696620613337,0.00044432689901441336,0.0014261152828112245,0.00044035501196049154,-18.96,5.0,129,1.56,
380,poppin_party,キラキラだとか夢だとか ～Sing Girls～,305.9,0.0007981800590641797,0.0004578720254357904,0.0015030089998617768,0.00040459836600348353,-18.71,5.0,153,1.71,
381,poppin_party,私の心はチョココロネ,252.9,0.0009747392614372075,0.00043887723586522043,0.0016221938421949744,0.000488227786263451,-20.92,5.0,127,1.49,
382,poppin_party,前へススメ！,309.47,0.0009405032615177333,0.00047698841081000865,0.001993988174945116,0.0006527333171106875,-19.37,5.0,155,2.0,
383,poppin_party,夢みるSunflower,279.9,0.000784877804107964,0.00044801158946938813,0.001709457254037261,0.0006076328572817147,-21.29,5.0,140,1.8,
384,poppin_party,ティアドロップス ～Popipa Acoustic Ver.～,232.73,0.0010034036822617054,0.00034355654497630894,0.001735926722176373,0.0005538751138374209,-25.03,5.0,117,1.5,
385,poppin_party,走り始めたばかりのキミに ～Popipa Acoustic Ver.～,,,,,,-30.88,5.0,,1.55,
386,poppin_party,Time Lapse,249.0,0.0011091548949480057,0.0005328296683728695,0.002116988180205226,0.0009098349837586284,-22.49,5.0,125,1.15,
387,poppin_party,八月のif,275.73,0.0007475224556401372,0.0004432177811395377,0.0013465455267578363,0.0003859687130898237,-21.1,5.0,138,1.64,
388,poppin_party,クリスマスのうた,277.37,0.0008931542397476733,0.0003886910853907466,0.0015170056140050292,0.0017758216708898544,-21.77,5.0,139,1.77,
389,poppin_party,B.O.F,218.9,0.000867757189553231,0.0004664711013901979,0.0016107343835756183,0.0005347165861167014,-18.06,5.0,110,1.38,
390,poppin_party,CiRCLING,261.33,0.0009136421140283346,0.00045149229117669165,0.0017640594160184264,0.0007225293666124344,-19.19,5.0,131,1.67,
391,poppin_party,二重の虹(ダブル レインボウ),,,,,,-19.49,5.0,,1.56,
392,poppin_party,最高(さあ行こう)！,228.87,0.0007875991868786514,0.00045576883712783456,0.0014415925834327936,0.0004340711166150868,-18.84,5.0,115,1.48,
393,poppin_party,ガールズコード,325.23,0.000763501797337085,0.0004468357074074447,0.0013417168520390987,0.0005504281143657863,-17.45,5.0,163,2.06,
394,poppin_party,Yes! BanG_Dream! ～Popipa Acoustic Ver.～,308.4,0.0006695810589008033,0.00040082461782731116,0.0011197641724720597,0.00035532229230739176,-22.16,5.0,155,1.97,
395,poppin_party,夏空 SUN! SUN! SEVEN! ～Popipa Acoustic Ver.～,299.93,0.0008443651022389531,0.0004252413345966488,0.0012328957673162222,0.0003235658223275095,-25.47,5.0,150,1.71,
396,poppin_party,STAR BEAT!～ホシノコドウ～ ～Popipa Acoustic Ver.～,327.73,0.0009159577311947942,0.00048386483103968203,0.001449422794394195,0.0003875566180795431,-27.22,5.0,164,1.89,
397,poppin_party,Breakthrough!,275.8,0.0008782303775660694,0.0004918152699247003,0.0014971314230933785,0.00042588645010255277,-19.15,5.0,138,1.77,
398,poppin_party,NO GIRL NO CRY/Poppin'Party Ver.,312.8,0.0006939269951544702,0.00036452364292927086,0.001157179125584662,0.000369695684639737,-17.83,5.0,157,2.01,
399,poppin_party,イニシャル,295.24,0.0007359918090514839,0.0004295492253731936,0.0014743071515113115,0.00047656186507083476,-21.79,5.0,148,1.87,
400,poppin_party,Hello! Wink!,281.93,0.000820887740701437,0.00037647143471986055,0.0015244354726746678,0.0004886003443971276,-19.0,5.0,141,1.82,
401,poppin_party,Step×Step!,249.0,0.0007174995844252408,0.00034674687776714563,0.0012964914785698056,0.00040213781176134944,-25.05,5.0,125,1.6,
402,poppin_party,Jumpin',247.87,0.0008034444181248546,0.00041910354048013687,0.0013236514059826732,0.00044538432848639786,-18.81,5.0,124,1.61,
403,poppin_party,White Afternoon,299.97,0.00073858886025846,0.0004065776302013546,0.0013360605807974935,0.000380752986529842,-21.22,5.0,150,1.68,
404,poppin_party,キラキラスター！,275.97,0.0007767272181808949,0.0004207250021863729,0.001221913960762322,0.00034983642399311066,-18.67,5.0,138,1.3,
405,poppin_party,Returns,323.17,0.0007573743350803852,0.00045052325003780425,0.001388486591167748,0.0008635934209451079,-23.99,5.0,162,1.74,
406,poppin_party,Dreamers Go!,258.0,0.0008762174402363598,0.0005093521322123706,0.0013595655327662826,0.0005984026356600225,-19.17,5.0,129,1.52,
407,poppin_party,キズナミュージック♪,315.4,0.0009361420525237918,0.0004850949044339359,0.0019297709222882986,0.0005598891875706613,-18.02,5.0,158,1.99,
408,poppin_party,ミライトレイン,355.67,0.000678682466968894,0.0004275293613318354,0.0011635343544185162,0.00042826004209928215,-19.97,5.0,178,2.25,
409,poppin_party,夢を撃ち抜く瞬間に！,280.57,0.0008509394247084856,0.0004074255411978811,0.0014323232462629676,0.0003998997563030571,-18.34,5.0,141,1.78,
410,poppin_party,ぽっぴん'しゃっふる,,,,,,-18.66,5.0,,1.61,
411,poppin_party,夏空 SUN! SUN! SEVEN!,271.17,0.000809954886790365,0.0004378482699394226,0.001475342782214284,0.00042916033999063075,-17.29,5.0,136,1.58,
412,poppin_party,1000回潤んだ空,330.77,0.0006587026291526854,0.0003615798195824027,0.0012678480707108974,0.0005607968778349459,-25.89,5.0,166,2.06,
413,poppin_party,HAPPY HAPPY PARTY!,282.45,0.000748557795304805,0.0004227944591548294,0.0013015709118917584,0.0004332287353463471,-18.42,5.0,142,1.82,
414,poppin_party,夏のドーン！,221.35,0.00075144087895751,0.00047673293738625944,0.0012589764082804322,0.00042827578727155924,-19.66,5.0,111,1.39,
415,poppin_party,キミにもらったもの,235.43,0.0006700935773551464,0.000313001946778968,0.0010151874739676714,0.0002758595801424235,-28.38,5.0,118,1.51,
416,poppin_party,Light Delight,308.83,0.0009972724365070462,0.0004251151403877884,0.0017951613990589976,0.0006994595169089735,-24.72,5.0,155,1.98,
417,poppin_party,切ないSandglass,246.47,0.0007887753890827298,0.000446901423856616,0.0015587983652949333,0.000507265271153301,-23.25,5.0,124,1.61,
418,poppin_party,Home Street,228.0,0.000727270555216819,0.000475921988254413,0.0010984380496665835,0.000251453515375033,-21.05,5.0,114,1.36,
419,poppin_party,What's the POPIPA!?,278.67,0.0006521710893139243,0.00039466781890951097,0.0014014600310474634,0.0003688723954837769,-18.39,5.0,140,1.39,
420,poppin_party,SAKURA MEMORIES,254.6,0.0007846711087040603,0.00043480866588652134,0.0014430389273911715,0.0003922049072571099,-20.52,5.0,128,1.24,
421,poppin_party,アニバーサリー,273.83,0.0007367267389781773,0.0004429347172845155,0.001219601253978908,0.00029521549004130065,-17.7,5.0,137,1.65,
422,poppin_party,Tomorrow's Door,247.6,0.0006776830414310098,0.0003611957363318652,0.0013333356473594904,0.0004006972012575716,-17.29,5.0,124,1.6,
423,poppin_party,イントロダクション,221.4,0.0007548446301370859,0.000420407741330564,0.0012750051682814956,0.0003592090797610581,-19.29,5.0,111,1.39,
424,poppin_party,TARINAI,219.63,0.0006977061275392771,0.00045902677811682224,0.0014791892608627677,0.0004540928639471531,-18.6,5.0,110,1.42,
425,poppin_party,DOKI DOKI SCARY,240.36,0.0008924357243813574,0.0004188960883766413,0.0016620289534330368,0.0006807349855080247,-17.26,5.0,121,1.54,
426,poppin_party,Photograph,,,,,,-19.08,5.0,,1.58,
427,poppin_party,夏に閉じこめて,261.64,0.0008155782707035542,0.000491522194352001,0.0012668892741203308,0.00035236889380030334,-19.91,5.0,131,1.42,
428,poppin_party,ぽっぴん'どりーむ！,269.77,0.0008033730555325747,0.00041019925265572965,0.001336175249889493,0.0003776312223635614,-17.35,5.0,135,1.71,
429,poppin_party,星の約束,245.13,0.000817685853689909,0.00041310591041110456,0.001406240975484252,0.0005135359242558479,-18.78,5.0,123,1.56,
430,poppin_party,新しい季節に,211.8,0.0006688667344860733,0.00038185238372534513,0.0011182313319295645,0.00033855295623652637,-18.88,5.0,106,1.37,
431,poppin_party,トレモロアイズ,241.4,0.0007950963918119669,0.0004967767745256424,0.0012779305689036846,0.0003428923082537949,-18.09,5.0,121,1.56,
432,poppin_party,雨上がり、キミと,265.91,0.0007674135849811137,0.00043423206079751253,0.0011950930347666144,0.0003367927565705031,-15.58,5.0,133,1.74,
433,poppin_party,花咲く未来に,,,,,,-16.24,5.0,,1.79,
434,poppin_party,Live Beyond!!,314.6,0.0007799360901117325,0.00046709642629139125,0.0013115437468513846,0.0009119599126279354,-18.34,5.0,158,2.04,
435,poppin_party,Sweets BAN!,255.87,0.0007591503672301769,0.0003509685047902167,0.0011429840233176947,0.00031494966242462397,-18.93,5.0,128,1.64,
436,poppin_party,キミが始まる！,,,,,,-18.46,5.0,,1.39,
437,poppin_party,Moonlight Walk,226.57,0.0008531349012628198,0.0004153126501478255,0.001962804701179266,0.001026375568471849,-20.23,5.0,114,1.41,
438,poppin_party,ここから先は歌にならない,277.6,0.0007951841689646244,0.00045801172382198274,0.001449995907023549,0.0006153266876935959,-20.76,5.0,139,1.42,
439,poppin_party,青春 To Be Continued,256.37,0.0007152814068831503,0.00039557061973027885,0.0011358485789969563,0.0003471478121355176,-18.53,5.0,129,1.21,
440,poppin_party,Future Place,232.97,0.00066198012791574,0.0003884264442604035,0.0013460704358294606,0.0003962363989558071,-17.23,5.0,117,1.19,
441,poppin_party,大好き！,247.47,0.0007908176048658788,0.00035336101427674294,0.0014942482812330127,0.0005693366983905435,-18.44,5.0,124,1.4,
442,poppin_party,Five Letters,249.23,0.0006845209863968194,0.00039257635944522917,0.0011350681306794286,0.00034761123242788017,-21.36,5.0,125,1.53,
443,poppin_party,最強☆ソング,255.13,0.000643834238871932,0.0003671831509564072,0.0010717945406213403,0.0002586267073638737,-19.01,5.0,128,1.63,
444,poppin_party,RiNG A BELL,261.07,0.0006927140639163554,0.0004226454475428909,0.0013723206939175725,0.0005112718790769577,-17.06,5.0,131,1.69,
445,poppin_party,Drive Your Heart,268.87,0.0007179327658377588,0.00043726552394218743,0.0015111034736037254,0.0005197424907237291,-16.53,5.0,135,1.73,
446,poppin_party,とっておきAnswer,196.8,0.0006690854206681252,0.0004112440219614655,0.001173502649180591,0.00032265466870740056,-17.59,5.0,99,1.25,
447,poppin_party,START!! True dreams,242.88,0.0008863991824910045,0.00039283090154640377,0.001469286042265594,0.0004371659306343645,-16.82,5.0,122,1.53,
448,poppin_party,どきどきデエト,217.33,0.0008231957326643169,0.00044748670188710093,0.0012906129704788327,0.00030552264070138335,-17.49,5.0,109,1.35,
449,poppin_party,チョコレイトの低音レシピ,271.02,0.0006192077416926622,0.00035588268656283617,0.0010233017383143306,0.00029606473981402814,-20.95,5.0,136,1.75,
450,poppin_party,Chu Chueen!,229.9,0.0008462006226181984,0.00039384106639772654,0.001430367585271597,0.0005843203398399055,-16.69,5.0,115,1.5,
451,poppin_party,どきどきSING OUT!,,,,,,-19.04,5.0,,1.62,
452,poppin_party,Freedom,264.57,0.0008563337032683194,0.00033045466989278793,0.00139405089430511,0.00041586344013921916,-18.11,5.0,133,1.72,
453,poppin_party,Game Changer,195.77,0.00089454953558743,0.0004756420385092497,0.0016465703956782818,0.0004481988726183772,-19.65,5.0,98,1.24,
454,poppin_party,花園電気ギター！！！,199.06,0.0007250678027048707,0.00047206805902533233,0.0012640091590583324,0.0009389438782818615,-20.23,5.0,100,1.28,
455,poppin_party,す、好きなんかじゃない！,236.94,0.0008893495541997254,0.00047499261563643813,0.001415315899066627,0.0005688417586497962,-19.33,5.0,119,1.51,
456,poppin_party,遠い音楽 ～ハートビート～,243.16,0.0008193726534955204,0.0005015588249079883,0.0014276057481765747,0.00048641773173585534,-20.77,5.0,122,1.55,
457,poppin_party,ほな！,227.2,0.000668406777549535,0.00044867760152556,0.0009892814559862018,0.00027463186415843666,-17.74,5.0,114,1.44,
458,poppin_party,世界中の青空をあつめて,230.4,0.0008698030142113566,0.00044496136251837015,0.0013916579773649573,0.00036518851993605494,-17.04,5.0,116,1.46,
459,poppin_party,勇気Limit！,222.64,0.0007932315347716212,0.0004445620870683342,0.0014319170732051134,0.00042582323658280075,-18.16,5.0,112,1.03,
460,poppin_party,開けたらDream!,309.03,0.0008908975869417191,0.00043028194340877235,0.0015203747898340225,0.0005133082158863544,-19.07,5.0,155,1.45,
461,poppin_party,絆色のアンサンブル,,,,,,-19.78,5.0,,1.81,
462,poppin_party,NO GIRL NO CRY (Poppin'Party Ver.),312.8,0.0006939269951544702,0.00036452364292927086,0.001157179125584662,0.000369695684639737,-17.83,5.0,157,2.0,
463,poppin_party,ちゅ、多様性。 (Cover),,,,,,-18.04,5.0,,1.18,
464,poppin_party,フィクション (Cover),232.0,0.0007127646822482347,0.00038837629836052656,0.0010977585334330797,0.00028866110369563103,-17.53,5.0,116,1.12,
465,poppin_party,幾億光年 (Cover),275.4,0.000912995426915586,0.0005026565631851554,0.00156542775221169,0.0004069166025146842,-17.11,5.0,138,1.64,
466,poppin_party,心絵 (Cover),256.67,0.000750517298001796,0.0004344285698607564,0.0012747689615935087,0.00037966814124956727,-18.67,5.0,129,1.65,
467,poppin_party,じょいふる (Cover),194.6,0.0005562953883782029,0.0003159905900247395,0.001007863786071539,0.0004972910392098129,-17.5,5.0,98,1.26,
468,poppin_party,MATSURI BAYASHI (Cover),231.13,0.000621078594122082,0.00033316045301035047,0.001246708445250988,0.0005630663363263011,-18.6,5.0,116,1.46,
469,poppin_party,私は最強 (Cover),257.93,0.0007888206164352596,0.0004077185585629195,0.0012030948419123888,0.0003097349253948778,-18.71,5.0,129,1.65,
470,poppin_party,トウキョウ・シャンディ・ランデヴ (Cover),186.87,0.000703565136063844,0.0003431398654356599,0.0011138367699459195,0.0002999017888214439,-20.88,5.0,94,1.19,
471,poppin_party,夜行性ハイズ (Cover),226.0,0.000783497525844723,0.0003898102149832994,0.0013604017440229654,0.00040546769741922617,-20.09,5.0,113,1.45,
472,poppin_party,メランコリック (Cover),220.97,0.0007115200278349221,0.0003579056356102228,0.0013951357686892152,0.000490656471811235,-21.81,5.0,111,1.41,
473,poppin_party,怪獣の花唄 (Cover),223.1,0.001157334540039301,0.0005912679480388761,0.001735870959237218,0.0005165422335267067,-19.68,5.0,112,1.45,
474,poppin_party,光るなら (Cover),253.77,0.0008556912653148174,0.0004381653561722487,0.001433202880434692,0.000538769003469497,-19.19,5.0,127,1.62,
475,poppin_party,ミュージック・アワー (Cover),280.83,0.0008297460153698921,0.0004292053636163473,0.0013575361808761954,0.004460550844669342,-18.64,5.0,141,1.8,
476,poppin_party,only my railgun (Cover),253.27,0.0010972263989970088,0.00046520831529051065,0.001871804823167622,0.000520640576723963,-22.75,5.0,127,1.59,
477,poppin_party,ロミオとシンデレラ (Cover),280.33,0.0008359948988072574,0.0004919717903248966,0.0013545751571655273,0.0005603246972896159,-18.91,5.0,141,1.61,
478,poppin_party,Daydream café (Cover),229.03,0.0010986932320520282,0.0006077018333598971,0.002016091486439109,0.000707002414856106,-20.84,5.0,115,1.24,
479,poppin_party,君じゃなきゃダメみたい (Cover),239.73,0.0008716618176549673,0.00034487980883568525,0.00192642817273736,0.0007669663173146546,-20.97,5.0,120,1.2,
480,poppin_party,＊〜アスタリスク〜 (Cover),252.67,0.0008948445902206004,0.0005137795815244317,0.0018831186462193727,0.0006736809154972434,-18.13,5.0,127,1.36,
481,poppin_party,DAYS of DASH (Cover),253.67,0.0007144731353037059,0.0003702367248479277,0.0012873286614194512,0.0004326116177253425,-19.9,5.0,127,1.61,
482,poppin_party,檄！帝国華撃団 (Cover),184.6,0.0007672355859540403,0.0003878733259625733,0.001437144703231752,0.00043503669439814985,-19.08,5.0,93,1.19,
483,poppin_party,DAYS (Cover),235.1,0.0009098181035369635,0.00046049049706198275,0.0016628098674118519,0.0004752279201056808,-21.68,5.0,118,1.45,
484,poppin_party,ディスカバリー！ (Cover),,,,,,-19.31,5.0,,1.6,
485,poppin_party,チェリボム (Cover),246.4,0.000805162126198411,0.0003738028754014522,0.0016018030000850558,0.0021443702280521393,-17.66,5.0,124,1.39,
486,poppin_party,ヴァンパイア (Cover),,,,,,-20.35,5.0,,1.11,
487,poppin_party,怪物 (Cover),206.57,0.0006948920781724155,0.00036235121660865843,0.0013999041402712464,0.0004224932345096022,-20.91,5.0,104,1.33,
488,poppin_party,大河よ共に泣いてくれ (Cover),207.67,0.001160264015197754,0.00043458008440211415,0.0022578290663659573,0.0021042488515377045,-20.76,5.0,104,1.35,
489,poppin_party,空色デイズ (Cover),253.83,0.0009590652189217508,0.0004426642553880811,0.0017729022074490786,0.0005456061917357147,-19.06,5.0,127,1.61,
490,raise_a_suilen,Invincible Fighter,250.87,0.001017710892483592,0.0004958285135217011,0.0017356257885694504,0.0018703833920881152,-21.17,5.0,126,1.61,
491,raise_a_suilen,A DECLARATION OF ×××,315.77,0.0010289663914591074,0.0005337295006029308,0.001829352811910212,0.014580484479665756,-19.81,5.0,158,2.01,
492,raise_a_suilen,SOUL SOLDIER,239.93,0.0008837089408189058,0.0003674461040645838,0.0019890060648322105,0.004268253222107887,-18.39,5.0,120,1.56,
493,raise_a_suilen,UNSTOPPABLE,230.5,0.0008397868950851262,0.0003688533906824887,0.0014986330643296242,0.0004452246648725122,-20.11,5.0,116,1.49,
494,raise_a_suilen,HELL! or HELL?,282.34,0.0007887293468229473,0.00038443051744252443,0.0017640949226915836,0.0014491265174001455,-19.2,5.0,142,1.74,
495,raise_a_suilen,Beautiful Birthday,,,,,,-18.51,5.0,,1.29,
496,raise_a_suilen,Takin’ my Heart,286.93,0.0009810044430196285,0.0003790703194681555,0.0018486184999346733,0.0006954179261811078,-24.52,5.0,144,1.45,
497,raise_a_suilen,DRIVE US CRAZY,245.67,0.0009347302257083356,0.0005437950603663921,0.0024160074535757303,0.010115076787769794,-18.42,5.0,123,1.46,
498,raise_a_suilen,!NVADE SHOW!,265.67,0.0009058147552423179,0.000596886093262583,0.00158991280477494,0.0017621016595512629,-17.71,5.0,133,1.68,
499,raise_a_suilen,REIGNING,249.4,0.0008676914148963988,0.00048277017776854336,0.0020007884595543146,0.0008355453610420227,-21.47,5.0,125,1.59,
500,raise_a_suilen,EXPOSE ‘Burn out!!!’,283.74,0.0008829336147755384,0.0004684298764914274,0.0019108677515760064,0.001386121497489512,-19.81,5.0,142,1.71,
501,raise_a_suilen,R・I・O・T,301.5,0.0010472534922882915,0.0005114053492434323,0.002134546637535095,0.0011586268665269017,-21.33,5.0,151,1.72,
502,raise_a_suilen,V.I.P MONSTER,241.9,0.000792152073699981,0.0004443081852514297,0.0015742877731099725,0.0005824834806844592,-21.81,5.0,121,1.44,
503,raise_a_suilen,mind of Prominence,,,,,,-18.31,5.0,,1.69,
504,raise_a_suilen,Ray of hope,190.77,0.0009748096927069128,0.00047817782615311444,0.0021120812743902206,0.001154155470430851,-22.06,5.0,96,1.21,
505,raise_a_suilen,EXIST,238.47,0.0009708497091196477,0.0005108188488520682,0.0016437072772532701,0.0005864337435923517,-20.36,5.0,120,1.51,
506,raise_a_suilen,Sacred world,300.83,0.0009960690513253212,0.00045074147055856884,0.0016106696566566825,0.0006612094584852457,-17.77,5.0,151,1.88,
507,raise_a_suilen,-N-E-M-E-S-I-S-,267.8,0.001150728901848197,0.0005756538594141603,0.002697207033634186,0.00225347769446671,-18.18,5.0,134,1.68,
508,raise_a_suilen,DANCING DARING,215.07,0.0008975293603725731,0.0004778756992891431,0.0017427765997126698,0.0005029228632338345,-16.65,5.0,108,1.35,
509,raise_a_suilen,BATTLE CRY,234.37,0.0009808572940528393,0.0005609643994830549,0.0017423616955056787,0.0007067048572935164,-16.68,5.0,118,1.48,
510,raise_a_suilen,Domination to world,,,,,,-16.77,5.0,,1.63,
511,raise_a_suilen,THE WAY OF LIFE,,,,,,-19.8,5.0,,1.53,
512,raise_a_suilen,灼熱 Bonfire!,224.8,0.0009427351760677993,0.0005208630464039743,0.001961434492841363,0.0014552435604855418,-18.05,5.0,113,1.42,
513,raise_a_suilen,Repaint,234.6,0.0006201945943757892,0.00038904728717170656,0.0027381672989577055,0.0026317713782191277,-23.38,5.0,118,1.28,
514,raise_a_suilen,Life on the Lotus,243.33,0.0008728980319574475,0.0003676030319184065,0.0015878956764936447,0.002116314833983779,-23.96,5.0,122,1.16,
515,raise_a_suilen,CORUSCATE -DNA-,287.43,0.0008526323363184929,0.00045961354044266045,0.002054511569440365,0.0015150385443121195,-18.03,5.0,144,1.51,
516,raise_a_suilen,That Is How I Roll!,265.87,0.0015647906111553311,0.0006840126006864011,0.004241101909428835,0.007447691634297371,-18.12,5.0,133,1.53,
517,raise_a_suilen,しゅわりん☆どり～みん,265.34,0.0011816397309303284,0.000409576459787786,0.00602768687531352,0.01728244498372078,-27.36,5.0,133,1.67,
518,raise_a_suilen,パスパレボリューションず☆,231.72,0.001141200540587306,0.0005123388255015016,0.0020316492300480604,0.007427852600812912,-21.21,5.0,116,1.43,
519,raise_a_suilen,えがおのオーケストラっ！,255.57,0.0008989912457764149,0.000358420453267172,0.0025308874901384115,0.011767568998038769,-27.84,5.0,128,1.33,
520,raise_a_suilen,Don't be afraid!,143.9,0.0008075552759692073,0.00042988479253835976,0.01693592220544815,0.019498245790600777,-32.18,5.0,72,0.86,
521,raise_a_suilen,ゆら・ゆらRing-Dong-Dance,294.87,0.0014634077670052648,0.000625712564215064,0.005116930231451988,0.010068782605230808,-24.45,5.0,148,1.82,
522,raise_a_suilen,Hey-day狂騒曲(カプリチオ),241.23,0.0014961645938456059,0.0005417703068815172,0.004510040860623121,0.018817726522684097,-21.31,5.0,121,1.53,
523,raise_a_suilen,Scarlet Sky,246.47,0.0011095828376710415,0.0005258716992102563,0.002523016417399049,0.008026630617678165,-19.53,5.0,124,1.58,
524,raise_a_suilen,ゴーカ！ごーかい！？ファントムシーフ！,242.37,0.0012601818889379501,0.0004735652473755181,0.004963123705238104,0.015190952457487583,-25.1,5.0,122,1.55,
526,raise_a_suilen,That Is How I Roll! (ライブ / アンコール),283.0,0.0015465653268620372,0.000713170797098428,0.0334845632314682,0.024500885978341103,-27.15,5.0,142,1.8,
527,raise_a_suilen,R･I･O･T (ライブ / アンコール),,,,,,-29.38,5.0,,2.22,
528,raise_a_suilen,Apocalypse,252.6,0.0009364705183543265,0.00040100255864672363,0.0023166961036622524,0.0007719825953245163,-20.11,5.0,127,1.58,
529,raise_a_suilen,TWIN TALE,217.51,0.0008779278141446412,0.0004722441954072565,0.0016027437523007393,0.0005059270188212395,-17.35,5.0,109,1.38,
530,raise_a_suilen,STRAY CERBERUS,,,,,,-23.55,5.0,,1.61,
531,raise_a_suilen,BERSER-KEY,230.97,0.0009433982195332646,0.0004458091570995748,0.0021926220506429672,0.0018151038093492389,-23.34,5.0,116,1.47,
532,raise_a_suilen,POLARIS,271.63,0.0010489120613783598,0.0004899147897958755,0.0022993155289441347,0.0010355355916544795,-19.1,5.0,136,1.65,
533,raise_a_suilen,HOWLING AMBITION,258.57,0.0008492349879816175,0.0004889685078524053,0.0016077476320788264,0.0005632580723613501,-16.7,5.0,130,1.59,
534,raise_a_suilen,VIVID FIRST TIME,229.97,0.0006975719588808715,0.00040461227763444185,0.0012500969460234046,0.00043135331361554563,-16.58,5.0,115,1.09,
535,raise_a_suilen,'FIGHT' ADDICT,231.6,0.0006591659039258957,0.0004371219838503748,0.0013489951379597187,0.000754032691475004,-16.65,5.0,116,1.08,
536,raise_a_suilen,Drown Out the Noise and Push Through the Trash,,,,,,-20.34,5.0,,1.28,
537,raise_a_suilen,FIVE as ONE,255.16,0.0009078171569854021,0.0004734342801384628,0.001907762372866273,0.0008080499828793108,-16.19,5.0,128,1.57,
538,raise_a_suilen,EXPOSE 'Burn out!!!' (English),283.73,0.0007073347805999219,0.0004096172924619168,0.0014426347333937883,0.0006214196910150349,-20.29,5.0,142,1.77,
539,raise_a_suilen,Takin' my Heart (English),285.0,0.0008844099938869476,0.000324818684021011,0.0014400961808860302,0.0004966468550264835,-22.91,5.0,143,1.8,
540,raise_a_suilen,WELCOME TO PANDEMONIUM,254.83,0.0008190216613002121,0.00044461971265263855,0.0014388778945431113,0.0016524799866601825,-15.2,5.0,128,1.6,
541,raise_a_suilen,WHAT AN EXPLOSION,190.9,0.0010838056914508343,0.0004373759147711098,0.0028485998045653105,0.0029206136241555214,-19.49,5.0,96,1.23,
542,raise_a_suilen,RUNAWAY STAR,228.9,0.0007493796874769032,0.0004623078857548535,0.0015340435784310102,0.0005689844838343561,-18.11,5.0,115,1.23,
543,raise_a_suilen,Bad Kids All Bet,,,,,,-15.69,5.0,,1.23,
544,raise_a_suilen,Light a fire,269.0,0.0008939793333411217,0.0003892287495546043,0.0029877398628741503,0.002294397447258234,-24.88,5.0,135,1.75,
545,raise_a_suilen,Embrace of light,271.97,0.0008616676786914468,0.0004428855318110436,0.0017463128315284848,0.0006776646478101611,-25.8,5.0,136,1.74,
546,raise_a_suilen,OUTSIDER RODEO,269.07,0.0009862527949735522,0.0005832400056533515,0.002423503901809454,0.002402384066954255,-19.6,5.0,135,1.74,
547,raise_a_suilen,JUST THE WAY I AM,258.7,0.000848590862005949,0.0003809499612543732,0.0016025163931772113,0.006387130822986364,-18.32,5.0,130,1.68,
548,raise_a_suilen,ラスハピーポー！,200.37,0.0011856912169605494,0.0005292835412546992,0.003917620051652193,0.005093567539006472,-19.39,5.0,101,1.26,
549,raise_a_suilen,1/3の純情な感情 (Cover),222.9,0.0009600706398487091,0.00047965135308913887,0.001899857772514224,0.0009747128351591527,-19.28,5.0,112,1.41,
550,raise_a_suilen,ヒトリノ夜 (Cover),237.8,0.0007638394017703831,0.000394035509089008,0.0013646207517012954,0.00036493325023911893,-19.49,5.0,119,1.48,
551,raise_a_suilen,激動 (Cover),333.6,0.0007890036213211715,0.0004289083299227059,0.001502258121035993,0.00063279242021963,-24.36,5.0,167,2.12,
552,raise_a_suilen,メギツネ (Cover),250.83,0.0009481011074967682,0.00046314625069499016,0.0017361913342028856,0.0007749436190351844,-17.89,5.0,126,1.44,
553,raise_a_suilen,Bling-Bang-Bang-Born (Cover),168.7,0.000915602024178952,0.0005427997093647718,0.0014547791797667742,0.0004226909368298948,-22.12,5.0,85,0.83,
554,raise_a_suilen,第六感 (Cover),193.27,0.0008885347633622587,0.0005445499555207789,0.0016377299325540662,0.0005394383915700018,-20.25,5.0,97,0.9,
555,raise_a_suilen,革命道中 (Cover),,,,,,-21.21,5.0,,0.96,
556,raise_a_suilen,Get Wild (Cover),199.63,0.0010292596416547894,0.0005135889514349401,0.0017075322102755308,0.0006952725816518068,-19.6,5.0,100,1.29,
557,raise_a_suilen,ボッカデラべリタ (Cover),201.84,0.0006483211764134467,0.000310402741888538,0.0012597787426784635,0.00045190489618107677,-17.8,5.0,101,1.29,
558,raise_a_suilen,第ゼロ感 (Cover),288.77,0.0007612972985953093,0.00039590519736520946,0.001547119696624577,0.0004899886553175747,-23.1,5.0,145,1.83,
559,raise_a_suilen,劣等上等 (Cover),237.07,0.0009356876835227013,0.00046580564230680466,0.0022520720958709717,0.0012349562020972371,-19.09,5.0,119,1.54,
560,raise_a_suilen,Just Awake (Cover),222.97,0.0009320800309069455,0.0004591776814777404,0.0016029897378757596,0.0005953735671937466,-18.67,5.0,112,1.41,
561,raise_a_suilen,Keep the Heat and Fire Yourself Up (Cover),205.84,0.000775702006649226,0.0004414725408423692,0.002342305611819029,0.002101142192259431,-19.06,5.0,103,1.33,
562,raise_a_suilen,ボッカデラベリタ (Cover),202.0,0.0006613410077989101,0.0003185459063388407,0.001284519792534411,0.0004542143433354795,-17.4,5.0,101,1.12,
563,raise_a_suilen,VORACITY (Cover),207.53,0.0009963479824364185,0.0005536720273084939,0.0020574263762682676,0.0009718337678350508,-22.5,5.0,104,1.13,
564,raise_a_suilen,神っぽいな (Cover),,,,,,-20.57,5.0,,1.18,
565,raise_a_suilen,狂乱 Hey Kids!! (Cover),249.9,0.0007134294137358665,0.00031114593730308115,0.0015401013661175966,0.000580251682549715,-17.89,5.0,125,1.55,
566,raise_a_suilen,SAVIOR OF SONG (Cover),249.2,0.0008891918114386499,0.00040764210280030966,0.001799819408915937,0.0007607078878208995,-22.55,5.0,125,1.57,
567,raise_a_suilen,恋しさとせつなさと心強さと (Cover),250.73,0.00073523900937289,0.0003889361978508532,0.001342335483059287,0.0006504500051960349,-20.68,5.0,126,1.6,
568,raise_a_suilen,DEPARTURES (Cover),332.93,0.000602136307861656,0.00037484930362552404,0.0010630196193233132,0.0004037515027448535,-23.59,5.0,167,2.1,
569,raise_a_suilen,CORE PRIDE (Cover),257.23,0.0007414333522319794,0.00042086190660484135,0.001199911581352353,0.000608510454185307,-16.21,5.0,129,1.64,
570,roselia,Neo-Aspect,307.29,0.000736569578293711,0.00037575099850073457,0.0015049846842885017,0.0007012324640527368,-17.04,5.0,154,1.95,
571,roselia,BLACK SHOUT,247.05,0.0009796482045203447,0.0004397067823447287,0.001770741306245327,0.0005891174077987671,-22.75,5.0,124,1.59,
572,roselia,Opera of the wasteland,284.8,0.0008985690656118095,0.00036435259971767664,0.00195228960365057,0.0007314509130083025,-18.03,5.0,143,1.57,
573,roselia,陽だまりロードナイト,289.84,0.0007514983299188316,0.0003589541302062571,0.0014876985223963857,0.00047653523506596684,-20.72,5.0,145,1.46,
574,roselia,ONENESS,239.23,0.0009810600895434618,0.0003651630540844053,0.0022543692030012608,0.0029791875276714563,-20.5,5.0,120,1.25,
575,roselia,Re:birth day,268.73,0.0007238214020617306,0.0004040452477056533,0.0013590408489108086,0.0004420608456712216,-20.61,5.0,135,1.55,
576,roselia,Legendary,291.98,0.001054536085575819,0.00043385318713262677,0.0019204079871997237,0.0010567349381744862,-17.58,5.0,146,1.83,
577,roselia,- HEROIC ADVENT -,,,,,,-19.43,5.0,,1.39,
578,roselia,Determination Symphony,281.89,0.0006294112536124885,0.0003643631935119629,0.0010961246443912387,0.00035593740176409483,-19.2,5.0,141,1.66,
579,roselia,熱色スターマイン,,,,,,-19.37,5.0,,1.63,
580,roselia,軌跡,312.53,0.0007735192775726318,0.00041734561091288924,0.0015884559834375978,0.0026287261862307787,-27.33,5.0,157,1.96,
581,roselia,LOUDER,,,,,,-20.0,5.0,,1.39,
582,roselia,R,285.3,0.0006055074045434594,0.0003015883849002421,0.0012074194382876158,0.0003811799397226423,-21.04,5.0,143,1.82,
583,roselia,BRAVE JEWEL,247.47,0.0007394543499685824,0.0003872156667057425,0.0014386784750968218,0.00042467506136745214,-21.67,5.0,124,1.57,
584,roselia,FIRE BIRD,360.33,0.0015054018003866076,0.0006619537598453462,0.004994060844182968,0.011419237591326237,-29.01,5.0,181,2.23,
585,roselia,Safe and Sound,258.53,0.0008551384089514613,0.00045948426122777164,0.0014538783580064774,0.00041773865814320743,-21.29,5.0,130,1.65,
586,roselia,Avant-garde HISTORY,306.8,0.0008920257678255439,0.00038957729702815413,0.001739794621244073,0.0007791012758389115,-17.33,5.0,154,1.94,
587,roselia,Break your desire,261.37,0.0009028597269207239,0.0003499411977827549,0.0017239134758710861,0.0011533121578395367,-18.06,5.0,131,1.65,
589,roselia,約束,304.6,0.0007532646413892508,0.00040609968709759414,0.0014627345371991396,0.0004066400579176843,-18.43,5.0,153,1.97,
590,roselia,"""UNIONS"" Road",309.27,0.000884497829247266,0.0004523827228695154,0.0016250615008175373,0.0008715506410226226,-18.45,5.0,155,1.98,
591,roselia,Song I am.,242.57,0.0006747334264218807,0.0003147984098177403,0.001390003482811153,0.0004094282048754394,-20.97,5.0,122,1.55,
592,roselia,Sage der Rosen,244.97,0.0011227346258237958,0.0003605920646805316,0.0024376355577260256,0.0009940933668985963,-21.67,5.0,123,1.56,
593,roselia,覚悟のLiberation,260.83,0.0008223142358474433,0.0004497900081332773,0.001484394888393581,0.0007859066827222705,-18.41,5.0,131,1.28,
594,roselia,Keep Heart,246.0,0.0008056452497839928,0.00040945905493572354,0.0016220053657889366,0.0005640874151140451,-17.97,5.0,123,1.21,
595,roselia,Original Call,225.33,0.0006719959783367813,0.00034391440567560494,0.0014146893518045545,0.0005594638059847057,-22.43,5.0,113,1.09,
596,roselia,Always recall.,252.33,0.0007291987421922386,0.00037600964424200356,0.0012485276674851775,0.0003597378672566265,-20.41,5.0,127,1.18,
597,roselia,Floral Haven,281.93,0.0007609438034705818,0.0005131179350428283,0.0017990783089771867,0.0015102933393791318,-20.83,5.0,141,1.69,
598,roselia,Sprechchor,310.0,0.000946816464420408,0.00044986477587372065,0.0015747691504657269,0.0005033685592934489,-21.98,5.0,155,1.97,
599,roselia,閃光,218.6,0.000739680603146553,0.0004197938833385706,0.001426661154255271,0.0005349572747945786,-21.2,5.0,110,1.37,
600,roselia,THE HISTORIC...,271.3,0.0007400796748697758,0.0003216244513168931,0.0013572080060839653,0.00040314250509254634,-21.47,5.0,136,1.72,
601,roselia,ROZEN HORIZON,366.57,0.0007667524041607976,0.0003528609813656658,0.001363406772725284,0.0006719403900206089,-19.38,5.0,184,2.28,
602,roselia,廻廻奇譚,221.24,0.0006014427053742111,0.0003680250665638596,0.0010234708897769451,0.000410486914915964,-20.57,5.0,111,1.44,
603,roselia,鳥の詩,356.8,0.0006529669626615942,0.00033258451730944216,0.001138685387559235,0.0003741057007573545,-22.92,5.0,179,2.28,
604,roselia,Synchrogazer,266.74,0.0008511857595294714,0.0004610351170413196,0.0014926014700904489,0.0004474356828723103,-19.97,5.0,134,1.69,
605,roselia,名前のない怪物,301.27,0.0008757447358220816,0.0004437570460140705,0.002004308858886361,0.0006654429598711431,-25.75,5.0,151,1.87,
606,roselia,Dazzle the Destiny,241.17,0.0009411285282112658,0.0004293040547054261,0.0017114245565608144,0.0007866219384595752,-16.29,5.0,121,1.52,
607,roselia,Grateful Melting,217.27,0.0009916574927046895,0.0005251050461083651,0.0015987706137821078,0.0004248845507390797,-23.86,5.0,109,1.36,
608,roselia,Second to None,233.73,0.0009419234120287001,0.00036122126039117575,0.0017472498584538698,0.0016009609680622816,-16.56,5.0,117,1.47,
609,roselia,Steadfast Spirits,224.89,0.0009010271169245243,0.0004049215349368751,0.001705515431240201,0.0007132511818781495,-17.08,5.0,113,1.41,
610,roselia,紫炎,221.37,0.0009006029576994479,0.0003925942291971296,0.001594452653080225,0.0005459502572193742,-17.33,5.0,111,1.4,
611,roselia,XV,235.07,0.0011218858417123556,0.0004492334264796227,0.00203848909586668,0.0006630654679611325,-18.48,5.0,118,1.47,
612,roselia,Blessing Chord,277.2,0.0008996601682156324,0.00039211512194015086,0.0019819620065391064,0.0007450315752066672,-18.86,5.0,139,1.76,
613,roselia,Fear Nothing,228.97,0.0008208745275624096,0.00042651905096136034,0.0013278656406328082,0.00275792577303946,-17.1,5.0,115,1.15,
614,roselia,PASSIONATE ANTHEM,242.97,0.0008539364207535982,0.0005672752158716321,0.0016479212790727615,0.0004456359602045268,-18.14,5.0,122,0.82,
615,roselia,Requiem for Fate,238.37,0.001023236196488142,0.0004756535345222801,0.0019603935070335865,0.0018112512771040201,-17.1,5.0,120,0.75,
616,roselia,Sanctuary,310.93,0.0007307585328817368,0.0003696962958201766,0.0012652165023609996,0.0003893808170687407,-20.15,5.0,156,1.43,
617,roselia,Sunlit Musical,,,,,,-19.47,5.0,,1.2,
618,roselia,Talk to My Tone,245.97,0.0007380202878266573,0.00038300020969472826,0.0013254615478217602,0.00038552042678929865,-21.74,5.0,123,1.55,
619,roselia,一逢のFull Glory,232.43,0.0010817904258146882,0.000500524474773556,0.00205605523660779,0.0007286660838872194,-24.57,5.0,117,1.49,
620,roselia,礎の花冠,246.93,0.0010391803225502372,0.0003995106089860201,0.0017903195694088936,0.0007701279828324914,-18.3,5.0,124,1.56,
621,roselia,FRONTIER FANTASIA,262.53,0.000706067425198853,0.00033106046612374485,0.001352360239252448,0.0005507057067006826,-19.76,5.0,132,1.65,
622,roselia,Dear Gleam,253.47,0.0007990023586899042,0.00038168008904904127,0.0015925107290968299,0.000627092260401696,-18.79,5.0,127,1.63,
623,roselia,Call the shots,265.33,0.000693068141117692,0.00036028760951012373,0.0012564788339659572,0.0005306684179231524,-18.92,5.0,133,1.66,
624,roselia,THRONE OF ROSE,312.37,0.0008486171718686819,0.00047601608093827963,0.0014305415097624063,0.0005119130364619195,-16.65,5.0,157,1.99,
625,roselia,VIOLET LINE,290.73,0.0008892362238839269,0.0004474438901524991,0.0016623830888420343,0.0005130696808919311,-22.65,5.0,146,1.83,
626,roselia,Ringing Bloom,334.87,0.0007374221459031105,0.00028342375298961997,0.00143323780503124,0.0005167700001038611,-19.3,5.0,168,2.1,
627,roselia,ZEAL of proud,279.07,0.0008641754975542426,0.00037150931893847883,0.001557301264256239,0.0005306269740685821,-17.56,5.0,140,1.79,
628,roselia,Singing “OURS”,,,,,,-28.47,5.0,,1.98,
629,roselia,競宴Red×Violet,263.47,0.0009115719003602862,0.0004993437323719263,0.0016574470791965723,0.0008663113694638014,-19.89,5.0,132,1.71,
630,roselia,overtuRe,,,,,,-17.91,5.0,,1.41,
631,roselia,Proud of oneself,235.77,0.0008378137717954814,0.00038900732761248946,0.0016026879893615842,0.0005102859577164054,-20.02,5.0,118,1.32,
632,roselia,Sing Alive,315.4,0.0007705424213781953,0.0003485962806735188,0.0013251269701868296,0.0005343447555787861,-24.27,5.0,158,1.96,
633,roselia,Swear ～Night & Day～,,,,,,-40.62,5.0,,1.95,
634,roselia,Reweave (Cover),,,,,,-20.07,5.0,,1.48,
635,roselia,ヒバナ -Reloaded- (Cover),205.27,0.0007753634708933532,0.00038597348611801863,0.001414138707332313,0.0004110914596822113,-17.52,5.0,103,1.32,
636,roselia,ファタール (Cover),220.84,0.0008445169660262764,0.0004953389288857579,0.0013131750747561455,0.0003419621498323977,-19.16,5.0,111,1.06,
637,roselia,HONEY (Cover),227.6,0.0007336096605286002,0.00045024778228253126,0.001334663713350892,0.0003968238306697458,-19.21,5.0,114,1.06,
638,roselia,悪魔の子 (Cover),227.17,0.0009733371553011239,0.0003252489841543138,0.001769799506291747,0.0005771502037532628,-30.97,5.0,114,1.2,
639,roselia,slash (Cover),241.13,0.0009163704817183316,0.00039517111144959927,0.0014882410177960992,0.0005305123049765825,-24.03,5.0,121,1.32,
640,roselia,右肩の蝶 (Cover),276.5,0.0007211433839984238,0.00041006776154972613,0.001549836015328765,0.0005425902199931443,-17.88,5.0,139,1.73,
641,roselia,乙女解剖 (Cover),,,,,,-19.21,5.0,,1.43,
642,roselia,六兆年と一夜物語 (Cover),216.37,0.0008208680083043873,0.0003071292594540864,0.0015170637052506208,0.00048273580614477396,-24.25,5.0,109,1.36,
643,roselia,残酷な天使のテーゼ (Cover),261.8,0.0008593657403253019,0.00042831574683077633,0.0017706966027617455,0.0007553559844382107,-21.91,5.0,131,1.6,
644,roselia,海色 (Cover),256.83,0.0010440913029015064,0.0004893565201200545,0.0018475815886631608,0.0005921736010350287,-21.05,5.0,129,1.58,
645,roselia,ETERNAL BLAZE (Cover),309.2,0.0007391844992525876,0.0003925123019143939,0.0015819804975762963,0.0005063393036834896,-20.43,5.0,155,1.71,
646,roselia,魂のルフラン (Cover),269.53,0.0007882372010499239,0.00039064412703737617,0.0013865308137610555,0.00047266241745091975,-23.47,5.0,135,1.62,
647,roselia,This game (Cover),283.63,0.00102130020968616,0.00034144011442549527,0.0019449902465566993,0.0007652593194507062,-26.56,5.0,142,1.76,
648,roselia,スカイクラッドの観測者 (Cover),273.8,0.0007416558801196516,0.0003234428004361689,0.0015892366645857692,0.0006093341507948935,-28.1,5.0,137,1.72,
649,roselia,シャルル (Cover),232.63,0.0010750063229352236,0.0004510362632572651,0.0020983044523745775,0.0006878153653815389,-21.16,5.0,117,1.45,
650,roselia,新時代 (Cover),226.63,0.0007881549536250532,0.0003712951438501477,0.0015990276588127017,0.0006750087486580014,-20.95,5.0,114,1.45,
651,roselia,革命デュアリズム (Cover),237.43,0.000996134360320866,0.00046786427265033126,0.0017406218685209751,0.0008616712293587625,-18.15,5.0,119,1.48,
652,roselia,Red fraction (Cover),201.0,0.0008294232538901269,0.0004271849466022104,0.0024171366821974516,0.0008578565320931375,-20.03,5.0,101,1.26,
653,roselia,深愛 (Cover),273.23,0.000827814859803766,0.00039758687489666045,0.0014213300310075283,0.0004994317423552275,-21.24,5.0,137,1.71,
654,roselia,Paradisus‐Paradoxum (Cover),232.67,0.0010249604238197207,0.0005570994107984006,0.0020096232183277607,0.0007099966169334948,-21.05,5.0,117,1.46,
655,roselia,Realize (Cover),,,,,,-22.36,5.0,,1.51,
656,roselia,Preserved Roses (Cover),210.63,0.000883829896338284,0.00047768105287104845,0.001574179157614708,0.00046726359869353473,-19.77,5.0,106,1.16,
657,roselia,My Dearest (Cover),337.13,0.0007216469384729862,0.0003358172543812543,0.001425002352334559,0.0007612742483615875,-22.34,5.0,169,1.65,
658,roselia,Shangri-La (Cover),239.0,0.0007026857929304242,0.00035280740121379495,0.001438414677977562,0.0007045172387734056,-19.13,5.0,120,1.16,
659,roselia,KING (Cover),134.73,0.0007589355809614062,0.00036957289557904005,0.0014398081693798304,0.0004093929019290954,-18.76,5.0,68,0.84,
660,mygo,素寄曲,238.73,0.0005117292748764157,0.0003282285761088133,0.0009089912637136877,0.00023696651624049991,-16.51,5.0,120,1.48,
661,mygo,羅永線,233.64,0.0006386911845766008,0.0004067777481395751,0.0010022789938375354,0.0002844231203198433,-15.37,5.0,117,1.49,
662,mygo,騒混出,227.31,0.0006147009553387761,0.0003925998171325773,0.0010349611984565854,0.00042628025403246284,-17.18,5.0,114,1.41,
663,morfonica,深海少女 (Cover),,,,,,-24.32,5.0,,1.39,
664,mugendai_mutype,等身大あんりみてっど,168.73,0.0008049123571254313,0.00045685298391617835,0.0012956996215507388,0.0005298834876157343,-21.11,5.0,85,1.02,
665,mugendai_mutype,好きになっちゃえ！,207.77,0.0009380276314914227,0.00042649853276088834,0.002013606019318104,0.0020808905828744173,-27.13,5.0,104,1.1,
666,mugendai_mutype,YoU kNOw the overture,174.0,0.0009156998130492866,0.0005802977248094976,0.002261615125462413,0.009877791628241539,-22.71,5.0,87,0.99,
667,mugendai_mutype,唱 (Cover),194.61,0.0012818549294024706,0.0005832031602039933,0.005113163497298956,0.002675446914508939,-24.21,5.0,98,1.22,
668,mugendai_mutype,インキャのキャキャキャ (Cover),220.61,0.0008993891533464193,0.00044182190322317183,0.0018148134695366025,0.0010935679310932755,-26.69,5.0,111,1.39,
669,mugendai_mutype,デビルじゃないもん (Cover),,,,,,-27.53,5.0,,1.04,
670,mugendai_mutype,エイリアンエイリアン (Cover),197.63,0.0008641708991490304,0.0005106361350044608,0.0013333099195733666,0.0004780235467478633,-20.78,5.0,99,1.23,
671,mugendai_mutype,ぼくたちいつでも しゅわっしゅわ！ (Cover),184.62,0.0010128383291885257,0.000570866686757654,0.0026076072826981544,0.002047865418717265,-22.14,5.0,93,1.18,
672,mugendai_mutype,回レ!雪月花 (Cover),234.52,0.0009432627120986581,0.0004952299641445279,0.0018764532869681716,0.000717021175660193,-21.0,5.0,118,1.49,
673,mugendai_mutype,ビッグマウス feat.りむる (Cover),173.76,0.0008764444501139224,0.0005019698292016983,0.0012660481734201312,0.00031435242271982133,-20.22,5.0,87,1.1,
674,mugendai_mutype,KiLLKiSS (Cover),207.66,0.0007922974182292819,0.00032393744913861156,0.0014237503055483103,0.0005321020144037902,-34.35,5.0,104,1.31,
675,mugendai_mutype,君が飛び降りるのならば (Cover),173.78,0.001023440039716661,0.00060289166867733,0.0022076545283198357,0.0007693064399063587,-23.54,5.0,87,1.12,
676,mugendai_mutype,地球最後の告白を (Cover),267.18,0.0008319129701703787,0.0004550803278107196,0.0016915160231292248,0.000830722798127681,-35.11,5.0,134,1.26,
677,mugendai_mutype,パラレルラルラ (Cover),157.99,0.0008009157027117908,0.00043594161979854107,0.0013341644080355763,0.00041431139106862247,-30.32,5.0,79,0.78,
678,mugendai_mutype,夜もすがら君想ふ (Cover),236.77,0.0006724849808961153,0.0004390846297610551,0.0011664965422824025,0.0002818955108523369,-25.07,5.0,119,1.12,
679,mugendai_mutype,ジレンマ (Cover),167.26,0.0007951161824166775,0.00038233838859014213,0.0011821759399026632,0.00034475483698770404,-28.15,5.0,84,0.75,
680,mugendai_mutype,glow (Cover),287.63,0.0008050936739891768,0.0003890146326739341,0.0012520322343334556,0.00041523014078848064,-29.74,5.0,144,1.65,
681,mugendai_mutype,メンタルチェンソー (Cover),177.6,0.0008779452764429152,0.0003942088515032083,0.0015543414046987891,0.00048183550825342536,-29.32,5.0,89,1.04,
682,mugendai_mutype,ホシアイ (Cover),286.67,0.0008276649168692529,0.0004825795185752213,0.0015180784976109862,0.00053646438755095,-24.63,5.0,144,1.63,
683,mugendai_mutype,フォニイ (Cover),189.56,0.0006877090781927109,0.00030096503905951977,0.0010733531089499593,0.00033704700763337314,-31.27,5.0,95,1.07,
684,mugendai_mutype,ELECT (Cover),193.4,0.0008308552205562592,0.0004878111067228019,0.0014563975855708122,0.0004292387457098812,-29.11,5.0,97,1.22,
685,mugendai_mutype,ユキトキ (Cover),273.11,0.0006366900051943958,0.00036941622965969145,0.001043293857946992,0.00026903371326625347,-21.29,5.0,137,1.73,
686,mugendai_mutype,スイートマジック (Cover),216.56,0.0006835979293100536,0.0003735978389158845,0.001344446325674653,0.00041347264777868986,-21.4,5.0,109,1.37,
687,mugendai_mutype,少年よ我に帰れ (Cover),,,,,,-30.77,5.0,,2.49,
688,mugendai_mutype,One Last Kiss (Cover),259.56,0.0006580175831913948,0.00039158776053227484,0.0015052701346576214,0.0005146059556864202,-32.62,5.0,130,1.67,
689,mugendai_mutype,ミルククラウン・オン・ソーネチカ (Cover),215.23,0.0005487344460561872,0.00030272401636466384,0.0009210200514644384,0.00024125240452121943,-24.6,5.0,108,1.39,
690,mugendai_mutype,決戦スピリット (Cover),272.56,0.000779259717091918,0.0004086018889211118,0.0014062966220080853,0.0004695762472692877,-17.99,5.0,137,1.74,
691,mugendai_mutype,ティアドロップス (Cover),216.55,0.0009360382682643831,0.0005172802484594285,0.0016053066356107593,0.0004525199765339494,-24.01,5.0,109,1.39,
692,mugendai_mutype,ロウワー (Cover),230.93,0.0007779187289997935,0.00043104018550366163,0.0013948059640824795,0.0003884855832438916,-23.98,5.0,116,1.45,
693,mugendai_mutype,ハイドアンド・シーク (Cover),265.53,0.0008673807606101036,0.00046426852350123227,0.0013586770510300994,0.0003934593696612865,-19.47,5.0,133,1.57,
694,mugendai_mutype,不可解 (Cover),277.76,0.0007647898164577782,0.0003860504657495767,0.0012135906144976616,0.0003383859293535352,-21.17,5.0,139,1.55,
695,mugendai_mutype,GURU (Cover),191.51,0.0012419912964105606,0.0005260665202513337,0.0022682147100567818,0.0007890763808973134,-26.22,5.0,96,0.94,
696,mugendai_mutype,経験値上昇中☆ (Cover),231.84,0.0007147229043766856,0.00044879253255203366,0.0010077672777697444,0.0003303194826003164,-24.0,5.0,116,1.09,
697,mugendai_mutype,翼をください (Cover),218.99,0.0007125987904146314,0.0003517855075187981,0.001128438045270741,0.0003037165733985603,-27.14,5.0,110,1.15,
698,mugendai_mutype,元気を出して (Cover),,,,,,-24.54,5.0,,1.87,
699,mugendai_mutype,ハッピー☆マテリアル (Cover),224.87,0.0008064038120210171,0.000421461503719911,0.0013303356245160103,0.00037874089321121573,-21.84,5.0,113,1.42,
700,mugendai_mutype,時をかける少女 (Cover),,,,,,-22.38,5.0,,1.45,
701,mugendai_mutype,TOMORROW (Cover),289.37,0.0006006608600728214,0.00036937868571840227,0.00104377674870193,0.0002703693462535739,-22.89,5.0,145,1.82,
702,mugendai_mutype,PARTY☆NIGHT（D-POP version） (Cover),320.39,0.0006682455423288047,0.00042484162258915603,0.0011326558887958527,0.0003091638791374862,-20.39,5.0,161,2.01,
703,mugendai_mutype,CH4NGE (Cover),139.41,0.0011292127892374992,0.000584769353736192,0.002903797198086977,0.0014710144605487585,-22.64,5.0,70,0.9,
704,mugendai_mutype,絶え間なく藍色 (Cover),221.1,0.0006485013291239738,0.0002562920853961259,0.0012717497302219272,0.0004666545137297362,-25.13,5.0,111,1.42,
705,mugendai_mutype,撫でんな (Cover),187.45,0.0006786638405174017,0.000448289152700454,0.0010177390649914742,0.0002529034100007266,-25.36,5.0,94,1.19,
706,mugendai_mutype,なにやってもうまくいかない (Cover),151.04,0.0008222985779866576,0.0004667778266593814,0.0013910554116591811,0.00034929136745631695,-26.63,5.0,76,0.96,
707,mugendai_mutype,マーシャル・マキシマイザー (Cover),,,,,,-26.47,5.0,,0.93,
708,mugendai_mutype,ZEAL of proud (Cover),279.23,0.0007998204091563821,0.0003883525787387043,0.0016131136799231172,0.000472749350592494,-19.18,5.0,140,1.57,
709,mugendai_mutype,繰り返し一粒 (Cover),256.0,0.0009120760951191187,0.000645266380161047,0.0012533259578049183,0.0003482369356788695,-28.63,5.0,128,1.56,
710,poppin_party,乙女はサイコパス (Cover),256.88,0.000704570731613785,0.0004309269424993545,0.0012868269113823771,0.0003418319101911038,-22.59,5.0,129,1.62,
711,roselia,Neo-Aspect,,,,,,-17.39,5.0,,1.97,
712,millsage,カーネーションの咲く日に,238.0,0.0008830546867102385,0.0004362233157735318,0.001381965703330934,0.0003770353796426207,-21.94,5.0,119,1.51,
713,mugendai_mutype,唱 (Cover),194.61,0.0012818549294024706,0.0005832031602039933,0.005113163497298956,0.002675446914508939,-24.21,5.0,98,1.23,
714,mugendai_mutype,インキャのキャキャキャ (Cover),220.61,0.0008993891533464193,0.00044182190322317183,0.0018148134695366025,0.0010935679310932755,-26.69,5.0,111,1.09,
715,mugendai_mutype,デビルじゃないもん (Cover),,,,,,-27.53,5.0,,0.78,
716,mugendai_mutype,エイリアンエイリアン (Cover),197.63,0.0008641708991490304,0.0005106361350044608,0.0013333099195733666,0.0004780235467478633,-20.78,5.0,99,1.12,
717,mugendai_mutype,ぼくたちいつでも しゅわっしゅわ！ (Cover),184.62,0.0010128383291885257,0.000570866686757654,0.0026076072826981544,0.002047865418717265,-22.14,5.0,93,1.03,
718,mugendai_mutype,回レ!雪月花 (Cover),234.52,0.0009432627120986581,0.0004952299641445279,0.0018764532869681716,0.000717021175660193,-21.0,5.0,118,1.49,
719,mugendai_mutype,ビッグマウス feat.りむる (Cover),173.76,0.0008764444501139224,0.0005019698292016983,0.0012660481734201312,0.00031435242271982133,-20.22,5.0,87,1.13,
720,mugendai_mutype,KiLLKiSS (Cover),215.32,0.0007384910131804645,0.0003228460263926536,0.0014142259024083614,0.0005290654371492565,-35.5,5.0,108,1.38,
721,mygo,二息歩行 (Reloaded) (Cover),,,,,,-30.39,5.0,,1.24,
722,mygo,社会距離 (Cover),243.25,0.00048723851796239614,0.00032008124981075525,0.0008096748497337103,0.00020394545572344214,-22.38,5.0,122,1.53,
723,mygo,君の神様になりたい。 (Cover),253.33,0.000952374015469104,0.0004388307861518115,0.0016710817581042647,0.000506664568092674,-27.11,5.0,127,1.58,
724,mygo,Henceforth (Cover),,,,,,-30.34,5.0,,1.38,
725,mygo,ティアドロップス (Cover),215.05,0.0008378220954909921,0.0005181906744837761,0.0012825296726077795,0.0004070225404575467,-21.37,5.0,108,1.22,
726,mygo,遠心力 (Cover),197.48,0.0009112274856306612,0.0003962186456192285,0.0015193530125543475,0.00044642368447966874,-27.13,5.0,99,1.2,
727,mygo,ないばいたりてぃ (Cover),213.02,0.0005971351056359708,0.00033684642403386533,0.0009430224308744073,0.00024464138550683856,-21.69,5.0,107,1.27,
728,mygo,キリトリセン (Cover),237.25,0.0005822289967909455,0.0002945062005892396,0.0010696389945223927,0.0002928998728748411,-22.94,5.0,119,1.49,
729,mygo,もしも命が描けたら (Cover),201.94,0.000726756639778614,0.0004082723462488502,0.001133583253249526,0.00030058977426961064,-40.68,5.0,101,1.29,
730,mygo,TEENAGE RIOT (Cover),223.77,0.0006442365702241659,0.0003009311913046986,0.0011399599025025964,0.00029317373991943896,-22.16,5.0,112,1.39,
731,mygo,パメラ (Cover),194.6,0.0008076923550106585,0.00034577588667161763,0.0014846455305814743,0.0005611412925645709,-32.65,5.0,98,1.26,
732,mygo,栞 (Cover),262.97,0.0008449055021628737,0.0003882198652718216,0.001372910337522626,0.00035800738260149956,-19.52,5.0,132,1.23,
733,mygo,シンデレラボーイ (Cover),231.64,0.000520900241099298,0.0003339274553582072,0.0009118211455643177,0.00033066162723116577,-21.93,5.0,116,1.16,
734,mygo,少女レイ (Cover),288.8,0.0006976709119044244,0.00033500377321615815,0.0012559050228446722,0.0003493079566396773,-34.82,5.0,145,1.86,
735,mygo,正しくなれない (Cover),241.65,0.0007896008901298046,0.0003116988518740982,0.0013111456064507365,0.0003745528811123222,-35.05,5.0,121,1.58,
736,mygo,恋してる自分すら愛せるんだ (Cover),223.6,0.0008063454297371209,0.00028571521397680044,0.0016645662253722548,0.0005931446212343872,-48.5,5.0,112,1.38,
737,roselia,擬態ごっこ (Cover),147.55,0.0006556848529726267,0.00034622600651346147,0.001488271402195096,0.0005514430813491344,-24.41,5.0,74,0.95,
