idx,band,song,duration_sec,bpm_autocorr,extract_sec,error,bpm_madmom,beat_count,beat_interval_median_sec,halftime_flag
0,afterglow,ON YOUR MARK,241.35,143.5546875,13.1,,187.49999999999568,745,0.32,False
1,afterglow,That Is How I Roll!,239.31,112.34714673913044,12.44,,181.81818181817493,720,0.33,False
2,afterglow,SENSENFUKOKU,246.27,129.19921875,13.01,,200.0000000000007,821,0.3,False
3,afterglow,I knew it!,291.03,80.74951171875,23.38,,199.99999999999952,970,0.3,False
4,afterglow,ツナグ、ソラモヨウ,248.73,,19.84,,193.54838709677279,796,0.31,False
5,afterglow,Hey-day狂騒曲(カプリチオ),233.42,,18.63,,157.89473684210716,616,0.38,False
6,afterglow,"Easy come, Easy go!",243.39,,19.27,,136.36363636363706,677,0.44,True
7,afterglow,Sasanqua,236.61,,18.98,,199.9999999999924,781,0.3,False
8,afterglow,RED RED RED,224.08,,17.85,,187.500000000004,703,0.32,False
9,afterglow,ONE OF US,282.0,,22.99,,206.89655172414362,986,0.29,False
10,afterglow,Y.O.L.O!!!!!,270.64,,22.21,,206.89655172414362,935,0.29,False
11,afterglow,Scarlet Sky,228.85,,17.91,,181.81818181817493,688,0.33,False
12,afterglow,Off we go.,251.64,,19.63,,181.81818181817493,757,0.33,False
13,afterglow,いつも通りのBrand new days,237.08,,18.41,,193.54838709677279,759,0.31,False
14,afterglow,SWITCH ON NOW,207.03,,16.57,,200.0000000000007,688,0.3,False
15,afterglow,ランブリングメモリー,324.56,,24.5,,125.00000000000081,682,0.48,False
16,afterglow,COMIC PANIC!!!,280.31,,21.78,,206.89655172414362,980,0.29,False
17,afterglow,Trouble Joyful!!,237.65,,18.28,,193.54838709677279,769,0.31,False
18,afterglow,Jamboree!Journey!,259.57,,18.74,,157.89473684209534,676,0.38,False
19,afterglow,カナユメ,307.22,,22.96,,124.99999999999989,641,0.48,False
20,afterglow,独創収差,276.29,,21.08,,125.00000000000267,582,0.48,False
21,afterglow,極彩色,238.29,,18.33,,187.49999999999568,735,0.32,False
22,afterglow,サクラゼンセン,249.07,,18.9,,142.85714285714226,702,0.42,True
23,afterglow,True color,253.03,,19.33,,162.16216216216017,680,0.37,False
24,afterglow,Crow Song,244.03,,19.16,,171.4285714285742,710,0.35,False
25,afterglow,カサブタ,196.59,,14.73,,171.4285714285742,565,0.35,False
26,afterglow,アイのシナリオ,259.66,,19.81,,181.81818181817493,780,0.33,False
27,afterglow,Northern lights,208.64,,17.1,,136.36363636363265,470,0.44,False
28,afterglow,トーキョーワンダー。,153.29,,12.45,,136.36363636363706,352,0.44,False
29,afterglow,Reach Out To The Truth,171.18,,13.87,,171.42857142857073,486,0.35,False
30,afterglow,Listen!!,227.32,,18.12,,176.47058823529235,665,0.34,False
31,afterglow,青い栞,336.32,,26.63,,133.33333333332828,740,0.45,False
32,afterglow,イマジネーション,177.7,,14.14,,206.89655172413347,606,0.29,False
33,afterglow,Butter-Fly,250.03,,19.92,,171.4285714285742,714,0.35,False
34,afterglow,燦々,194.62,,16.06,,193.548387096775,636,0.31,False
35,afterglow,That's why I'm here.,261.59,,20.28,,187.49999999999568,807,0.32,False
36,afterglow,IGNITE GLOW,267.1,,21.04,,133.33333333332828,588,0.45,False
37,afterglow,ペトリコール・オベーション,218.95,,17.17,,187.49999999999568,676,0.32,False
38,afterglow,Made My Day,243.91,,19.21,,187.500000000004,703,0.32,False
39,afterglow,Glowing After,254.3,,19.35,,199.9999999999924,839,0.3,False
40,afterglow,A Sunset So Bright,231.1,,18.05,,187.500000000004,732,0.32,False
41,afterglow,Start as Usual,275.96,,21.73,,181.81818181817493,824,0.33,False
42,afterglow,“Say cheese!!!!!”,260.59,,19.9,,120.0,523,0.5,False
43,afterglow,花笑みのデュオ,250.1,,19.66,,200.0000000000007,834,0.3,False
44,afterglow,READY STEADY GO (Cover),220.86,,17.67,,142.85714285714468,529,0.42,False
45,afterglow,abnormalize (Cover),219.03,,17.64,,176.47058823529235,640,0.34,False
46,afterglow,メンタルチェンソー (Cover),177.1,,13.96,,187.5,556,0.32,False
47,afterglow,Bunny Girl (Cover),216.92,,16.94,,162.16216216216017,580,0.37,False
48,afterglow,オレンジ (Cover),235.31,,18.4,,199.9999999999924,627,0.3,True
49,afterglow,カゲロウデイズ (Cover),233.48,,18.48,,200.00000000000043,779,0.3,False
50,afterglow,DAY×DAY (Cover),218.77,,17.15,,193.54838709677279,704,0.31,False
51,afterglow,ロキ (Cover),229.61,,18.1,,149.99999999999787,572,0.4,False
52,afterglow,CHAINSAW BLOOD (Cover),202.68,,16.02,,146.34146341463537,497,0.41,False
53,afterglow,チルドレンレコード (Re:boot) (Cover),189.42,,14.66,,206.89655172413347,584,0.29,False
54,afterglow,青のすみか (Cover),197.15,,15.36,,153.846153846148,503,0.39,False
55,afterglow,GO!!! (Cover),239.34,,18.92,,133.3333333333367,535,0.45,False
56,afterglow,天ノ弱 (Cover),187.52,,15.42,,200.0000000000019,625,0.3,False
57,afterglow,アスノヨゾラ哨戒班 (Cover),191.76,,15.38,,187.49999999999568,592,0.32,False
58,afterglow,瞬間センチメンタル (Cover),230.69,,18.52,,166.66666666666694,648,0.36,False
59,afterglow,プライド革命 (Cover),238.25,,18.54,,187.49999999999568,735,0.32,False
60,afterglow,命に嫌われている。 (Cover),273.82,,21.67,,199.99999999999952,821,0.3,False
61,afterglow,Redo (Cover),261.28,,20.57,,187.500000000004,755,0.32,False
62,afterglow,インフェルノ (Cover),214.04,,16.52,,187.49999999999568,661,0.32,False
63,afterglow,ドラマツルギー (Cover),238.23,,18.72,,150.0000000000032,704,0.4,True
64,afterglow,COLORS (Cover),218.32,,17.15,,136.36363636363706,495,0.44,False
65,afterglow,午夜の待ち合わせ (Cover),171.24,,13.34,,187.500000000004,542,0.32,False
66,afterglow,サムライハート（Some Like It Hot!!） (Cover),190.43,,15.06,,113.20754716981108,360,0.53,False
67,afterglow,ベノム (Cover),198.07,,15.67,,153.846153846148,502,0.39,False
68,afterglow,Don't say “lazy” (Cover),275.52,,21.33,,181.81818181818275,833,0.33,False
69,afterglow,Part of the Life,88.46,,7.04,,187.49999999999983,273,0.32,False
70,afterglow,Punchline Halloween!!!,233.89,,17.91,,181.81818181817493,702,0.33,False
71,afterglow,I love your way！,263.4,,19.99,,260.86956521738676,1117,0.23,False
72,ave_mujica,KiLLKiSS,208.53,,15.79,,199.99999999999716,663,0.3,False
73,ave_mujica,"Georgette Me, Georgette You",234.22,,17.82,,142.85714285714226,554,0.42,False
74,ave_mujica,Imprisoned XII,191.57,,14.43,,105.26315789473679,335,0.57,False
75,ave_mujica,Crucifix X,298.51,,23.21,,103.44827586206674,504,0.58,False
76,ave_mujica,八芒星ダンス,231.17,,17.75,,115.38461538461311,455,0.52,False
77,ave_mujica,顔,241.73,,18.76,,139.53488372093034,565,0.43,False
78,ave_mujica,天球のMúsica,279.9,,21.68,,98.36065573770271,455,0.61,False
79,ave_mujica,黒のバースデイ,233.96,,17.87,,199.9999999999924,751,0.3,False
80,ave_mujica,ふたつの月 ~Deep Into The Forest~,304.68,,23.2,,181.81818181817493,916,0.33,False
81,ave_mujica,Choir ‘S’ Choir,287.66,,22.34,,149.99999999999787,733,0.4,False
82,ave_mujica,神さま、バカ,223.67,,17.23,,181.81818181817493,672,0.33,False
83,ave_mujica,Mas?uerade Rhapsody Re?uest,249.65,,18.99,,187.500000000004,744,0.32,False
84,ave_mujica,Ave Mujica,277.68,,21.26,,113.2075471698126,644,0.53,True
85,ave_mujica,Symbol I : △,311.71,,23.49,,117.64705882353151,614,0.51,False
86,ave_mujica,Symbol II : Air,212.59,,16.34,,199.9999999999924,699,0.3,False
87,ave_mujica,Symbol III : ▽,256.43,,19.54,,95.23809523809592,406,0.63,False
88,ave_mujica,Symbol IV : Earth,238.85,,18.29,,146.34146341463537,588,0.41,False
89,ave_mujica,Ether,285.32,,21.84,,187.49999999999983,858,0.32,False
90,ave_mujica,The Whole Blue World,257.0,,19.75,,200.0000000000001,856,0.3,False
91,ave_mujica,in your blue eyes,222.29,,16.97,,146.34146341463028,528,0.41,False
92,ave_mujica,素晴らしき世界 でも どこにもない場所,269.02,,20.61,,100.00000000000095,449,0.6,False
93,ave_mujica,Angles,274.19,,20.75,,98.36065573770271,442,0.61,False
94,ave_mujica,DIVINE,257.21,,19.96,,230.76923076923254,811,0.26,False
95,ave_mujica,Sophie,196.74,,15.33,,199.99999999999952,565,0.3,False
96,ave_mujica,‘S/’ The Way,227.15,,16.8,,157.89473684210716,666,0.38,False
97,ave_mujica,碧い瞳の中に,223.61,,17.36,,146.34146341462522,536,0.41,False
98,ave_mujica,堕天 (Cover),183.15,,14.02,,206.89655172413347,510,0.29,False
99,ave_mujica,KINGS (Cover),317.34,,24.32,,176.47058823529235,933,0.34,False
100,ave_mujica,暗黒天国 (Cover),264.71,,20.71,,95.23809523809592,419,0.63,False
101,various_artists,Don't be afraid!,238.52,,17.91,,181.81818181818178,721,0.33,False
102,various_artists,Glee! Glee! Glee!,211.68,,16.42,,181.81818181817493,636,0.33,False
103,various_artists,"Be shine, shining!",95.86,,7.69,,115.38461538461627,187,0.52,False
104,various_artists,"Here, the world",262.97,,20.61,,122.44897959183801,540,0.49,False
105,various_artists,CiRCLE THANKS MUSiC♪,313.36,,24.06,,122.44897959183801,643,0.49,False
106,hello_happy_world,キミがいなくちゃっ！,243.55,,18.53,,124.99999999999896,504,0.48,False
107,hello_happy_world,ハイファイブ∞あどべんちゃっ,272.28,,21.83,,199.9999999999924,899,0.3,False
108,hello_happy_world,スマイルブーケで た〜まや〜！,271.96,,20.86,,150.00000000000054,682,0.4,False
109,hello_happy_world,えがお･シング･あ･ソング,248.72,,19.01,,149.99999999999787,620,0.4,False
110,hello_happy_world,YAPPY! SCHOOL CARNIVAL☆彡,235.02,,18.03,,171.4285714285742,675,0.35,False
111,hello_happy_world,にこ×にこ=ハイパースマイルパワー！,233.06,,18.06,,187.500000000004,738,0.32,False
112,hello_happy_world,ないすみちゅっ！,256.89,,19.9,,176.47058823529235,748,0.34,False
113,hello_happy_world,ゴーカ！ごーかい！？ファントムシーフ！,219.36,,16.85,,214.28571428571342,758,0.28,False
114,hello_happy_world,うぃーきゃん☆フレフレっ！,239.36,,18.48,,181.81818181817493,717,0.33,False
115,hello_happy_world,えがおのオーケストラっ！,229.75,,17.79,,139.534883720928,529,0.43,False
116,hello_happy_world,にこにこねくと！,250.46,,19.21,,166.66666666666694,700,0.36,False
117,hello_happy_world,ふぁいぶスマイル◯オールインっ！,246.03,,20.05,,125.00000000000267,513,0.48,False
118,hello_happy_world,せかいのっびのびトレジャー！,212.44,,16.47,,193.54838709677279,656,0.31,False
119,hello_happy_world,きらっ☆と キミフェス！,230.75,,17.71,,127.65957446808541,493,0.47,False
120,hello_happy_world,うちゃパ！で ぱっぴかポーんっ！,217.46,,17.31,,193.54838709677279,695,0.31,False
121,hello_happy_world,はれやか すこやか ぴかりんりん♪,255.87,,20.28,,115.38461538461311,489,0.52,False
122,hello_happy_world,ふわふわ☆ゆめいろサンドイッチ,291.53,,22.06,,130.43478260869338,632,0.46,False
123,hello_happy_world,Happy! Happier! Happiest!,242.61,,19.0,,171.4285714285742,697,0.35,False
124,hello_happy_world,現るっ！大怪盗ハロハッピー！,223.79,,17.3,,181.8181818181906,687,0.33,False
125,hello_happy_world,わちゃ・もちゃ・ぺったん行進曲,232.9,,18.11,,162.16216216216017,623,0.37,False
126,hello_happy_world,おもいでイルミネーション,252.41,,19.91,,166.66666666666035,696,0.36,False
127,hello_happy_world,おもいやりハーモニー,231.03,,17.98,,136.36363636363046,519,0.44,False
128,hello_happy_world,ハピネスっ！ハピィーマジカルっ♪,210.42,,16.06,,181.8181818181906,646,0.33,False
129,hello_happy_world,えがお、あーゆーれでぃ???,225.84,,17.6,,139.534883720928,520,0.43,False
130,hello_happy_world,ハッピーサマーウェディング,284.19,,22.41,,127.65957446808541,607,0.47,False
131,hello_happy_world,ひまわりの約束,307.01,,23.65,,78.94736842105358,483,0.76,True
132,hello_happy_world,ハッピー☆マテリアル,224.76,,17.58,,162.16216216216228,613,0.37,False
133,hello_happy_world,太陽曰く燃えよカオス,238.72,,17.61,,142.85714285714226,567,0.42,False
134,hello_happy_world,エクストラ・マジック・アワー,255.02,,19.41,,181.81818181817493,767,0.33,False
135,hello_happy_world,コレカラ,214.65,,16.52,,162.16216216216017,582,0.37,False
136,hello_happy_world,全力少年,241.33,,18.01,,133.3333333333367,539,0.45,False
137,hello_happy_world,オレンジ,277.92,,20.9,,139.53488372093034,648,0.43,False
138,hello_happy_world,Happy Girl,237.71,,19.03,,146.3414634146341,575,0.41,False
139,hello_happy_world,ン・パカマーチ,155.68,,11.95,,117.64705882352823,305,0.51,False
140,hello_happy_world,サンバロハッピ〜！,216.02,,16.67,,127.65957446808638,465,0.47,False
141,hello_happy_world,ボクらの夏's☆ショーたいむっ！！,206.49,,15.78,,176.4705882352942,614,0.34,False
142,hello_happy_world,むすんでわらって,241.5,,19.01,,130.43478260869338,524,0.46,False
143,hello_happy_world,キミを れっつ・はぶ・ふぁん♪,234.57,,18.48,,157.89473684210716,616,0.38,False
144,hello_happy_world,らいふ・いず・みゅーじかるっ♪♪♪,237.23,,18.03,,139.53488372093034,554,0.43,False
145,hello_happy_world,れっつ・スマイル・すとり〜みんぐっ♪,227.18,,17.7,,149.99999999999787,558,0.4,False
146,hello_happy_world,やっほー！いっぽ！わんだふぉー！,212.03,,16.53,,315.7894736842025,825,0.19,True
147,hello_happy_world,とーくとぅみー・とーくとぅゆー,208.21,,15.94,,136.36363636363706,476,0.44,False
148,hello_happy_world,ハイタッチ／＼びりーばーず☆,254.11,,19.81,,166.66666666666035,702,0.36,False
149,hello_happy_world,Listen to Smile!,243.86,,18.79,,127.65957446808541,517,0.47,False
150,hello_happy_world,スマイリーキャロル,246.78,,19.46,,109.09090909091248,454,0.55,False
151,hello_happy_world,えがお、み〜っけた！,270.19,,21.16,,142.85714285714226,642,0.42,False
152,hello_happy_world,上海ハニー (Cover),177.98,,14.21,,130.4347826086954,386,0.46,False
153,hello_happy_world,シル・ヴ・プレジデント (Cover),193.34,,15.27,,176.47058823529235,569,0.34,False
154,hello_happy_world,ヒャダインのじょーじょーゆーじょー (Cover),250.9,,19.76,,200.0000000000001,835,0.3,False
155,hello_happy_world,はいよろこんで (Cover),159.93,,12.26,,146.34146341463537,395,0.41,False
156,hello_happy_world,シカ色デイズ (Cover),201.9,,16.4,,181.81818181818275,616,0.33,False
157,hello_happy_world,強風オールバック (Cover),134.65,,11.14,,136.36363636363487,303,0.44,False
158,hello_happy_world,最高到達点 (Cover),226.31,,17.65,,133.33333333332828,498,0.45,False
159,hello_happy_world,許婚っきゅん (Cover),176.99,,13.89,,146.34146341463537,433,0.41,False
160,hello_happy_world,新宝島 (Cover),250.9,,19.46,,157.89473684210716,662,0.38,False
161,hello_happy_world,ドレミファロンド (Cover),200.16,,15.88,,124.99999999999989,418,0.48,False
162,hello_happy_world,きゅうくらりん (Cover),214.55,,16.59,,222.2222222222138,786,0.27,False
163,hello_happy_world,ロメオ (Cover),319.73,,24.55,,139.534883720928,746,0.43,False
164,hello_happy_world,エイリアンエイリアン (Cover),182.83,,13.87,,153.846153846148,466,0.39,False
165,hello_happy_world,いーあるふぁんくらぶ (Cover),239.2,,18.52,,146.34146341463284,576,0.41,False
166,hello_happy_world,回レ！雪月花 (Cover),234.54,,17.72,,157.89473684210716,627,0.38,False
167,hello_happy_world,恋愛裁判 (Cover),222.69,,16.84,,133.3333333333346,498,0.45,False
168,hello_happy_world,TOMORROW (Cover),274.43,,21.37,,133.3333333333367,613,0.45,False
169,hello_happy_world,GO! GO! MANIAC (Cover),248.63,,19.09,,124.99999999999989,519,0.48,False
170,hello_happy_world,Dragon Night (Cover),228.38,,17.78,,124.99999999999896,473,0.48,False
171,hello_happy_world,ようこそジャパリパークへ (Cover),205.94,,15.65,,171.42857142857073,587,0.35,False
172,hello_happy_world,ウィーアー！ (Cover),240.84,,19.22,,166.66666666666694,675,0.36,False
173,hello_happy_world,おジャ魔女カーニバル!! (Cover),217.01,,16.76,,146.34146341463537,536,0.41,False
174,hello_happy_world,ダーリンダンス (Cover),207.17,,16.37,,153.8461538461536,527,0.39,False
175,hello_happy_world,ノーポイッ！ (Cover),242.76,,19.36,,157.89473684210716,643,0.38,False
176,hello_happy_world,SHINY DAYS (Cover),262.05,,21.46,,109.09090909091248,481,0.55,False
177,hello_happy_world,シルエット (Cover),240.74,,19.48,,181.81818181818275,735,0.33,False
178,ikka_dumb_rock,ホーミー・タイッ！！,215.03,,17.01,,127.65957446808541,459,0.47,False
179,millsage,起死開戦,195.05,,15.49,,171.42857142857073,554,0.35,False
180,morfonica,Daylight -デイライト-,357.01,,28.06,,187.49999999998735,1095,0.32,False
181,morfonica,メランコリックララバイ,215.91,,17.55,,181.81818181818275,652,0.33,False
182,morfonica,flame of hope,252.8,,20.22,,187.500000000004,801,0.32,False
183,morfonica,ブルームブルーム,276.71,,21.3,,181.81818181817493,832,0.33,False
184,morfonica,カラフルリバティー,218.55,,16.63,,187.49999999999568,675,0.32,False
185,morfonica,fly with the night,240.48,,18.13,,171.42857142857073,684,0.35,False
186,morfonica,金色へのプレリュード,270.97,,21.02,,176.47058823529235,792,0.34,False
187,morfonica,The Circle Of Butterflies,258.46,,20.42,,176.47058823529235,751,0.34,False
188,morfonica,ハーモニー・デイ,218.88,,17.09,,181.81818181818275,666,0.33,False
189,morfonica,Sweet Cheers!,223.75,,17.24,,109.09090909091248,410,0.55,False
190,morfonica,"寄る辺のSunny, Sunny",215.73,,16.64,,181.8181818181906,662,0.33,False
191,morfonica,誓いのWingbeat,254.71,,19.96,,206.89655172413347,851,0.29,False
192,morfonica,Ever Sky Blue,240.93,,18.52,,193.54838709677279,648,0.31,False
193,morfonica,Polyphonyscape,250.98,,19.24,,153.8461538461536,637,0.39,False
194,morfonica,Wreath of Brave,262.9,,20.09,,136.36363636363265,592,0.44,False
195,morfonica,Merry Merry Thanks!!,257.26,,19.15,,146.34146341463028,614,0.41,False
196,morfonica,Sonorous,312.79,,23.37,,133.33333333332828,688,0.45,False
197,morfonica,両翼のBrilliance,239.61,,18.14,,171.4285714285742,688,0.35,False
198,morfonica,Steer to Utopia,216.26,,16.4,,193.54838709677279,703,0.31,False
199,morfonica,Fateful...,286.83,,21.88,,133.33333333332828,631,0.45,False
200,morfonica,ティリカモニカリラ,203.62,,15.2,,139.53488372093034,471,0.43,False
201,morfonica,Secret Dawn,238.15,,18.23,,130.4347826086954,512,0.46,False
202,morfonica,Angel's Ladder,253.17,,19.13,,199.9999999999924,836,0.3,False
203,morfonica,One step at a time,263.13,,20.21,,176.47058823529235,711,0.34,False
204,morfonica,Tempest,251.9,,18.62,,200.0000000000019,847,0.3,False
205,morfonica,フレージング ミラージュ,263.35,,20.24,,187.500000000004,825,0.32,False
206,morfonica,MUGEN Reverberate!,230.15,,18.12,,187.500000000004,722,0.32,False
207,morfonica,わたしまちがいさがし,272.78,,21.48,,181.81818181817493,821,0.33,False
208,morfonica,esora no clover,193.6,,15.27,,162.16216216216017,528,0.37,False
209,morfonica,きょうもMerry go rounD,237.6,,19.13,,133.3333333333367,532,0.45,False
210,morfonica,Feathered Dreams,226.14,,17.87,,176.47058823529235,661,0.34,False
211,morfonica,Portray Empathy,253.29,,20.13,,171.4285714285742,727,0.35,False
212,morfonica,ビューティ・フォー,189.03,,14.49,,199.9999999999924,623,0.3,False
213,morfonica,胡蝶翔る星月夜,204.03,,16.42,,100.00000000000006,340,0.6,False
214,morfonica,Color of Us,233.45,,18.42,,193.54838709677279,756,0.31,False
215,morfonica,Resonant Strings,240.1,,18.8,,193.54838709677279,781,0.31,False
216,morfonica,Shining Leaves,217.94,,17.2,,187.49999999999568,673,0.32,False
217,morfonica,音がえしのセレナーデ,301.47,,23.79,,181.8181818181906,823,0.33,False
218,morfonica,蒼穹へのトレイル,218.91,,17.24,,193.54838709677279,701,0.31,False
219,morfonica,QUEEN (Cover),145.5,,11.68,,171.42857142857073,414,0.35,False
220,morfonica,again (Cover),250.79,,19.0,,139.53488372093034,584,0.43,False
221,morfonica,輪舞-revolution (Cover),273.15,,21.21,,127.65957446808541,583,0.47,False
222,morfonica,メロウ (Cover),248.9,,18.75,,146.34146341463284,601,0.41,False
223,morfonica,祝福 (Cover),194.01,,14.66,,171.42857142857073,551,0.35,False
224,morfonica,Overdose (Cover),193.7,,14.99,,117.64705882352987,382,0.51,False
225,morfonica,かくれんぼ (Cover),298.45,,22.87,,181.81818181817493,896,0.33,False
226,morfonica,chAngE (Cover),249.29,,19.13,,166.66666666666035,688,0.36,False
227,morfonica,ALIVE (Cover),215.88,,16.32,,181.81818181817493,645,0.33,False
228,morfonica,Nameless Story (Cover),242.85,,18.33,,193.54838709677279,790,0.31,False
229,morfonica,青空のラプソディ (Cover),277.13,,21.35,,136.3636363636354,625,0.44,False
230,morfonica,Nevereverland (Cover),286.91,,21.92,,200.0000000000019,739,0.3,True
231,morfonica,メリッサ (Cover),256.61,,19.02,,171.42857142857073,729,0.35,False
232,morfonica,COLORFUL BOX (Cover),238.39,,18.23,,162.16216216216017,644,0.37,False
233,morfonica,unravel (Cover),237.13,,18.52,,136.36363636362827,533,0.44,False
234,morfonica,アゲハ蝶 (Cover),280.19,,21.59,,115.38461538461627,542,0.52,False
235,morfonica,V.I.P (Cover),193.32,,15.0,,187.49999999999568,597,0.32,False
236,morfonica,CQCQ (Cover),221.29,,17.07,,142.85714285714712,530,0.42,False
237,mugendai_mutype,アイの夢限,200.19,,15.55,,122.44897959183535,487,0.49,True
238,mugendai_mutype,どんがらがっしゃん,196.08,,15.55,,133.33333333332828,432,0.45,False
239,mugendai_mutype,みゅーたんとミュータント,219.85,,16.76,,149.99999999999787,550,0.4,False
240,mugendai_mutype,チューニング,195.77,,15.4,,96.77419354838861,319,0.62,False
241,mugendai_mutype,Dream Voyage,261.96,,20.63,,157.8947368421057,685,0.38,False
242,mugendai_mutype,グラディエント,201.01,,15.87,,120.0,403,0.5,False
243,mugendai_mutype,LET'Sあちあちトレーニング！,206.29,,16.01,,176.47058823529605,595,0.34,False
244,mugendai_mutype,真夜中遊園地,229.73,,17.75,,193.54838709677279,747,0.31,False
245,mugendai_mutype,テレパシー,253.7,,19.69,,176.4705882352942,755,0.34,False
246,mugendai_mutype,TRASH LIFE,212.74,,16.8,,176.47058823529972,564,0.34,False
247,mugendai_mutype,新人類は仮想世界の夢を見るか?,233.86,,17.52,,181.81818181817493,702,0.33,False
248,mugendai_mutype,コミュ着火Fire!,184.71,,14.7,,200.0000000000007,616,0.3,False
249,mugendai_mutype,Calling,182.22,,14.69,,176.47058823529235,532,0.34,False
250,mugendai_mutype,Hi-Vision,179.91,,14.57,,200.0000000000019,491,0.3,False
251,mugendai_mutype,コハク,219.72,,16.85,,98.36065573770502,423,0.61,True
252,mugendai_mutype,✞animaるパーティ✞開催中✞,176.9,,14.1,,193.54838709677279,575,0.31,False
253,mugendai_mutype,エンプティパペット,185.85,,14.65,,124.99999999999989,388,0.48,False
254,mugendai_mutype,限界現実サバイブ天使,195.78,,16.05,,187.500000000004,617,0.32,False
255,mugendai_mutype,ビッグマウス,172.71,,14.14,,146.34146341463284,418,0.41,False
256,mugendai_mutype,夢現妄想世界,211.92,,17.48,,193.54838709677279,689,0.31,False
257,mugendai_mutype,やわやわNERD 超FreQuency,187.32,,15.0,,146.34146341463537,462,0.41,False
258,mugendai_mutype,超惑星Xへの旅,173.27,,13.88,,136.36363636363706,394,0.44,False
259,mugendai_mutype,これはぼくたちの生存のあらすじ,234.49,,18.26,,193.54838709677279,747,0.31,False
260,mygo,迷星叫,211.19,,16.55,,187.500000000004,669,0.32,False
261,mygo,壱雫空,188.95,,15.17,,200.0000000000019,546,0.3,False
262,mygo,碧天伴走,218.58,,16.93,,193.54838709677279,700,0.31,False
263,mygo,影色舞,209.15,,16.38,,166.66666666666694,580,0.36,False
264,mygo,歌いましょう鳴らしましょう,176.31,,13.64,,222.22222222222257,653,0.27,False
265,mygo,潜在表明,261.67,,19.63,,136.36363636363487,590,0.44,False
266,mygo,音一会,282.01,,22.13,,199.99999999999952,936,0.3,False
267,mygo,春日影 (MyGO!!!!! ver.),256.32,,20.11,,193.54838709677279,829,0.31,False
268,mygo,詩超絆,236.34,,18.72,,187.49999999999983,612,0.32,True
269,mygo,迷路日々,215.27,,17.32,,133.33333333332828,558,0.45,True
270,mygo,無路矢,222.58,,17.27,,120.0,446,0.5,False
271,mygo,名無声,271.65,,22.35,,187.500000000004,860,0.32,False
272,mygo,栞,265.58,,21.49,,88.23529411764618,387,0.68,False
273,mygo,歩拾道,260.27,,20.51,,130.43478260869338,564,0.46,False
274,mygo,明弦音,243.73,,19.03,,187.49999999999568,753,0.32,False
275,mygo,孤壊牢,215.32,,16.87,,181.81818181818275,655,0.33,False
276,mygo,霧周途,221.9,,17.75,,222.2222222222138,812,0.27,False
277,mygo,端程山,260.77,,20.05,,181.81818181817493,784,0.33,False
278,mygo,処救生,217.19,,17.57,,193.54838709677279,692,0.31,False
279,mygo,輪符雨,207.23,,16.49,,153.8461538461536,532,0.39,False
280,mygo,夜隠染,200.38,,16.29,,111.11111111111275,373,0.54,False
281,mygo,過惰幻,237.44,,18.7,,166.6666666666735,541,0.36,False
282,mygo,回層浮,260.75,,20.55,,98.3606557377073,431,0.61,False
283,mygo,砂寸奏,223.57,,17.72,,181.81818181818275,679,0.33,False
284,mygo,焚音打,242.45,,18.89,,187.500000000004,757,0.32,False
285,mygo,残痕字,255.06,,19.89,,176.47058823529235,746,0.34,False
286,mygo,掌心正銘,221.18,,17.28,,181.81818181818275,676,0.33,False
287,mygo,証命讃歌,191.91,,14.41,,206.89655172414362,671,0.29,False
288,mygo,エガクミライ,238.93,,19.28,,88.23529411764618,353,0.68,False
289,mygo,静降想,277.61,,21.89,,93.75000000000095,435,0.64,False
290,mygo,聿日箋秋,236.07,,18.66,,181.81818181818275,717,0.33,False
291,mygo,往欄印,297.87,,24.33,,181.81818181817493,876,0.33,False
292,mygo,だれかの心臓になれたなら (Cover),235.88,,18.01,,146.34146341462522,538,0.41,False
293,mygo,遥か彼方 (Cover),248.76,,18.9,,171.4285714285742,653,0.35,False
294,mygo,雑踏、僕らの街 (Cover),187.95,,14.55,,171.42857142857247,542,0.35,False
295,mygo,過去を喰らう (Cover),240.32,,18.6,,187.49999999999983,749,0.32,False
296,mygo,君の神様になりたい。 (Cover),248.73,,19.5,,98.36065573770493,406,0.61,False
297,mygo,ノンブレス・オブリージュ (Cover),206.82,,17.11,,146.34146341463537,510,0.41,False
298,mygo,swim (Cover),209.33,,17.5,,193.54838709677279,679,0.31,False
299,mygo,猛独が襲う (Cover),254.31,,21.27,,157.89473684210125,664,0.38,False
300,mygo,春日影,122.7,,10.33,,187.49999999999568,274,0.32,True
301,pastel_palettes,TITLE IDOL,267.89,,21.57,,146.34146341463284,647,0.41,False
302,pastel_palettes,ワクワクmeetsトリップ,246.83,,20.41,,136.36363636363706,564,0.44,False
303,pastel_palettes,ゆら・ゆらRing-Dong-Dance,264.84,,20.75,,171.4285714285742,760,0.35,False
304,pastel_palettes,もういちど ルミナス,259.77,,20.52,,171.4285714285603,733,0.35,False
305,pastel_palettes,あっつあつ 常夏 らぶ☆サマー！,246.86,,18.72,,171.4285714285742,710,0.35,False
306,pastel_palettes,天下トーイツ A to Z☆,218.14,,17.0,,153.8461538461536,556,0.39,False
307,pastel_palettes,しゅわりん☆どり〜みん,236.08,,19.0,,176.47058823529235,694,0.34,False
308,pastel_palettes,Power of LOVE!!!,231.53,,18.63,,176.47058823529235,678,0.34,False
309,pastel_palettes,きゅ～まい＊flower,220.29,,17.05,,181.81818181818275,672,0.33,False
310,pastel_palettes,Winking☆Cheer,309.58,,24.15,,100.00000000000095,516,0.6,False
311,pastel_palettes,ゆめゆめグラデーション,284.26,,21.46,,136.36363636363487,639,0.44,False
312,pastel_palettes,はなまる◎アンダンテ,226.25,,17.59,,166.66666666666694,628,0.36,False
313,pastel_palettes,パスパレボリューションず☆,231.04,,17.68,,176.47058823529235,674,0.34,False
314,pastel_palettes,SURVIVOR ねばーぎぶあっぷ!,248.46,,18.44,,199.99999999999997,828,0.3,False
315,pastel_palettes,Wonderland Girl,270.76,,21.47,,136.36363636363706,619,0.44,False
316,pastel_palettes,ゼッタイ宣言～Recital～,241.26,,19.07,,176.47058823529235,713,0.34,False
317,pastel_palettes,ぎゅっDAYS♪,251.44,,18.54,,171.42857142857162,714,0.35,False
318,pastel_palettes,Wonderful Sweet!,247.1,,19.37,,166.66666666666694,690,0.36,False
319,pastel_palettes,るんっ♪てぃてぃー！,229.13,,18.08,,162.16216216216174,624,0.37,False
320,pastel_palettes,パッパレ☆人生！バーン万歳！,239.33,,18.97,,171.42857142857073,681,0.35,False
321,pastel_palettes,Brand new Pastel Road!,255.28,,20.76,,171.4285714285742,730,0.35,False
322,pastel_palettes,あこがれacross,234.29,,18.31,,187.500000000004,539,0.32,True
323,pastel_palettes,ハレハレ☆フォーチュン,270.01,,21.48,,146.34146341463537,650,0.41,False
324,pastel_palettes,ハナヒバナ,273.51,,22.03,,95.23809523809592,433,0.63,False
325,pastel_palettes,そばかす,250.27,,19.29,,171.4285714285714,712,0.35,False
326,pastel_palettes,気まぐれロマンティック,243.46,,19.6,,171.42857142857156,691,0.35,False
327,pastel_palettes,ドリームパレード,234.5,,19.06,,171.4285714285742,674,0.35,False
328,pastel_palettes,ラムのラブソング,162.14,,12.54,,181.8181818181819,487,0.33,False
329,pastel_palettes,DANCE! おジャ魔女,196.26,,15.31,,153.846153846148,502,0.39,False
330,pastel_palettes,DISCOTHEQUE,242.81,,19.59,,142.85714285714226,578,0.42,False
331,pastel_palettes,ゆりゆららららゆるゆり大事件,229.07,,18.71,,176.47058823529235,669,0.34,False
332,pastel_palettes,SAKURAスキップ,228.56,,18.29,,166.66666666666035,630,0.36,False
333,pastel_palettes,Stay Alive,263.61,,21.22,,139.53488372093034,616,0.43,False
334,pastel_palettes,秘密の扉から会いにきて,218.31,,17.11,,181.8181818181906,671,0.33,False
335,pastel_palettes,トリドリ＊パレット,252.04,,20.78,,176.4705882352942,749,0.34,False
336,pastel_palettes,ドラマチック！アライブ,259.25,,20.84,,187.49999999999568,800,0.32,False
337,pastel_palettes,Radiate Warriors,240.33,,19.81,,130.43478260869338,521,0.46,False
338,pastel_palettes,ReReReエボリューションず☆,214.27,,17.86,,187.5000000000019,665,0.32,False
339,pastel_palettes,everyday flower,239.84,,20.03,,136.36363636363706,542,0.44,False
340,pastel_palettes,With〜きみとわたしたちの物語〜,245.26,,20.28,,93.74999999999991,379,0.64,False
341,pastel_palettes,フレっとパレットFight Song!!,241.53,,20.18,,146.34146341463284,584,0.41,False
342,pastel_palettes,デイオフ・ラフ・ラブ・サンクス,243.23,,19.72,,139.53488372093034,567,0.43,False
343,pastel_palettes,ホワイト ノスタルジア,283.36,,23.27,,139.534883720928,651,0.43,False
344,pastel_palettes,Y.O.L.O！！！！！(パスパレver.),268.28,,22.12,,105.26315789473728,473,0.57,False
345,pastel_palettes,奏（かなで） (Cover),294.09,,24.8,,149.99999999999787,734,0.4,False
346,pastel_palettes,Sparkling Daydream (Cover),248.94,,20.78,,176.47058823529235,728,0.34,False
347,pastel_palettes,春を告げる (Cover),198.46,,16.61,,120.0,398,0.5,False
348,pastel_palettes,だから、ひとりじゃない (Cover),229.83,,19.41,,181.81818181817493,690,0.33,False
349,pastel_palettes,サインはB (Cover),215.17,,17.87,,176.47058823529235,630,0.34,False
350,pastel_palettes,愛包ダンスホール (Cover),222.35,,18.19,,139.53488372093724,522,0.43,False
351,pastel_palettes,最上級にかわいいの！ (Cover),191.23,,16.15,,166.66666666666694,537,0.36,False
352,pastel_palettes,♡桃色片想い♡ (Cover),257.13,,22.04,,153.8461538461536,659,0.39,False
353,pastel_palettes,金曜日のおはよう (Cover),241.28,,20.58,,149.99999999999787,602,0.4,False
354,pastel_palettes,魔法少女とチョコレゐト (Cover),187.53,,15.38,,149.99999999999787,470,0.4,False
355,pastel_palettes,可愛くてごめん (Cover),219.99,,18.84,,162.16216216216017,589,0.37,False
356,pastel_palettes,からくりピエロ (Cover),251.7,,20.48,,101.6949152542367,428,0.59,False
357,pastel_palettes,みくみくにしてあげる♪【してやんよ】 (Cover),103.23,,8.88,,162.16216216216017,278,0.37,False
358,pastel_palettes,ルカルカ★ナイトフィーバー (Cover),241.81,,20.42,,162.16216216216017,648,0.37,False
359,pastel_palettes,アイドル (Cover),214.18,,18.02,,166.66666666666694,585,0.36,False
360,pastel_palettes,secret base ～君がくれたもの～ (Cover),321.52,,25.56,,142.85714285714226,683,0.42,False
361,pastel_palettes,ふわふわ時間 (Cover),245.21,,20.27,,181.81818181817493,737,0.33,False
362,pastel_palettes,Fantastic future (Cover),246.76,,19.51,,171.4285714285742,709,0.35,False
363,pastel_palettes,Baby Sweet Berry Love (Cover),243.96,,19.5,,171.42857142856724,693,0.35,False
364,pastel_palettes,Q＆A　リサイタル！ (Cover),290.98,,22.77,,181.81818181818275,884,0.33,False
365,pastel_palettes,ヒトリゴト (Cover),235.05,,18.17,,166.66666666666035,649,0.36,False
366,pastel_palettes,惑星ループ (Cover),206.46,,16.07,,171.42857142857073,586,0.35,False
367,pastel_palettes,世界は恋に落ちている (Cover),312.89,,24.3,,130.43478260869338,678,0.46,False
368,pastel_palettes,ハッピーシンセサイザ (Cover),237.53,,18.93,,127.65957446808541,504,0.47,False
369,pastel_palettes,春擬き (Cover),268.85,,20.63,,176.47058823529235,782,0.34,False
370,pastel_palettes,Make it! (Cover),252.2,,19.72,,171.4285714285742,725,0.35,False
371,pastel_palettes,花ハ踊レヤいろはにほ (Cover),250.89,,19.24,,162.16216216216017,671,0.37,False
372,pastel_palettes,夜に駆ける (Cover),262.28,,20.4,,130.43478260869338,569,0.46,False
373,pastel_palettes,徒花ネクロマンシー (Cover),242.53,,18.24,,171.4285714285742,697,0.35,False
374,pastel_palettes,ノスタルジックレインフォール (Cover),236.9,,18.38,,166.66666666666035,653,0.36,False
375,poppin_party,Yes! BanG_Dream!,309.68,,23.35,,187.49999999998735,952,0.32,False
376,poppin_party,STAR BEAT!～ホシノコドウ～,320.51,,24.54,,193.54838709677279,1000,0.31,False
377,poppin_party,走り始めたばかりのキミに,260.71,,19.91,,125.00000000000267,610,0.48,False
378,poppin_party,ティアドロップス,217.02,,16.97,,187.500000000004,688,0.32,False
379,poppin_party,ときめきエクスペリエンス！,257.39,,18.97,,181.81818181817493,774,0.33,False
380,poppin_party,キラキラだとか夢だとか ～Sing Girls～,305.61,,22.46,,181.81818181817493,918,0.33,False
381,poppin_party,私の心はチョココロネ,252.43,,19.13,,133.3333333333346,564,0.45,False
382,poppin_party,前へススメ！,309.19,,24.27,,181.81818181817883,891,0.33,False
383,poppin_party,夢みるSunflower,279.6,,21.14,,162.16216216217262,768,0.37,False
384,poppin_party,ティアドロップス ～Popipa Acoustic Ver.～,232.48,,17.53,,181.81818181817493,694,0.33,False
385,poppin_party,走り始めたばかりのキミに ～Popipa Acoustic Ver.～,295.69,,22.55,,107.14285714285806,532,0.56,False
386,poppin_party,Time Lapse,248.72,,18.89,,193.54838709677279,795,0.31,False
387,poppin_party,八月のif,275.26,,20.88,,120.0,551,0.5,False
388,poppin_party,クリスマスのうた,276.89,,20.85,,139.53488372093034,744,0.43,True
389,poppin_party,B.O.F,218.72,,16.93,,176.47058823529235,639,0.34,False
390,poppin_party,CiRCLING,261.03,,19.79,,162.16216216216017,700,0.37,False
391,poppin_party,二重の虹(ダブル レインボウ),245.93,,18.69,,187.500000000004,771,0.32,False
392,poppin_party,最高(さあ行こう)！,228.57,,17.21,,181.81818181817493,689,0.33,False
393,poppin_party,ガールズコード,324.94,,24.32,,124.99999999999989,677,0.48,False
394,poppin_party,Yes! BanG_Dream! ～Popipa Acoustic Ver.～,307.93,,22.47,,171.42857142856724,864,0.35,False
395,poppin_party,夏空 SUN! SUN! SEVEN! ～Popipa Acoustic Ver.～,299.74,,22.2,,162.16216216216017,802,0.37,False
396,poppin_party,STAR BEAT!～ホシノコドウ～ ～Popipa Acoustic Ver.～,327.24,,24.25,,87.59124087591212,479,0.685,False
397,poppin_party,Breakthrough!,275.51,,20.51,,181.8181818181906,846,0.33,False
398,poppin_party,NO GIRL NO CRY/Poppin'Party Ver.,312.52,,23.67,,187.500000000004,991,0.32,False
399,poppin_party,イニシャル,294.94,,21.93,,193.54838709677279,949,0.31,False
400,poppin_party,Hello! Wink!,281.46,,21.05,,153.8461538461424,711,0.39,False
401,poppin_party,Step×Step!,248.54,,18.77,,146.34146341463537,611,0.41,False
402,poppin_party,Jumpin',247.86,,19.11,,193.54838709677279,781,0.31,False
403,poppin_party,White Afternoon,299.56,,22.11,,146.34146341462522,723,0.41,False
404,poppin_party,キラキラスター！,275.49,,21.26,,149.99999999999787,686,0.4,False
405,poppin_party,Returns,322.58,,24.88,,181.8181818181906,849,0.33,False
406,poppin_party,Dreamers Go!,257.77,,19.57,,187.49999999999568,796,0.32,False
407,poppin_party,キズナミュージック♪,315.26,,23.81,,187.500000000004,993,0.32,False
408,poppin_party,ミライトレイン,355.58,,26.4,,176.47058823529235,1043,0.34,False
409,poppin_party,夢を撃ち抜く瞬間に！,280.05,,21.06,,199.9999999999924,688,0.3,True
410,poppin_party,ぽっぴん'しゃっふる,277.71,,20.74,,222.2222222222138,852,0.27,False
411,poppin_party,夏空 SUN! SUN! SEVEN!,270.88,,19.87,,176.47058823529235,796,0.34,False
412,poppin_party,1000回潤んだ空,330.48,,24.41,,181.81818181817493,852,0.33,False
413,poppin_party,HAPPY HAPPY PARTY!,282.08,,21.34,,139.53488372093034,658,0.43,False
414,poppin_party,夏のドーン！,221.04,,17.07,,162.16216216216017,593,0.37,False
415,poppin_party,キミにもらったもの,235.0,,17.98,,146.34146341463537,572,0.41,False
416,poppin_party,Light Delight,308.55,,24.17,,181.81818181817493,837,0.33,False
417,poppin_party,切ないSandglass,246.16,,19.29,,181.81818181818275,752,0.33,False
418,poppin_party,Home Street,227.43,,17.36,,105.26315789473679,397,0.57,False
419,poppin_party,What's the POPIPA!?,278.51,,21.73,,187.49999999999983,864,0.32,False
420,poppin_party,SAKURA MEMORIES,254.42,,19.21,,176.47058823529235,749,0.34,False
421,poppin_party,アニバーサリー,273.53,,20.81,,171.42857142857073,777,0.35,False
422,poppin_party,Tomorrow's Door,247.29,,18.72,,176.47058823529235,731,0.34,False
423,poppin_party,イントロダクション,221.23,,17.1,,166.66666666666035,610,0.36,False
424,poppin_party,TARINAI,219.35,,16.86,,187.500000000004,695,0.32,False
425,poppin_party,DOKI DOKI SCARY,239.92,,18.67,,142.85714285714226,568,0.42,False
426,poppin_party,Photograph,257.6,,19.87,,150.0000000000032,747,0.4,True
427,poppin_party,夏に閉じこめて,261.46,,19.81,,187.500000000004,801,0.32,False
428,poppin_party,ぽっぴん'どりーむ！,269.46,,19.96,,199.99999999999997,898,0.3,False
429,poppin_party,星の約束,244.89,,19.0,,176.47058823529235,717,0.34,False
430,poppin_party,新しい季節に,211.27,,16.16,,124.99999999999989,438,0.48,False
431,poppin_party,トレモロアイズ,241.09,,19.15,,166.66666666666364,666,0.36,False
432,poppin_party,雨上がり、キミと,265.64,,20.8,,187.500000000004,833,0.32,False
433,poppin_party,花咲く未来に,275.85,,21.21,,139.53488372093034,643,0.43,False
434,poppin_party,Live Beyond!!,314.41,,24.55,,187.500000000004,996,0.32,False
435,poppin_party,Sweets BAN!,255.64,,19.73,,157.89473684210125,668,0.38,False
436,poppin_party,キミが始まる！,218.07,,17.48,,176.47058823529235,644,0.34,False
437,poppin_party,Moonlight Walk,226.31,,16.96,,187.500000000004,717,0.32,False
438,poppin_party,ここから先は歌にならない,277.31,,20.96,,187.500000000004,878,0.32,False
439,poppin_party,青春 To Be Continued,256.08,,20.44,,193.54838709677415,773,0.31,True
440,poppin_party,Future Place,232.72,,17.7,,181.81818181818275,710,0.33,False
441,poppin_party,大好き！,247.17,,19.54,,166.66666666666035,683,0.36,False
442,poppin_party,Five Letters,248.76,,18.73,,127.65957446808541,531,0.47,False
443,poppin_party,最強☆ソング,255.0,,20.0,,181.81818181817493,767,0.33,False
444,poppin_party,RiNG A BELL,260.89,,20.17,,181.81818181818275,792,0.33,False
445,poppin_party,Drive Your Heart,268.86,,21.22,,153.84615384615924,868,0.39,True
446,poppin_party,とっておきAnswer,196.52,,15.2,,193.54838709677279,629,0.31,False
447,poppin_party,START!! True dreams,242.6,,18.31,,176.47058823529605,721,0.34,False
448,poppin_party,どきどきデエト,217.03,,16.48,,187.49999999999983,673,0.32,False
449,poppin_party,チョコレイトの低音レシピ,270.78,,20.85,,187.500000000004,635,0.32,True
450,poppin_party,Chu Chueen!,229.54,,17.79,,206.89655172413853,690,0.29,False
451,poppin_party,どきどきSING OUT!,247.88,,19.66,,193.54838709677279,802,0.31,False
452,poppin_party,Freedom,264.39,,20.32,,162.16216216216017,708,0.37,False
453,poppin_party,Game Changer,195.46,,14.58,,199.99999999999716,646,0.3,False
454,poppin_party,花園電気ギター！！！,198.86,,15.12,,187.500000000004,624,0.32,False
455,poppin_party,す、好きなんかじゃない！,236.68,,18.07,,166.66666666666694,658,0.36,False
456,poppin_party,遠い音楽 ～ハートビート～,242.85,,19.35,,166.66666666666694,683,0.36,False
457,poppin_party,ほな！,226.99,,18.19,,187.49999999999983,704,0.32,False
458,poppin_party,世界中の青空をあつめて,230.1,,18.23,,193.54838709677279,745,0.31,False
459,poppin_party,勇気Limit！,222.21,,17.41,,222.2222222222138,585,0.27,True
460,poppin_party,開けたらDream!,308.58,,23.9,,139.534883720928,720,0.43,False
461,poppin_party,絆色のアンサンブル,311.95,,23.24,,187.500000000004,985,0.32,False
462,poppin_party,NO GIRL NO CRY (Poppin'Party Ver.),312.52,,24.76,,187.500000000004,991,0.32,False
463,poppin_party,ちゅ、多様性。 (Cover),187.67,,14.29,,153.8461538461536,478,0.39,False
464,poppin_party,フィクション (Cover),231.54,,17.6,,122.44897959183801,476,0.49,False
465,poppin_party,幾億光年 (Cover),274.79,,22.44,,96.77419354838639,443,0.62,False
466,poppin_party,心絵 (Cover),256.66,,20.01,,95.23809523809538,407,0.63,False
467,poppin_party,じょいふる (Cover),194.29,,14.96,,157.89473684210716,517,0.38,False
468,poppin_party,MATSURI BAYASHI (Cover),230.67,,17.79,,153.8461538461536,590,0.39,False
469,poppin_party,私は最強 (Cover),257.93,,19.99,,193.54838709677279,827,0.31,False
470,poppin_party,トウキョウ・シャンディ・ランデヴ (Cover),186.72,,14.88,,136.36363636363706,435,0.44,False
471,poppin_party,夜行性ハイズ (Cover),225.99,,18.24,,133.33333333332828,503,0.45,False
472,poppin_party,メランコリック (Cover),220.52,,17.3,,139.53488372093034,515,0.43,False
473,poppin_party,怪獣の花唄 (Cover),222.73,,17.27,,149.99999999999787,557,0.4,False
474,poppin_party,光るなら (Cover),253.49,,19.94,,162.16216216216017,682,0.37,False
475,poppin_party,ミュージック・アワー (Cover),280.36,,21.42,,136.36363636362827,630,0.44,False
476,poppin_party,only my railgun (Cover),252.86,,19.09,,142.85714285714226,602,0.42,False
477,poppin_party,ロミオとシンデレラ (Cover),280.13,,21.89,,171.42857142857073,795,0.35,False
478,poppin_party,Daydream café (Cover),228.67,,18.37,,149.99999999999787,573,0.4,False
479,poppin_party,君じゃなきゃダメみたい (Cover),239.73,,18.17,,130.43478260869554,523,0.46,False
480,poppin_party,＊〜アスタリスク〜 (Cover),252.22,,18.89,,127.65957446808541,538,0.47,False
481,poppin_party,DAYS of DASH (Cover),253.36,,19.55,,162.16216216216017,678,0.37,False
482,poppin_party,檄！帝国華撃団 (Cover),184.13,,13.97,,142.85714285714226,439,0.42,False
483,poppin_party,DAYS (Cover),234.62,,17.82,,136.36363636363265,527,0.44,False
484,poppin_party,ディスカバリー！ (Cover),277.96,,21.49,,171.4285714285742,799,0.35,False
485,poppin_party,チェリボム (Cover),246.13,,19.02,,187.500000000004,780,0.32,False
486,poppin_party,ヴァンパイア (Cover),182.16,,14.58,,162.1621621621664,500,0.37,False
487,poppin_party,怪物 (Cover),206.4,,16.33,,171.42857142857073,586,0.35,False
488,poppin_party,大河よ共に泣いてくれ (Cover),207.42,,16.15,,176.47058823529235,603,0.34,False
489,poppin_party,空色デイズ (Cover),253.66,,19.71,,176.47058823529235,738,0.34,False
490,raise_a_suilen,Invincible Fighter,250.56,,19.19,,199.9999999999924,823,0.3,False
491,raise_a_suilen,A DECLARATION OF ×××,315.43,,24.06,,149.99999999999787,789,0.4,False
492,raise_a_suilen,SOUL SOLDIER,239.78,,18.57,,193.54838709677279,767,0.31,False
493,raise_a_suilen,UNSTOPPABLE,230.27,,17.74,,171.42857142857073,654,0.35,False
494,raise_a_suilen,HELL! or HELL?,282.09,,21.2,,199.9999999999924,925,0.3,False
495,raise_a_suilen,Beautiful Birthday,255.8,,19.13,,176.47058823529235,747,0.34,False
496,raise_a_suilen,Takin’ my Heart,286.63,,23.07,,181.8181818181906,880,0.33,False
497,raise_a_suilen,DRIVE US CRAZY,245.13,,19.26,,105.26315789473679,429,0.57,False
498,raise_a_suilen,!NVADE SHOW!,265.48,,20.79,,171.4285714285603,750,0.35,False
499,raise_a_suilen,REIGNING,249.25,,19.46,,181.81818181818275,757,0.33,False
500,raise_a_suilen,EXPOSE ‘Burn out!!!’,283.43,,22.39,,187.500000000004,898,0.32,False
501,raise_a_suilen,R・I・O・T,301.02,,23.05,,139.53488372093034,702,0.43,False
502,raise_a_suilen,V.I.P MONSTER,241.59,,17.92,,171.4285714285742,694,0.35,False
503,raise_a_suilen,mind of Prominence,266.02,,20.67,,187.500000000004,833,0.32,False
504,raise_a_suilen,Ray of hope,190.45,,14.51,,127.65957446808541,404,0.47,False
505,raise_a_suilen,EXIST,237.99,,18.25,,139.53488372093034,555,0.43,False
506,raise_a_suilen,Sacred world,300.36,,23.7,,142.85714285713743,709,0.42,False
507,raise_a_suilen,-N-E-M-E-S-I-S-,267.33,,21.16,,146.34146341463284,645,0.41,False
508,raise_a_suilen,DANCING DARING,214.86,,16.02,,187.500000000004,674,0.32,False
509,raise_a_suilen,BATTLE CRY,234.23,,18.47,,187.500000000004,734,0.32,False
510,raise_a_suilen,Domination to world,257.9,,20.31,,200.0000000000001,860,0.3,False
511,raise_a_suilen,THE WAY OF LIFE,237.96,,18.41,,171.42857142857073,677,0.35,False
512,raise_a_suilen,灼熱 Bonfire!,224.34,,17.78,,153.8461538461536,578,0.39,False
513,raise_a_suilen,Repaint,234.3,,18.59,,206.89655172413347,768,0.29,False
514,raise_a_suilen,Life on the Lotus,242.73,,18.4,,101.6949152542367,409,0.59,False
515,raise_a_suilen,CORUSCATE -DNA-,286.96,,22.23,,149.99999999999787,858,0.4,True
516,raise_a_suilen,That Is How I Roll!,265.56,,20.66,,181.81818181817493,801,0.33,False
517,raise_a_suilen,しゅわりん☆どり～みん,265.27,,20.95,,176.47058823529235,740,0.34,False
518,raise_a_suilen,パスパレボリューションず☆,231.46,,17.92,,176.47058823529235,673,0.34,False
519,raise_a_suilen,えがおのオーケストラっ！,255.14,,20.73,,136.36363636363706,587,0.44,False
520,raise_a_suilen,Don't be afraid!,143.61,,10.86,,181.81818181817493,410,0.33,False
521,raise_a_suilen,ゆら・ゆらRing-Dong-Dance,294.56,,23.05,,171.4285714285742,858,0.35,False
522,raise_a_suilen,Hey-day狂騒曲(カプリチオ),241.14,,18.64,,157.89473684210716,641,0.38,False
523,raise_a_suilen,Scarlet Sky,246.46,,18.68,,181.81818181817493,724,0.33,False
524,raise_a_suilen,ゴーカ！ごーかい！？ファントムシーフ！,241.82,,18.84,,214.28571428571342,831,0.28,False
526,raise_a_suilen,That Is How I Roll! (ライブ / アンコール),282.74,,21.9,,181.81818181817493,843,0.33,False
527,raise_a_suilen,R･I･O･T (ライブ / アンコール),347.65,,27.48,,139.534883720928,778,0.43,False
528,raise_a_suilen,Apocalypse,252.14,,19.56,,149.99999999999787,629,0.4,False
529,raise_a_suilen,TWIN TALE,217.27,,17.31,,193.54838709677279,632,0.31,True
530,raise_a_suilen,STRAY CERBERUS,255.83,,18.87,,181.81818181817493,769,0.33,False
531,raise_a_suilen,BERSER-KEY,230.51,,18.29,,120.0,462,0.5,False
532,raise_a_suilen,POLARIS,271.63,,20.7,,187.49999999999568,838,0.32,False
533,raise_a_suilen,HOWLING AMBITION,258.09,,19.82,,136.36363636363706,584,0.44,False
534,raise_a_suilen,VIVID FIRST TIME,229.66,,17.21,,200.0000000000019,766,0.3,False
535,raise_a_suilen,'FIGHT' ADDICT,231.29,,17.95,,193.54838709677279,751,0.31,False
536,raise_a_suilen,Drown Out the Noise and Push Through the Trash,215.56,,17.23,,127.65957446808541,414,0.47,True
537,raise_a_suilen,FIVE as ONE,254.93,,20.3,,187.500000000004,744,0.32,False
538,raise_a_suilen,EXPOSE 'Burn out!!!' (English),283.56,,22.07,,187.500000000004,899,0.32,False
539,raise_a_suilen,Takin' my Heart (English),284.76,,22.15,,181.8181818181906,874,0.33,False
540,raise_a_suilen,WELCOME TO PANDEMONIUM,254.54,,19.43,,206.89655172412333,865,0.29,False
541,raise_a_suilen,WHAT AN EXPLOSION,190.68,,14.63,,193.54838709677279,637,0.31,False
542,raise_a_suilen,RUNAWAY STAR,228.71,,17.32,,200.0000000000007,763,0.3,False
543,raise_a_suilen,Bad Kids All Bet,228.06,,17.97,,171.42857142857073,648,0.35,False
544,raise_a_suilen,Light a fire,268.53,,20.92,,139.534883720928,618,0.43,False
545,raise_a_suilen,Embrace of light,271.69,,20.28,,153.846153846148,686,0.39,False
546,raise_a_suilen,OUTSIDER RODEO,268.61,,20.2,,149.99999999999787,769,0.4,True
547,raise_a_suilen,JUST THE WAY I AM,258.48,,19.17,,181.81818181817493,778,0.33,False
548,raise_a_suilen,ラスハピーポー！,200.07,,15.34,,193.548387096775,654,0.31,False
549,raise_a_suilen,1/3の純情な感情 (Cover),222.42,,17.45,,153.846153846148,563,0.39,False
550,raise_a_suilen,ヒトリノ夜 (Cover),237.51,,18.87,,176.47058823529235,690,0.34,False
551,raise_a_suilen,激動 (Cover),333.16,,26.03,,113.20754716981108,629,0.53,False
552,raise_a_suilen,メギツネ (Cover),250.82,,18.54,,142.85714285714226,575,0.42,False
553,raise_a_suilen,Bling-Bang-Bang-Born (Cover),168.35,,14.04,,157.89473684210495,441,0.38,False
554,raise_a_suilen,第六感 (Cover),192.82,,15.54,,133.33333333333408,431,0.45,False
555,raise_a_suilen,革命道中 (Cover),197.98,,15.54,,187.49999999999983,615,0.32,False
556,raise_a_suilen,Get Wild (Cover),199.16,,15.84,,133.3333333333346,445,0.45,False
557,raise_a_suilen,ボッカデラべリタ (Cover),201.59,,16.8,,171.42857142857073,572,0.35,False
558,raise_a_suilen,第ゼロ感 (Cover),288.3,,23.07,,149.99999999999787,716,0.4,False
559,raise_a_suilen,劣等上等 (Cover),236.86,,19.19,,162.16216216216017,633,0.37,False
560,raise_a_suilen,Just Awake (Cover),222.8,,17.18,,193.54838709677279,709,0.31,False
561,raise_a_suilen,Keep the Heat and Fire Yourself Up (Cover),205.37,,16.18,,157.89473684210526,584,0.38,False
562,raise_a_suilen,ボッカデラベリタ (Cover),201.69,,15.3,,171.42857142857073,572,0.35,False
563,raise_a_suilen,VORACITY (Cover),207.23,,16.41,,200.0000000000007,690,0.3,False
564,raise_a_suilen,神っぽいな (Cover),203.82,,16.03,,142.85714285713743,458,0.42,False
565,raise_a_suilen,狂乱 Hey Kids!! (Cover),249.45,,20.43,,272.7272727272741,801,0.22,True
566,raise_a_suilen,SAVIOR OF SONG (Cover),248.95,,19.83,,193.54838709677279,797,0.31,False
567,raise_a_suilen,恋しさとせつなさと心強さと (Cover),250.51,,19.2,,130.43478260869338,543,0.46,False
568,raise_a_suilen,DEPARTURES (Cover),332.3,,25.57,,100.00000000000095,553,0.6,False
569,raise_a_suilen,CORE PRIDE (Cover),257.02,,20.22,,187.49999999999568,793,0.32,False
570,roselia,Neo-Aspect,307.01,,23.44,,181.81818181817493,922,0.33,False
571,roselia,BLACK SHOUT,247.05,,18.89,,187.49999999998735,712,0.32,False
572,roselia,Opera of the wasteland,284.32,,21.5,,260.86956521738676,871,0.23,True
573,roselia,陽だまりロードナイト,289.36,,22.47,,142.85714285714226,688,0.42,False
574,roselia,ONENESS,238.98,,18.01,,187.500000000004,731,0.32,False
575,roselia,Re:birth day,268.42,,21.33,,171.42857142857073,763,0.35,False
576,roselia,Legendary,291.55,,22.7,,142.85714285714712,700,0.42,False
577,roselia,- HEROIC ADVENT -,221.8,,16.78,,181.81818181818275,674,0.33,False
578,roselia,Determination Symphony,281.66,,21.65,,187.500000000004,892,0.32,False
579,roselia,熱色スターマイン,280.14,,20.78,,187.49999999999997,874,0.32,False
580,roselia,軌跡,312.05,,23.2,,84.50704225352357,443,0.71,False
581,roselia,LOUDER,215.92,,16.8,,193.54838709677279,701,0.31,False
582,roselia,R,284.99,,20.97,,187.500000000004,891,0.32,False
583,roselia,BRAVE JEWEL,247.26,,18.57,,193.54838709677279,792,0.31,False
584,roselia,FIRE BIRD,359.74,,27.14,,149.99999999999787,840,0.4,False
585,roselia,Safe and Sound,258.29,,19.21,,181.81818181818275,785,0.33,False
586,roselia,Avant-garde HISTORY,306.32,,22.84,,230.76923076922623,1121,0.26,False
587,roselia,Break your desire,261.08,,20.08,,206.89655172413347,892,0.29,False
589,roselia,約束,304.13,,22.75,,122.44897959183801,624,0.49,False
590,roselia,"""UNIONS"" Road",308.83,,23.99,,136.36363636363487,696,0.44,False
591,roselia,Song I am.,242.27,,18.17,,187.500000000004,768,0.32,False
592,roselia,Sage der Rosen,244.68,,18.27,,157.89473684210716,648,0.38,False
593,roselia,覚悟のLiberation,260.54,,20.42,,181.8181818181906,703,0.33,False
594,roselia,Keep Heart,245.7,,19.02,,199.9999999999924,811,0.3,False
595,roselia,Original Call,225.03,,17.59,,176.47058823529235,654,0.34,False
596,roselia,Always recall.,252.05,,19.37,,187.49999999999568,778,0.32,False
597,roselia,Floral Haven,281.64,,21.48,,187.500000000004,730,0.32,True
598,roselia,Sprechchor,309.63,,23.47,,149.99999999999787,774,0.4,False
599,roselia,閃光,218.38,,17.21,,176.4705882352942,650,0.34,False
600,roselia,THE HISTORIC...,271.03,,20.62,,176.47058823529235,792,0.34,False
601,roselia,ROZEN HORIZON,366.09,,27.6,,157.89473684210716,958,0.38,False
602,roselia,廻廻奇譚,220.95,,16.39,,187.49999999999568,682,0.32,False
603,roselia,鳥の詩,356.33,,28.18,,122.44897959183446,725,0.49,False
604,roselia,Synchrogazer,266.55,,20.15,,157.89473684210716,710,0.38,False
605,roselia,名前のない怪物,300.98,,22.42,,181.81818181817493,905,0.33,False
606,roselia,Dazzle the Destiny,240.95,,18.1,,193.54838709677279,767,0.31,False
607,roselia,Grateful Melting,217.1,,16.66,,120.0,434,0.5,False
608,roselia,Second to None,233.59,,18.44,,187.49999999999983,725,0.32,False
609,roselia,Steadfast Spirits,224.61,,17.43,,193.54838709677279,719,0.31,False
610,roselia,紫炎,221.14,,17.23,,187.500000000004,701,0.32,False
611,roselia,XV,234.79,,18.87,,193.54838709677279,756,0.31,False
612,roselia,Blessing Chord,276.78,,20.8,,153.8461538461536,701,0.39,False
613,roselia,Fear Nothing,228.72,,18.43,,115.38461538461627,509,0.52,True
614,roselia,PASSIONATE ANTHEM,242.68,,18.11,,193.54838709677279,789,0.31,False
615,roselia,Requiem for Fate,238.01,,18.27,,153.8461538461536,607,0.39,False
616,roselia,Sanctuary,310.64,,24.2,,181.81818181818275,944,0.33,False
617,roselia,Sunlit Musical,231.78,,17.76,,187.49999999999568,716,0.32,False
618,roselia,Talk to My Tone,245.49,,19.54,,103.44827586206927,426,0.58,False
619,roselia,一逢のFull Glory,231.97,,17.89,,200.00000000000043,751,0.3,False
620,roselia,礎の花冠,246.76,,19.3,,176.47058823529235,717,0.34,False
621,roselia,FRONTIER FANTASIA,262.05,,20.15,,176.4705882352942,739,0.34,False
622,roselia,Dear Gleam,253.24,,19.83,,193.548387096775,827,0.31,False
623,roselia,Call the shots,265.06,,20.61,,187.500000000004,834,0.32,False
624,roselia,THRONE OF ROSE,312.06,,24.77,,162.16216216216017,836,0.37,False
625,roselia,VIOLET LINE,290.43,,22.03,,199.9999999999924,807,0.3,False
626,roselia,Ringing Bloom,334.57,,25.43,,193.54838709677279,1086,0.31,False
627,roselia,ZEAL of proud,278.79,,21.44,,193.54838709677279,906,0.31,False
628,roselia,Singing “OURS”,315.91,,23.74,,124.99999999999989,659,0.48,False
629,roselia,競宴Red×Violet,262.99,,19.23,,146.34146341463537,648,0.41,False
630,roselia,overtuRe,243.85,,17.88,,193.54838709677279,786,0.31,False
631,roselia,Proud of oneself,235.59,,18.64,,193.54838709677279,753,0.31,False
632,roselia,Sing Alive,315.14,,23.01,,193.54838709677279,970,0.31,False
633,roselia,Swear ～Night & Day～,304.01,,23.5,,113.20754716981108,577,0.53,False
634,roselia,Reweave (Cover),238.13,,18.31,,181.81818181818275,727,0.33,False
635,roselia,ヒバナ -Reloaded- (Cover),205.26,,15.99,,200.0000000000019,685,0.3,False
636,roselia,ファタール (Cover),220.63,,16.9,,157.89473684209534,576,0.38,False
637,roselia,HONEY (Cover),227.41,,17.0,,181.81818181818275,692,0.33,False
638,roselia,悪魔の子 (Cover),226.32,,17.16,,176.47058823529235,503,0.34,True
639,roselia,slash (Cover),240.55,,18.46,,107.1428571428574,432,0.56,False
640,roselia,右肩の蝶 (Cover),276.02,,21.95,,139.53488372093028,643,0.43,False
641,roselia,乙女解剖 (Cover),223.62,,17.41,,133.3333333333346,499,0.45,False
642,roselia,六兆年と一夜物語 (Cover),216.14,,16.69,,187.49999999999983,669,0.32,False
643,roselia,残酷な天使のテーゼ (Cover),261.32,,19.76,,139.534883720928,598,0.43,False
644,roselia,海色 (Cover),256.62,,19.63,,193.54838709677279,834,0.31,False
645,roselia,ETERNAL BLAZE (Cover),308.72,,23.21,,153.84615384615924,781,0.39,False
646,roselia,魂のルフラン (Cover),269.22,,20.71,,130.43478260869338,583,0.46,False
647,roselia,This game (Cover),283.2,,21.37,,146.34146341463537,694,0.41,False
648,roselia,スカイクラッドの観測者 (Cover),273.35,,21.79,,166.66666666666694,757,0.36,False
649,roselia,シャルル (Cover),232.17,,18.18,,146.34146341463028,560,0.41,False
650,roselia,新時代 (Cover),226.34,,16.97,,176.47058823529235,633,0.34,False
651,roselia,革命デュアリズム (Cover),237.15,,18.61,,206.89655172413347,809,0.29,False
652,roselia,Red fraction (Cover),200.54,,15.64,,142.85714285714226,474,0.42,False
653,roselia,深愛 (Cover),272.76,,21.15,,139.534883720928,626,0.43,False
654,roselia,Paradisus‐Paradoxum (Cover),232.39,,17.56,,200.0000000000019,778,0.3,False
655,roselia,Realize (Cover),245.84,,18.53,,206.89655172412333,651,0.29,True
656,roselia,Preserved Roses (Cover),210.63,,16.37,,166.66666666666694,588,0.36,False
657,roselia,My Dearest (Cover),336.95,,23.76,,166.6666666666735,945,0.36,False
658,roselia,Shangri-La (Cover),238.53,,17.3,,153.84615384615924,608,0.39,False
659,roselia,KING (Cover),134.45,,10.94,,166.66666666666694,374,0.36,False
660,mygo,素寄曲,238.18,,16.57,,117.64705882352823,463,0.51,False
661,mygo,羅永線,233.33,,16.05,,187.500000000004,739,0.32,False
662,mygo,騒混出,227.12,,14.99,,181.81818181817493,682,0.33,False
