idx,band,song,duration_sec,dfa_alpha,danceability_norm,dfa_alpha_native,danceability_clf_prob,error
0,afterglow,ON YOUR MARK,241.63,0.9429338574409485,0.0,,1.0605199337005615,
1,afterglow,That Is How I Roll!,239.6,0.8227238059043884,0.6667,,1.2154747247695923,
2,afterglow,SENSENFUKOKU,246.53,0.8914315700531006,0.3333,,1.121791124343872,
8,afterglow,RED RED RED,224.37,0.9526528716087341,0.2842,,1.049700379371643,
5,afterglow,Hey-day狂騒曲(カプリチオ),233.7,0.9251096248626709,0.4043,,1.0809528827667236,
7,afterglow,Sasanqua,236.8,0.9652191996574402,0.2386,,1.0360339879989624,
6,afterglow,"Easy come, Easy go!",243.4,0.9436734914779663,0.3207,,1.059688687324524,
4,afterglow,ツナグ、ソラモヨウ,248.93,0.943584680557251,0.3222,,1.0597883462905884,
10,afterglow,Y.O.L.O!!!!!,270.93,0.9477639198303223,0.304,,1.0551151037216187,
9,afterglow,ONE OF US,282.3,0.9284672141075134,0.386,,1.0770437717437744,
3,afterglow,I knew it!,291.3,0.9122349619865417,0.4757,,1.0962086915969849,
11,afterglow,Scarlet Sky,229.0,0.8188788890838623,0.8815,,1.2211817502975464,
14,afterglow,SWITCH ON NOW,207.33,0.9752084016799927,0.1945,,1.0254218578338623,
13,afterglow,いつも通りのBrand new days,237.33,0.9137240648269653,0.465,,1.0944222211837769,
12,afterglow,Off we go.,251.83,0.9618902206420898,0.2538,,1.0396196842193604,
17,afterglow,Trouble Joyful!!,237.93,0.8866113424301147,0.617,,1.1278899908065796,
16,afterglow,COMIC PANIC!!!,280.5,0.8262553811073303,0.8617,,1.2102797031402588,
18,afterglow,Jamboree!Journey!,259.8,0.8926702737808228,0.5821,,1.120234727859497,
15,afterglow,ランブリングメモリー,325.03,0.8547226190567017,0.7675,,1.169970154762268,
21,afterglow,極彩色,238.6,0.8954672813415527,0.5608,,1.1167354583740234,
20,afterglow,独創収差,276.3,1.0924406051635742,0.0182,,0.915381669998169,
22,afterglow,サクラゼンセン,249.33,0.8060925602912903,0.8967,,1.240552306175232,
25,afterglow,カサブタ,196.67,0.8550238609313965,0.7644,,1.169558048248291,
19,afterglow,カナユメ,307.47,0.9369601607322693,0.3571,,1.0672811269760132,
23,afterglow,True color,253.33,0.962712287902832,0.2462,,1.0387320518493652,
24,afterglow,Crow Song,244.2,0.7515085935592651,0.9726,,1.33065664768219,
26,afterglow,アイのシナリオ,259.83,0.9701526165008545,0.2158,,1.0307656526565552,
28,afterglow,トーキョーワンダー。,153.77,0.8887515664100647,0.6049,,1.125173807144165,
29,afterglow,Reach Out To The Truth,171.47,0.721664309501648,0.9878,,1.3856855630874634,
27,afterglow,Northern lights,209.1,0.8617677092552185,0.731,,1.1604056358337402,
32,afterglow,イマジネーション,177.97,0.9335392713546753,0.3678,,1.0711920261383057,
30,afterglow,Listen!!,227.47,0.8965002298355103,0.5517,,1.1154487133026123,
34,afterglow,燦々,194.9,0.8825467824935913,0.6353,,1.1330845355987549,
33,afterglow,Butter-Fly,250.2,0.9511634707450867,0.2903,,1.0513440370559692,
31,afterglow,青い栞,336.8,0.9714281558990479,0.2143,,1.0294121503829956,
35,afterglow,That's why I'm here.,261.87,0.9071673154830933,0.503,,1.102332353591919,
37,afterglow,ペトリコール・オベーション,219.13,0.8296307325363159,0.8556,,1.2053557634353638,
36,afterglow,IGNITE GLOW,267.37,0.9215757250785828,0.4347,,1.0850980281829834,
38,afterglow,Made My Day,243.97,0.8578822612762451,0.7523,,1.1656612157821655,
39,afterglow,Glowing After,254.49,0.9265115857124329,0.3967,,1.079317331314087,
40,afterglow,A Sunset So Bright,231.11,0.9725492000579834,0.2112,,1.0282256603240967,
41,afterglow,Start as Usual,276.27,0.8828487992286682,0.6337,,1.1326967477798462,
42,afterglow,“Say cheese!!!!!”,261.07,0.8459660410881042,0.7994,,1.1820803880691528,
44,afterglow,READY STEADY GO (Cover),221.33,0.921886682510376,0.4301,,1.0847320556640625,
46,afterglow,メンタルチェンソー (Cover),177.4,0.6877763867378235,0.9924,,1.4539610147476196,
43,afterglow,花笑みのデュオ,250.31,0.9116115570068359,0.4802,,1.0969583988189697,
45,afterglow,abnormalize (Cover),219.03,0.981229305267334,0.1717,,1.0191296339035034,
47,afterglow,Bunny Girl (Cover),217.23,0.7903614044189453,0.9271,,1.2652437686920166,
48,afterglow,オレンジ (Cover),235.6,0.9420772194862366,0.3298,,1.0614842176437378,
49,afterglow,カゲロウデイズ (Cover),233.71,0.865639865398407,0.7158,,1.1552150249481201,
50,afterglow,DAY×DAY (Cover),219.07,0.8603149056434631,0.7416,,1.1623650789260864,
53,afterglow,チルドレンレコード (Re:boot) (Cover),189.71,0.9119036793708801,0.4787,,1.0966070890426636,
52,afterglow,CHAINSAW BLOOD (Cover),203.12,0.7814123630523682,0.9407,,1.2797340154647827,
54,afterglow,青のすみか (Cover),197.4,1.0565077066421509,0.041,,0.9465145468711853,
51,afterglow,ロキ (Cover),230.03,0.8609943389892578,0.7371,,1.1614477634429932,
56,afterglow,天ノ弱 (Cover),187.77,0.9012961983680725,0.5304,,1.1095131635665894,
55,afterglow,GO!!! (Cover),239.67,0.7613875269889832,0.962,,1.3133916854858398,
57,afterglow,アスノヨゾラ哨戒班 (Cover),192.03,1.0662909746170044,0.0319,,0.9378303289413452,
58,afterglow,瞬間センチメンタル (Cover),230.93,0.8553938865661621,0.7629,,1.1690521240234375,
62,afterglow,インフェルノ (Cover),214.17,0.8773559331893921,0.6626,,1.1397881507873535,
59,afterglow,プライド革命 (Cover),238.53,0.9288273453712463,0.383,,1.0766263008117676,
61,afterglow,Redo (Cover),261.57,1.017801284790039,0.0988,,0.9825100302696228,
60,afterglow,命に嫌われている。 (Cover),274.1,0.8825079202651978,0.6368,,1.133134365081787,
64,afterglow,COLORS (Cover),218.8,0.8454462885856628,0.804,,1.182807445526123,
63,afterglow,ドラマツルギー (Cover),238.6,0.8779433965682983,0.6565,,1.1390255689620972,
65,afterglow,午夜の待ち合わせ (Cover),171.53,0.9094620943069458,0.4894,,1.0995509624481201,
69,afterglow,Part of the Life,88.66,0.8887994885444641,0.6033,,1.1251132488250732,
66,afterglow,サムライハート（Some Like It Hot!!） (Cover),190.63,0.7844589352607727,0.9362,,1.274764060974121,
67,afterglow,ベノム (Cover),198.5,0.7996723055839539,0.9073,,1.2505121231079102,
68,afterglow,Don't say “lazy” (Cover),275.67,0.7923898696899414,0.921,,1.2620049715042114,
70,afterglow,Punchline Halloween!!!,234.17,0.9073548913002014,0.5015,,1.1021045446395874,
72,ave_mujica,KiLLKiSS,208.77,1.0980859994888306,0.0137,,0.910675585269928,
74,ave_mujica,Imprisoned XII,192.17,1.15644371509552,0.0046,,0.8647199869155884,
73,ave_mujica,"Georgette Me, Georgette You",234.68,1.1538317203521729,0.0076,,0.8666774034500122,
71,afterglow,I love your way！,263.7,0.84827721118927,0.7903,,1.1788599491119385,
76,ave_mujica,八芒星ダンス,231.55,1.0279356241226196,0.0866,,0.9728235602378845,
75,ave_mujica,Crucifix X,299.0,1.0409959554672241,0.0669,,0.9606184959411621,
77,ave_mujica,顔,242.17,0.895248293876648,0.5653,,1.1170086860656738,
79,ave_mujica,黒のバースデイ,234.26,1.1040058135986328,0.0122,,0.9057923555374146,
78,ave_mujica,天球のMúsica,280.33,1.0685644149780273,0.0304,,0.9358350038528442,
82,ave_mujica,神さま、バカ,223.98,1.2027044296264648,0.0,,0.8314594030380249,
80,ave_mujica,ふたつの月 ~Deep Into The Forest~,304.92,1.092786431312561,0.0152,,0.9150918126106262,
81,ave_mujica,Choir ‘S’ Choir,288.14,1.0494581460952759,0.0562,,0.9528726935386658,
83,ave_mujica,Mas?uerade Rhapsody Re?uest,249.79,1.0699362754821777,0.0274,,0.9346351027488708,
84,ave_mujica,Ave Mujica,277.99,1.0132789611816406,0.1094,,0.9868950843811035,
86,ave_mujica,Symbol II : Air,212.81,1.034448504447937,0.0729,,0.9666987657546997,
85,ave_mujica,Symbol I : △,312.18,1.0511527061462402,0.0486,,0.9513368010520935,
87,ave_mujica,Symbol III : ▽,256.93,1.0290217399597168,0.0851,,0.9717968702316284,
88,ave_mujica,Symbol IV : Earth,239.14,1.1589934825897217,0.003,,0.8628174662590027,
90,ave_mujica,The Whole Blue World,257.3,1.0305380821228027,0.0821,,0.9703667163848877,
91,ave_mujica,in your blue eyes,222.77,1.1722573041915894,0.0015,,0.8530550599098206,
89,ave_mujica,Ether,285.69,1.1541733741760254,0.0061,,0.8664209842681885,
95,ave_mujica,Sophie,197.01,1.014586329460144,0.1049,,0.9856233596801758,
92,ave_mujica,素晴らしき世界 でも どこにもない場所,269.5,1.0320484638214111,0.0775,,0.9689467549324036,
93,ave_mujica,Angles,275.08,1.072394609451294,0.0258,,0.9324924349784851,
96,ave_mujica,‘S/’ The Way,227.45,1.0727747678756714,0.0243,,0.9321622252464294,
94,ave_mujica,DIVINE,257.63,1.0197447538375854,0.0912,,0.9806374311447144,
98,ave_mujica,堕天 (Cover),183.79,0.9349231123924255,0.3632,,1.0696066617965698,
97,ave_mujica,碧い瞳の中に,223.96,1.1433403491973877,0.0091,,0.8746302723884583,
103,various_artists,"Be shine, shining!",96.33,0.9250130653381348,0.4058,,1.0810658931732178,
99,ave_mujica,KINGS (Cover),317.63,0.8935638070106506,0.576,,1.1191142797470093,
102,various_artists,Glee! Glee! Glee!,211.83,0.9010303616523743,0.5319,,1.1098405122756958,
101,various_artists,Don't be afraid!,238.8,0.9197461605072021,0.4438,,1.0872563123703003,
100,ave_mujica,暗黒天国 (Cover),265.32,0.9413487315177917,0.3359,,1.0623055696487427,
104,various_artists,"Here, the world",263.24,0.8216759562492371,0.8708,,1.217024803161621,
106,hello_happy_world,キミがいなくちゃっ！,243.77,0.8822367787361145,0.6383,,1.133482575416565,
105,various_artists,CiRCLE THANKS MUSiC♪,313.7,0.8761019110679626,0.6687,,1.141419768333435,
107,hello_happy_world,ハイファイブ∞あどべんちゃっ,272.43,0.7816522717475891,0.9392,,1.2793413400650024,
110,hello_happy_world,YAPPY! SCHOOL CARNIVAL☆彡,235.2,0.8303475975990295,0.8541,,1.204314947128296,
109,hello_happy_world,えがお･シング･あ･ソング,249.2,0.9376434087753296,0.3526,,1.066503643989563,
108,hello_happy_world,スマイルブーケで た〜まや〜！,271.97,0.8721551299095154,0.6884,,1.1465849876403809,
111,hello_happy_world,にこ×にこ=ハイパースマイルパワー！,233.3,0.9029392600059509,0.5182,,1.1074942350387573,
112,hello_happy_world,ないすみちゅっ！,257.2,0.8427212238311768,0.8161,,1.1866320371627808,
113,hello_happy_world,ゴーカ！ごーかい！？ファントムシーフ！,219.84,0.7995256185531616,0.9088,,1.250741720199585,
114,hello_happy_world,うぃーきゃん☆フレフレっ！,239.64,0.8402390480041504,0.8222,,1.190137505531311,
115,hello_happy_world,えがおのオーケストラっ！,230.2,0.8691070675849915,0.7006,,1.1506060361862183,
118,hello_happy_world,せかいのっびのびトレジャー！,212.7,0.8371807932853699,0.8374,,1.1944851875305176,
117,hello_happy_world,ふぁいぶスマイル◯オールインっ！,246.3,0.8912650346755981,0.5851,,1.1220005750656128,
116,hello_happy_world,にこにこねくと！,250.64,0.8905014395713806,0.5881,,1.1229627132415771,
119,hello_happy_world,きらっ☆と キミフェス！,231.07,0.8319061398506165,0.848,,1.2020585536956787,
120,hello_happy_world,うちゃパ！で ぱっぴかポーんっ！,217.77,0.8903837203979492,0.5912,,1.1231110095977783,
121,hello_happy_world,はれやか すこやか ぴかりんりん♪,256.37,0.8702915906906128,0.6976,,1.1490401029586792,
123,hello_happy_world,Happy! Happier! Happiest!,242.9,0.9103579521179199,0.4833,,1.0984690189361572,
122,hello_happy_world,ふわふわ☆ゆめいろサンドイッチ,292.0,0.7816861867904663,0.9377,,1.2792856693267822,
124,hello_happy_world,現るっ！大怪盗ハロハッピー！,224.1,0.8042036890983582,0.9027,,1.2434660196304321,
125,hello_happy_world,わちゃ・もちゃ・ぺったん行進曲,233.2,0.7565685510635376,0.965,,1.321757435798645,
127,hello_happy_world,おもいやりハーモニー,231.5,0.8832610845565796,0.6307,,1.1321680545806885,
126,hello_happy_world,おもいでイルミネーション,252.7,0.8213809728622437,0.8739,,1.2174617052078247,
128,hello_happy_world,ハピネスっ！ハピィーマジカルっ♪,210.6,0.855747401714325,0.7599,,1.1685690879821777,
129,hello_happy_world,えがお、あーゆーれでぃ???,226.3,0.9480078816413879,0.3009,,1.054843544960022,
132,hello_happy_world,ハッピー☆マテリアル,225.03,0.773202657699585,0.9498,,1.2933220863342285,
130,hello_happy_world,ハッピーサマーウェディング,284.67,0.6871422529220581,0.9954,,1.4553025960922241,
133,hello_happy_world,太陽曰く燃えよカオス,239.2,0.7698638439178467,0.9529,,1.2989310026168823,
135,hello_happy_world,コレカラ,214.93,0.8274312019348145,0.8587,,1.2085596323013306,
131,hello_happy_world,ひまわりの約束,307.3,0.9158631563186646,0.4559,,1.091866374015808,
134,hello_happy_world,エクストラ・マジック・アワー,255.3,0.9187158942222595,0.4498,,1.0884758234024048,
136,hello_happy_world,全力少年,241.8,0.7684904336929321,0.9544,,1.3012524843215942,
139,hello_happy_world,ン・パカマーチ,156.0,0.8604553937911987,0.7401,,1.1621754169464111,
137,hello_happy_world,オレンジ,278.4,0.8144140839576721,0.886,,1.2278766632080078,
138,hello_happy_world,Happy Girl,238.13,0.7380519509315491,0.9802,,1.3549182415008545,
141,hello_happy_world,ボクらの夏's☆ショーたいむっ！！,206.8,0.8992642164230347,0.5395,,1.1120201349258423,
140,hello_happy_world,サンバロハッピ〜！,216.5,0.8712409734725952,0.6915,,1.1477880477905273,
143,hello_happy_world,キミを れっつ・はぶ・ふぁん♪,235.0,0.7416372299194336,0.9787,,1.3483681678771973,
142,hello_happy_world,むすんでわらって,241.97,0.887167751789093,0.614,,1.1271827220916748,
144,hello_happy_world,らいふ・いず・みゅーじかるっ♪♪♪,237.7,0.953461766242981,0.2736,,1.0488097667694092,
145,hello_happy_world,れっつ・スマイル・すとり〜みんぐっ♪,227.63,0.972760796546936,0.2067,,1.0280019044876099,
146,hello_happy_world,やっほー！いっぽ！わんだふぉー！,212.33,0.7883254885673523,0.9301,,1.268511414527893,
147,hello_happy_world,とーくとぅみー・とーくとぅゆー,208.57,0.7927192449569702,0.9195,,1.261480450630188,
149,hello_happy_world,Listen to Smile!,244.17,0.9769505262374878,0.19,,1.0235933065414429,
148,hello_happy_world,ハイタッチ／＼びりーばーず☆,254.37,0.8750277757644653,0.6763,,1.142820954322815,
152,hello_happy_world,上海ハニー (Cover),178.23,0.8566883206367493,0.7553,,1.1672857999801636,
150,hello_happy_world,スマイリーキャロル,247.07,0.9377578496932983,0.3495,,1.0663732290267944,
151,hello_happy_world,えがお、み〜っけた！,270.2,0.8116688132286072,0.8891,,1.2320295572280884,
153,hello_happy_world,シル・ヴ・プレジデント (Cover),193.5,0.8190252780914307,0.8799,,1.220963478088379,
155,hello_happy_world,はいよろこんで (Cover),160.23,0.7676860690116882,0.9574,,1.302615761756897,
157,hello_happy_world,強風オールバック (Cover),135.1,0.7303003668785095,0.9833,,1.3692996501922607,
154,hello_happy_world,ヒャダインのじょーじょーゆーじょー (Cover),251.1,0.9150065779685974,0.459,,1.092888355255127,
156,hello_happy_world,シカ色デイズ (Cover),202.17,0.8430787324905396,0.8146,,1.1861287355422974,
159,hello_happy_world,許婚っきゅん (Cover),177.47,0.7740309238433838,0.9483,,1.2919381856918335,
158,hello_happy_world,最高到達点 (Cover),226.67,0.8524552583694458,0.7766,,1.1730819940567017,
161,hello_happy_world,ドレミファロンド (Cover),200.63,0.8471007347106934,0.7933,,1.1804969310760498,
162,hello_happy_world,きゅうくらりん (Cover),214.83,0.8984750509262085,0.5441,,1.112997055053711,
160,hello_happy_world,新宝島 (Cover),251.2,0.7913293242454529,0.924,,1.263696312904358,
164,hello_happy_world,エイリアンエイリアン (Cover),183.13,0.8877496719360352,0.6094,,1.1264435052871704,
165,hello_happy_world,いーあるふぁんくらぶ (Cover),239.67,0.7561795115470886,0.9681,,1.3224372863769531,
163,hello_happy_world,ロメオ (Cover),320.2,0.8758959174156189,0.6702,,1.1416881084442139,
167,hello_happy_world,恋愛裁判 (Cover),223.13,0.8726832866668701,0.6854,,1.1458911895751953,
166,hello_happy_world,回レ！雪月花 (Cover),234.83,0.9008903503417969,0.5334,,1.1100130081176758,
171,hello_happy_world,ようこそジャパリパークへ (Cover),206.23,0.8972036242485046,0.5471,,1.1145743131637573,
169,hello_happy_world,GO! GO! MANIAC (Cover),249.1,0.8053185939788818,0.8997,,1.2417446374893188,
170,hello_happy_world,Dragon Night (Cover),228.73,0.9424669742584229,0.3267,,1.0610452890396118,
168,hello_happy_world,TOMORROW (Cover),274.9,0.7914238572120667,0.9225,,1.2635453939437866,
173,hello_happy_world,おジャ魔女カーニバル!! (Cover),217.37,0.7426971197128296,0.9772,,1.346444010734558,
174,hello_happy_world,ダーリンダンス (Cover),207.63,0.8193956017494202,0.8784,,1.220411777496338,
172,hello_happy_world,ウィーアー！ (Cover),241.13,0.6942476034164429,0.9909,,1.4404082298278809,
175,hello_happy_world,ノーポイッ！ (Cover),242.97,0.7669480443000793,0.9605,,1.303869366645813,
179,millsage,起死開戦,195.32,0.9103269577026367,0.4848,,1.0985063314437866,
178,ikka_dumb_rock,ホーミー・タイッ！！,215.43,0.8375324606895447,0.8343,,1.1939834356307983,
177,hello_happy_world,シルエット (Cover),241.03,0.8470578789710999,0.7948,,1.1805570125579834,
176,hello_happy_world,SHINY DAYS (Cover),262.6,0.7572503089904785,0.9635,,1.3205674886703491,
181,morfonica,メランコリックララバイ,216.07,0.8851528167724609,0.6216,,1.1297484636306763,
182,morfonica,flame of hope,252.94,0.8579367995262146,0.7492,,1.1655871868133545,
184,morfonica,カラフルリバティー,218.83,0.9352939128875732,0.3617,,1.0691825151443481,
183,morfonica,ブルームブルーム,276.9,0.9854989051818848,0.1611,,1.0147144794464111,
185,morfonica,fly with the night,240.67,0.946476936340332,0.3116,,1.0565496683120728,
180,morfonica,Daylight -デイライト-,357.29,0.8410171866416931,0.8191,,1.18903648853302,
187,morfonica,The Circle Of Butterflies,258.77,0.9531652331352234,0.2796,,1.0491360425949097,
186,morfonica,金色へのプレリュード,271.23,0.8989936709403992,0.541,,1.1123548746109009,
188,morfonica,ハーモニー・デイ,219.17,0.9745901823043823,0.196,,1.0260722637176514,
189,morfonica,Sweet Cheers!,224.33,0.8564791679382324,0.7568,,1.1675708293914795,
190,morfonica,"寄る辺のSunny, Sunny",215.97,0.8889527320861816,0.6018,,1.1249192953109741,
191,morfonica,誓いのWingbeat,255.0,0.9036737084388733,0.5167,,1.1065940856933594,
192,morfonica,Ever Sky Blue,241.13,0.9135128259658813,0.4666,,1.0946754217147827,
193,morfonica,Polyphonyscape,251.43,0.9446436166763306,0.3146,,1.0586004257202148,
194,morfonica,Wreath of Brave,263.23,1.0225661993026733,0.0881,,0.9779319167137146,
195,morfonica,Merry Merry Thanks!!,257.73,0.8952770233154297,0.5638,,1.116972804069519,
197,morfonica,両翼のBrilliance,239.8,0.9201274514198303,0.4422,,1.086806058883667,
198,morfonica,Steer to Utopia,216.27,0.9683844447135925,0.2234,,1.0326476097106934,
196,morfonica,Sonorous,313.27,0.9174978137016296,0.4529,,1.0899208784103394,
200,morfonica,ティリカモニカリラ,204.07,1.0926860570907593,0.0167,,0.9151759743690491,
201,morfonica,Secret Dawn,238.44,0.9388571381568909,0.3435,,1.0651248693466187,
199,morfonica,Fateful...,286.83,0.9730184078216553,0.2021,,1.0277295112609863,
202,morfonica,Angel's Ladder,253.4,0.8202900290489197,0.8769,,1.2190810441970825,
203,morfonica,One step at a time,263.74,0.9761801362037659,0.1915,,1.024401068687439,
204,morfonica,Tempest,252.2,1.0310821533203125,0.079,,0.9698547124862671,
206,morfonica,MUGEN Reverberate!,230.33,0.9512516856193542,0.2888,,1.0512465238571167,
205,morfonica,フレージング ミラージュ,263.63,1.0382682085037231,0.0684,,0.9631425142288208,
208,morfonica,esora no clover,193.87,0.9466827511787415,0.3085,,1.056320071220398,
207,morfonica,わたしまちがいさがし,273.01,0.9605093002319336,0.2553,,1.041114330291748,
209,morfonica,きょうもMerry go rounD,238.04,1.0061349868774414,0.1201,,0.993902325630188,
210,morfonica,Feathered Dreams,226.37,0.9001112580299377,0.538,,1.1109737157821655,
212,morfonica,ビューティ・フォー,189.33,0.9636576771736145,0.2432,,1.0377129316329956,
211,morfonica,Portray Empathy,253.3,0.8846617341041565,0.6231,,1.1303755044937134,
213,morfonica,胡蝶翔る星月夜,204.67,0.8615672588348389,0.7325,,1.1606756448745728,
214,morfonica,Color of Us,233.73,0.9447939991950989,0.3131,,1.0584317445755005,
216,morfonica,Shining Leaves,217.97,0.9624019265174866,0.2477,,1.0390669107437134,
215,morfonica,Resonant Strings,240.38,0.893740713596344,0.5729,,1.1188926696777344,
219,morfonica,QUEEN (Cover),145.77,0.9204512238502502,0.4362,,1.086423635482788,
218,morfonica,蒼穹へのトレイル,219.17,0.9341281056404114,0.3663,,1.0705169439315796,
217,morfonica,音がえしのセレナーデ,301.77,1.010003924369812,0.114,,0.9900950193405151,
220,morfonica,again (Cover),250.8,0.9537437558174133,0.272,,1.0484997034072876,
221,morfonica,輪舞-revolution (Cover),273.5,0.8818588256835938,0.6398,,1.1339682340621948,
223,morfonica,祝福 (Cover),194.27,0.8516928553581238,0.7812,,1.174131989479065,
224,morfonica,Overdose (Cover),194.03,0.9076229333877563,0.5,,1.1017791032791138,
222,morfonica,メロウ (Cover),249.2,0.9808582663536072,0.1763,,1.0195151567459106,
226,morfonica,chAngE (Cover),249.57,0.9911421537399292,0.1505,,1.0089370012283325,
225,morfonica,かくれんぼ (Cover),298.7,1.0691478252410889,0.0289,,0.9353244304656982,
227,morfonica,ALIVE (Cover),216.03,0.9831027388572693,0.1657,,1.0171877145767212,
228,morfonica,Nameless Story (Cover),243.03,0.9087619781494141,0.4954,,1.100398302078247,
229,morfonica,青空のラプソディ (Cover),277.37,0.8274892568588257,0.8571,,1.20847487449646,
232,morfonica,COLORFUL BOX (Cover),238.4,0.8711436986923218,0.693,,1.147916316986084,
231,morfonica,メリッサ (Cover),256.83,0.8000147342681885,0.9058,,1.2499771118164062,
230,morfonica,Nevereverland (Cover),287.4,0.955184817314148,0.266,,1.0469177961349487,
235,morfonica,V.I.P (Cover),193.5,0.8900567889213562,0.5942,,1.1235238313674927,
233,morfonica,unravel (Cover),237.4,0.9810454249382019,0.1733,,1.0193207263946533,
236,morfonica,CQCQ (Cover),221.77,0.9293457865715027,0.3769,,1.0760257244110107,
234,morfonica,アゲハ蝶 (Cover),280.67,0.7217795252799988,0.9863,,1.3854644298553467,
238,mugendai_mutype,どんがらがっしゃん,196.53,0.7930581569671631,0.9164,,1.2609416246414185,
237,mugendai_mutype,アイの夢限,200.5,1.0566977262496948,0.038,,0.9463443160057068,
239,mugendai_mutype,みゅーたんとミュータント,220.27,0.7678893804550171,0.9559,,1.3022706508636475,
240,mugendai_mutype,チューニング,196.02,1.0183073282241821,0.0957,,0.9820218086242676,
242,mugendai_mutype,グラディエント,201.02,0.8214613199234009,0.8723,,1.217342734336853,
241,mugendai_mutype,Dream Voyage,262.32,0.8144329786300659,0.8845,,1.227847933769226,
243,mugendai_mutype,LET'Sあちあちトレーニング！,206.5,0.9056574106216431,0.5091,,1.104170322418213,
244,mugendai_mutype,真夜中遊園地,230.0,0.9675824642181396,0.231,,1.033503532409668,
246,mugendai_mutype,TRASH LIFE,213.02,1.0045150518417358,0.1231,,0.9955052137374878,
248,mugendai_mutype,コミュ着火Fire!,185.02,0.8745414614677429,0.6809,,1.1434565782546997,
245,mugendai_mutype,テレパシー,254.0,0.8375285267829895,0.8359,,1.1939891576766968,
247,mugendai_mutype,新人類は仮想世界の夢を見るか?,234.02,0.8520475625991821,0.7796,,1.1736433506011963,
249,mugendai_mutype,Calling,182.22,0.9930088520050049,0.1429,,1.00704026222229,
250,mugendai_mutype,Hi-Vision,180.5,0.9915807247161865,0.1474,,1.0084906816482544,
252,mugendai_mutype,✞animaるパーティ✞開催中✞,177.02,1.0374363660812378,0.0699,,0.9639146327972412,
251,mugendai_mutype,コハク,220.02,1.0596998929977417,0.0365,,0.9436634182929993,
253,mugendai_mutype,エンプティパペット,186.02,0.8894599080085754,0.5988,,1.1242775917053223,
254,mugendai_mutype,限界現実サバイブ天使,196.02,0.8900318145751953,0.5957,,1.1235554218292236,
255,mugendai_mutype,ビッグマウス,173.02,0.9160978198051453,0.4544,,1.0915863513946533,
256,mugendai_mutype,夢現妄想世界,212.19,0.8027076125144958,0.9043,,1.2457833290100098,
257,mugendai_mutype,やわやわNERD 超FreQuency,187.6,0.9646273851394653,0.2401,,1.0366697311401367,
258,mugendai_mutype,超惑星Xへの旅,173.63,0.9292697310447693,0.3799,,1.0761137008666992,
260,mygo,迷星叫,211.37,0.9782729148864746,0.1869,,1.022209644317627,
261,mygo,壱雫空,189.59,0.9247359037399292,0.4088,,1.0813897848129272,
259,mugendai_mutype,これはぼくたちの生存のあらすじ,234.77,0.9278743267059326,0.3891,,1.0777322053909302,
262,mygo,碧天伴走,218.87,0.8453434705734253,0.807,,1.1829512119293213,
263,mygo,影色舞,209.45,0.7675355076789856,0.959,,1.3028714656829834,
264,mygo,歌いましょう鳴らしましょう,176.49,0.8480304479598999,0.7918,,1.179202914237976,
265,mygo,潜在表明,262.12,0.8932330012321472,0.579,,1.1195287704467773,
266,mygo,音一会,282.01,0.8524137139320374,0.7781,,1.173139214515686,
269,mygo,迷路日々,215.45,1.0535272359848022,0.0426,,0.9491923451423645,
268,mygo,詩超絆,237.2,0.9384152293205261,0.345,,1.0656262636184692,
267,mygo,春日影 (MyGO!!!!! ver.),256.61,0.9632889628410339,0.2447,,1.0381100177764893,
270,mygo,無路矢,222.93,1.0193063020706177,0.0927,,0.9810593724250793,
271,mygo,名無声,271.65,0.9544137120246887,0.269,,1.047763705253601,
272,mygo,栞,266.41,0.999631941318512,0.1292,,1.0003679990768433,
273,mygo,歩拾道,260.28,0.7943882942199707,0.9149,,1.2588303089141846,
274,mygo,明弦音,243.92,0.9096636772155762,0.4878,,1.0993074178695679,
275,mygo,孤壊牢,215.57,0.9479520320892334,0.3024,,1.054905652999878,
276,mygo,霧周途,222.17,0.8988847732543945,0.5426,,1.1124895811080933,
278,mygo,処救生,217.49,0.8841743469238281,0.6261,,1.1309987306594849,
277,mygo,端程山,260.97,0.8568688631057739,0.7538,,1.1670397520065308,
279,mygo,輪符雨,207.57,0.9084603190422058,0.4985,,1.1007634401321411,
280,mygo,夜隠染,200.97,0.9731374382972717,0.2006,,1.027604103088379,
281,mygo,過惰幻,237.61,0.9484798908233643,0.2994,,1.0543186664581299,
283,mygo,砂寸奏,223.6,0.9124282598495483,0.4742,,1.09597647190094,
282,mygo,回層浮,261.24,0.9277908205986023,0.3906,,1.077829122543335,
284,mygo,焚音打,242.92,0.930404782295227,0.3754,,1.074800968170166,
287,mygo,証命讃歌,192.2,0.9277126789093018,0.3921,,1.0779200792312622,
285,mygo,残痕字,255.07,0.9902989864349365,0.155,,1.0097960233688354,
286,mygo,掌心正銘,221.47,0.9231534600257874,0.4225,,1.0832433700561523,
288,mygo,エガクミライ,239.41,0.8968141674995422,0.5486,,1.115058183670044,
290,mygo,聿日箋秋,236.36,0.893345832824707,0.5775,,1.1193872690200806,
294,mygo,雑踏、僕らの街 (Cover),188.23,1.0007529258728027,0.1277,,0.9992475509643555,
292,mygo,だれかの心臓になれたなら (Cover),236.37,0.8773699998855591,0.6611,,1.1397699117660522,
289,mygo,静降想,278.19,1.1055456399917603,0.0106,,0.9045307040214539,
295,mygo,過去を喰らう (Cover),240.48,0.6865320205688477,0.997,,1.4565962553024292,
293,mygo,遥か彼方 (Cover),249.23,0.9909120798110962,0.152,,1.0091713666915894,
291,mygo,往欄印,298.15,0.8689350485801697,0.7021,,1.1508338451385498,
296,mygo,君の神様になりたい。 (Cover),249.33,0.7985258102416992,0.9103,,1.252307653427124,
300,mygo,春日影,123.01,0.978822648525238,0.1839,,1.0216355323791504,
297,mygo,ノンブレス・オブリージュ (Cover),207.25,0.7766876816749573,0.9453,,1.2875187397003174,
298,mygo,swim (Cover),209.55,0.8920351266860962,0.5836,,1.1210319995880127,
299,mygo,猛独が襲う (Cover),254.32,1.0302542448043823,0.0836,,0.9706341028213501,
302,pastel_palettes,ワクワクmeetsトリップ,247.3,0.9018673896789551,0.5274,,1.108810544013977,
303,pastel_palettes,ゆら・ゆらRing-Dong-Dance,265.14,0.9684008955955505,0.2219,,1.032630205154419,
301,pastel_palettes,TITLE IDOL,268.37,0.8407245874404907,0.8207,,1.1894501447677612,
304,pastel_palettes,もういちど ルミナス,260.04,1.0348451137542725,0.0714,,0.9663280844688416,
305,pastel_palettes,あっつあつ 常夏 らぶ☆サマー！,246.87,0.8539344072341919,0.772,,1.171049952507019,
306,pastel_palettes,天下トーイツ A to Z☆,218.57,0.8785327076911926,0.6489,,1.1382614374160767,
307,pastel_palettes,しゅわりん☆どり〜みん,236.37,0.926814079284668,0.3951,,1.0789650678634644,
308,pastel_palettes,Power of LOVE!!!,231.7,0.8669654130935669,0.7128,,1.1534485816955566,
309,pastel_palettes,きゅ～まい＊flower,220.6,0.9374002814292908,0.3541,,1.0667800903320312,
312,pastel_palettes,はなまる◎アンダンテ,226.47,0.8794618248939514,0.6474,,1.137058973312378,
311,pastel_palettes,ゆめゆめグラデーション,284.73,0.8629688024520874,0.7264,,1.1587902307510376,
313,pastel_palettes,パスパレボリューションず☆,231.33,0.9912818074226379,0.1489,,1.0087947845458984,
310,pastel_palettes,Winking☆Cheer,310.07,0.8047308921813965,0.9012,,1.2426512241363525,
314,pastel_palettes,SURVIVOR ねばーぎぶあっぷ!,248.63,0.8496114015579224,0.7842,,1.1770086288452148,
315,pastel_palettes,Wonderland Girl,271.03,0.8625629544258118,0.728,,1.1593356132507324,
316,pastel_palettes,ゼッタイ宣言～Recital～,241.53,0.8869736790657043,0.6155,,1.1274291276931763,
317,pastel_palettes,ぎゅっDAYS♪,251.63,0.7892252802848816,0.9286,,1.2670652866363525,
319,pastel_palettes,るんっ♪てぃてぃー！,229.27,0.7565065026283264,0.9666,,1.321865439414978,
318,pastel_palettes,Wonderful Sweet!,247.4,0.9041815400123596,0.5152,,1.1059726476669312,
320,pastel_palettes,パッパレ☆人生！バーン万歳！,239.53,0.7437048554420471,0.9757,,1.3446195125579834,
321,pastel_palettes,Brand new Pastel Road!,255.5,0.9091482162475586,0.4909,,1.0999306440353394,
322,pastel_palettes,あこがれacross,234.57,0.9326536059379578,0.3708,,1.0722094774246216,
323,pastel_palettes,ハレハレ☆フォーチュン,270.47,0.8265575170516968,0.8602,,1.2098369598388672,
324,pastel_palettes,ハナヒバナ,274.2,1.043976902961731,0.0653,,0.9578756093978882,
325,pastel_palettes,そばかす,250.57,0.8955813050270081,0.5593,,1.1165930032730103,
328,pastel_palettes,ラムのラブソング,162.4,0.8311572074890137,0.8526,,1.2031419277191162,
326,pastel_palettes,気まぐれロマンティック,243.77,0.839726984500885,0.8252,,1.1908633708953857,
327,pastel_palettes,ドリームパレード,234.7,0.8160250782966614,0.883,,1.2254525423049927,
329,pastel_palettes,DANCE! おジャ魔女,196.5,0.8441302180290222,0.8085,,1.184651255607605,
330,pastel_palettes,DISCOTHEQUE,243.27,0.8110508918762207,0.8906,,1.2329680919647217,
331,pastel_palettes,ゆりゆららららゆるゆり大事件,229.27,0.8671548962593079,0.7112,,1.1531966924667358,
334,pastel_palettes,秘密の扉から会いにきて,218.6,0.9251826405525208,0.4027,,1.0808676481246948,
332,pastel_palettes,SAKURAスキップ,228.83,0.8652328848838806,0.7219,,1.1557581424713135,
333,pastel_palettes,Stay Alive,263.97,1.0502643585205078,0.0502,,0.9521412253379822,
337,pastel_palettes,Radiate Warriors,240.33,0.9247039556503296,0.4103,,1.0814272165298462,
335,pastel_palettes,トリドリ＊パレット,252.23,0.8885202407836914,0.6064,,1.1254667043685913,
336,pastel_palettes,ドラマチック！アライブ,259.53,0.8381175994873047,0.8328,,1.1931500434875488,
338,pastel_palettes,ReReReエボリューションず☆,214.47,0.8909385800361633,0.5866,,1.122411847114563,
339,pastel_palettes,everyday flower,240.3,0.8250640034675598,0.8647,,1.2120271921157837,
340,pastel_palettes,With〜きみとわたしたちの物語〜,245.87,0.905677855014801,0.5076,,1.1041455268859863,
341,pastel_palettes,フレっとパレットFight Song!!,241.97,0.7882447242736816,0.9316,,1.2686415910720825,
342,pastel_palettes,デイオフ・ラフ・ラブ・サンクス,243.7,0.9569682478904724,0.2614,,1.0449665784835815,
344,pastel_palettes,Y.O.L.O！！！！！(パスパレver.),268.87,0.9111440181732178,0.4818,,1.0975213050842285,
343,pastel_palettes,ホワイト ノスタルジア,283.83,1.0052603483200073,0.1216,,0.9947673082351685,
346,pastel_palettes,Sparkling Daydream (Cover),249.23,0.9218680262565613,0.4316,,1.0847541093826294,
345,pastel_palettes,奏（かなで） (Cover),294.37,0.8714433908462524,0.69,,1.1475214958190918,
347,pastel_palettes,春を告げる (Cover),198.93,0.6678069233894348,0.9985,,1.497438907623291,
349,pastel_palettes,サインはB (Cover),215.4,0.9086663722991943,0.497,,1.1005138158798218,
348,pastel_palettes,だから、ひとりじゃない (Cover),230.13,0.9289299845695496,0.3815,,1.0765072107315063,
350,pastel_palettes,愛包ダンスホール (Cover),222.8,0.7330555319786072,0.9818,,1.3641530275344849,
351,pastel_palettes,最上級にかわいいの！ (Cover),191.33,0.8964424133300781,0.5532,,1.1155205965042114,
357,pastel_palettes,みくみくにしてあげる♪【してやんよ】 (Cover),103.53,0.8872266411781311,0.6125,,1.1271076202392578,
354,pastel_palettes,魔法少女とチョコレゐト (Cover),187.96,0.8782354593276978,0.655,,1.1386469602584839,
353,pastel_palettes,金曜日のおはよう (Cover),241.73,0.860889196395874,0.7386,,1.1615896224975586,
352,pastel_palettes,♡桃色片想い♡ (Cover),257.57,0.797551155090332,0.9119,,1.2538378238677979,
355,pastel_palettes,可愛くてごめん (Cover),220.27,0.901835024356842,0.5289,,1.1088502407073975,
356,pastel_palettes,からくりピエロ (Cover),252.23,0.8957385420799255,0.5578,,1.1163970232009888,
358,pastel_palettes,ルカルカ★ナイトフィーバー (Cover),242.0,0.8697258830070496,0.6991,,1.1497875452041626,
359,pastel_palettes,アイドル (Cover),214.37,0.8251803517341614,0.8632,,1.2118562459945679,
361,pastel_palettes,ふわふわ時間 (Cover),245.23,0.9680104851722717,0.228,,1.0330464839935303,
362,pastel_palettes,Fantastic future (Cover),246.9,0.8756738901138306,0.6717,,1.1419775485992432,
363,pastel_palettes,Baby Sweet Berry Love (Cover),244.23,0.9239714741706848,0.4179,,1.0822844505310059,
360,pastel_palettes,secret base ～君がくれたもの～ (Cover),322.0,0.9026784896850586,0.5213,,1.1078143119812012,
364,pastel_palettes,Q＆A　リサイタル！ (Cover),291.2,0.7801888585090637,0.9422,,1.2817407846450806,
365,pastel_palettes,ヒトリゴト (Cover),235.27,0.7283040881156921,0.9848,,1.3730528354644775,
366,pastel_palettes,惑星ループ (Cover),206.77,0.8668628931045532,0.7143,,1.1535848379135132,
368,pastel_palettes,ハッピーシンセサイザ (Cover),238.0,0.8544960618019104,0.769,,1.1702803373336792,
367,pastel_palettes,世界は恋に落ちている (Cover),313.2,0.9146714210510254,0.4605,,1.0932886600494385,
370,pastel_palettes,Make it! (Cover),252.4,0.7928184270858765,0.9179,,1.2613229751586914,
369,pastel_palettes,春擬き (Cover),269.03,0.8845784664154053,0.6246,,1.1304819583892822,
371,pastel_palettes,花ハ踊レヤいろはにほ (Cover),251.1,0.854433536529541,0.7705,,1.1703660488128662,
372,pastel_palettes,夜に駆ける (Cover),262.6,0.7949461936950684,0.9134,,1.2579467296600342,
373,pastel_palettes,徒花ネクロマンシー (Cover),242.7,0.9134586453437805,0.4681,,1.0947402715682983,
374,pastel_palettes,ノスタルジックレインフォール (Cover),237.03,0.9852750301361084,0.1626,,1.0149450302124023,
378,poppin_party,ティアドロップス,217.13,1.0181764364242554,0.0973,,0.9821481704711914,
375,poppin_party,Yes! BanG_Dream!,309.97,0.9196220636367798,0.4453,,1.0874031782150269,
377,poppin_party,走り始めたばかりのキミに,260.97,0.995819628238678,0.1383,,1.0041979551315308,
376,poppin_party,STAR BEAT!～ホシノコドウ～,320.73,0.9662519097328186,0.234,,1.0349268913269043,
379,poppin_party,ときめきエクスペリエンス！,257.67,0.8864544630050659,0.6185,,1.128089427947998,
381,poppin_party,私の心はチョココロネ,252.9,0.8782789707183838,0.6535,,1.1385904550552368,
380,poppin_party,キラキラだとか夢だとか ～Sing Girls～,305.9,0.8453861474990845,0.8055,,1.1828913688659668,
382,poppin_party,前へススメ！,309.47,0.890483558177948,0.5897,,1.1229852437973022,
384,poppin_party,ティアドロップス ～Popipa Acoustic Ver.～,232.73,0.8943125605583191,0.5699,,1.1181774139404297,
386,poppin_party,Time Lapse,249.0,1.0449761152267456,0.0638,,0.9569597840309143,
383,poppin_party,夢みるSunflower,279.9,0.9236416220664978,0.4195,,1.082671046257019,
385,poppin_party,走り始めたばかりのキミに ～Popipa Acoustic Ver.～,296.17,0.8460480570793152,0.7979,,1.1819660663604736,
387,poppin_party,八月のif,275.73,0.9933354258537292,0.1413,,1.006709337234497,
389,poppin_party,B.O.F,218.9,0.9246863126754761,0.4119,,1.0814478397369385,
388,poppin_party,クリスマスのうた,277.37,0.9727548956871033,0.2097,,1.028008222579956,
390,poppin_party,CiRCLING,261.33,0.8941952586174011,0.5714,,1.1183241605758667,
391,poppin_party,二重の虹(ダブル レインボウ),246.23,1.0336228609085083,0.0745,,0.9674708843231201,
392,poppin_party,最高(さあ行こう)！,228.87,0.9505718946456909,0.2918,,1.051998257637024,
393,poppin_party,ガールズコード,325.23,0.9653580784797668,0.2371,,1.0358850955963135,
395,poppin_party,夏空 SUN! SUN! SEVEN! ～Popipa Acoustic Ver.～,299.93,0.8400799632072449,0.8237,,1.1903629302978516,
394,poppin_party,Yes! BanG_Dream! ～Popipa Acoustic Ver.～,308.4,0.7699448466300964,0.9514,,1.2987942695617676,
397,poppin_party,Breakthrough!,275.8,0.9475059509277344,0.3055,,1.055402159690857,
396,poppin_party,STAR BEAT!～ホシノコドウ～ ～Popipa Acoustic Ver.～,327.73,0.8624760508537292,0.7295,,1.1594524383544922,
398,poppin_party,NO GIRL NO CRY/Poppin'Party Ver.,312.8,0.9203125238418579,0.4392,,1.0865874290466309,
399,poppin_party,イニシャル,295.24,1.0565439462661743,0.0395,,0.9464821815490723,
400,poppin_party,Hello! Wink!,281.93,0.9193061590194702,0.4468,,1.0877768993377686,
402,poppin_party,Jumpin',247.87,0.9794914126396179,0.1824,,1.0209381580352783,
401,poppin_party,Step×Step!,249.0,1.0512781143188477,0.0456,,0.9512229561805725,
404,poppin_party,キラキラスター！,275.97,0.9802287220954895,0.1778,,1.0201700925827026,
403,poppin_party,White Afternoon,299.97,0.934199869632721,0.3647,,1.0704349279403687,
406,poppin_party,Dreamers Go!,258.0,0.957639217376709,0.2599,,1.0442346334457397,
405,poppin_party,Returns,323.17,0.9394547343254089,0.3419,,1.0644471645355225,
407,poppin_party,キズナミュージック♪,315.4,0.9493909478187561,0.2948,,1.0533069372177124,
409,poppin_party,夢を撃ち抜く瞬間に！,280.57,0.9714727997779846,0.2128,,1.029364824295044,
410,poppin_party,ぽっぴん'しゃっふる,278.18,0.8655732870101929,0.7173,,1.1553034782409668,
408,poppin_party,ミライトレイン,355.67,1.050181269645691,0.0517,,0.9522166848182678,
411,poppin_party,夏空 SUN! SUN! SEVEN!,271.17,0.8137601017951965,0.8875,,1.2288634777069092,
414,poppin_party,夏のドーン！,221.35,0.8807349801063538,0.6429,,1.1354153156280518,
412,poppin_party,1000回潤んだ空,330.77,1.017203450202942,0.1003,,0.9830875992774963,
413,poppin_party,HAPPY HAPPY PARTY!,282.45,0.904934823513031,0.5122,,1.1050519943237305,
415,poppin_party,キミにもらったもの,235.43,0.9877561330795288,0.1581,,1.0123955011367798,
417,poppin_party,切ないSandglass,246.47,1.0184152126312256,0.0942,,0.9819177985191345,
418,poppin_party,Home Street,228.0,1.0084092617034912,0.117,,0.9916609525680542,
416,poppin_party,Light Delight,308.83,1.051223635673523,0.0471,,0.9512724876403809,
419,poppin_party,What's the POPIPA!?,278.67,0.8884604573249817,0.6079,,1.125542402267456,
420,poppin_party,SAKURA MEMORIES,254.6,1.0031952857971191,0.1261,,0.996815025806427,
422,poppin_party,Tomorrow's Door,247.6,0.8963812589645386,0.5547,,1.1155967712402344,
421,poppin_party,アニバーサリー,273.83,0.9002898931503296,0.535,,1.1107531785964966,
423,poppin_party,イントロダクション,221.4,0.843945324420929,0.8116,,1.1849110126495361,
424,poppin_party,TARINAI,219.63,0.9622885584831238,0.2523,,1.039189338684082,
425,poppin_party,DOKI DOKI SCARY,240.36,0.8936649560928345,0.5745,,1.1189875602722168,
426,poppin_party,Photograph,258.07,0.9355528950691223,0.3587,,1.068886637687683,
430,poppin_party,新しい季節に,211.8,0.9292945861816406,0.3784,,1.076085090637207,
427,poppin_party,夏に閉じこめて,261.64,0.9737969636917114,0.1991,,1.0269081592559814,
428,poppin_party,ぽっぴん'どりーむ！,269.77,0.9145280122756958,0.462,,1.093460202217102,
429,poppin_party,星の約束,245.13,0.9444357752799988,0.3176,,1.0588332414627075,
431,poppin_party,トレモロアイズ,241.4,0.8681262135505676,0.7067,,1.1519062519073486,
432,poppin_party,雨上がり、キミと,265.91,0.8653139472007751,0.7188,,1.1556501388549805,
433,poppin_party,花咲く未来に,276.13,0.8108845949172974,0.8921,,1.233221173286438,
436,poppin_party,キミが始まる！,218.23,0.9427785873413086,0.3237,,1.0606944561004639,
437,poppin_party,Moonlight Walk,226.57,0.9490610361099243,0.2979,,1.0536730289459229,
435,poppin_party,Sweets BAN!,255.87,0.8893457651138306,0.6003,,1.1244221925735474,
434,poppin_party,Live Beyond!!,314.6,0.974412739276886,0.1976,,1.0262590646743774,
438,poppin_party,ここから先は歌にならない,277.6,0.9594634771347046,0.2568,,1.042249083518982,
439,poppin_party,青春 To Be Continued,256.37,0.8785033226013184,0.6505,,1.138299822807312,
440,poppin_party,Future Place,232.97,0.8366919755935669,0.8389,,1.1951829195022583,
441,poppin_party,大好き！,247.47,0.856322705745697,0.7584,,1.1677840948104858,
442,poppin_party,Five Letters,249.23,0.8708797693252563,0.6945,,1.1482641696929932,
443,poppin_party,最強☆ソング,255.13,0.9402524828910828,0.3389,,1.0635440349578857,
446,poppin_party,とっておきAnswer,196.8,0.9532232880592346,0.2766,,1.0490721464157104,
444,poppin_party,RiNG A BELL,261.07,0.8799729347229004,0.6444,,1.136398434638977,
445,poppin_party,Drive Your Heart,268.87,0.9271321892738342,0.3936,,1.0785948038101196,
447,poppin_party,START!! True dreams,242.88,0.9415927529335022,0.3343,,1.0620300769805908,
448,poppin_party,どきどきデエト,217.33,0.8438026905059814,0.8131,,1.185111165046692,
450,poppin_party,Chu Chueen!,229.9,0.8455513119697571,0.8009,,1.182660460472107,
449,poppin_party,チョコレイトの低音レシピ,271.02,0.8506631851196289,0.7827,,1.1755534410476685,
453,poppin_party,Game Changer,195.77,0.8705642223358154,0.696,,1.1486802101135254,
451,poppin_party,どきどきSING OUT!,248.18,0.852475106716156,0.7751,,1.1730549335479736,
454,poppin_party,花園電気ギター！！！,199.06,0.9417030215263367,0.3328,,1.061905860900879,
452,poppin_party,Freedom,264.57,0.9060277342796326,0.5061,,1.1037191152572632,
455,poppin_party,す、好きなんかじゃない！,236.94,0.938398003578186,0.3465,,1.0656459331512451,
456,poppin_party,遠い音楽 ～ハートビート～,243.16,0.8528507947921753,0.7736,,1.1725380420684814,
457,poppin_party,ほな！,227.2,0.8745686411857605,0.6793,,1.143420696258545,
458,poppin_party,世界中の青空をあつめて,230.4,0.845492422580719,0.8024,,1.1827428340911865,
459,poppin_party,勇気Limit！,222.64,0.8685051798820496,0.7052,,1.1514036655426025,
463,poppin_party,ちゅ、多様性。 (Cover),188.09,0.8808931708335876,0.6413,,1.13521146774292,
460,poppin_party,開けたらDream!,309.03,0.8615054488182068,0.734,,1.1607587337493896,
461,poppin_party,絆色のアンサンブル,312.1,0.9313633441925049,0.3723,,1.0736948251724243,
464,poppin_party,フィクション (Cover),232.0,0.8681130409240723,0.7082,,1.151923656463623,
462,poppin_party,NO GIRL NO CRY (Poppin'Party Ver.),312.8,0.9203125238418579,0.4392,,1.0865874290466309,
467,poppin_party,じょいふる (Cover),194.6,0.8943176865577698,0.5684,,1.1181708574295044,
466,poppin_party,心絵 (Cover),256.67,0.7518067359924316,0.9711,,1.3301291465759277,
465,poppin_party,幾億光年 (Cover),275.4,0.8773939609527588,0.6596,,1.139738917350769,
468,poppin_party,MATSURI BAYASHI (Cover),231.13,0.8085883259773254,0.8936,,1.2367233037948608,
470,poppin_party,トウキョウ・シャンディ・ランデヴ (Cover),186.87,0.7526953220367432,0.9696,,1.3285586833953857,
472,poppin_party,メランコリック (Cover),220.97,0.964477002620697,0.2416,,1.036831259727478,
471,poppin_party,夜行性ハイズ (Cover),226.0,0.8494902849197388,0.7857,,1.1771764755249023,
469,poppin_party,私は最強 (Cover),257.93,0.8069992065429688,0.8951,,1.2391583919525146,
473,poppin_party,怪獣の花唄 (Cover),223.1,0.8749485611915588,0.6778,,1.142924189567566,
474,poppin_party,光るなら (Cover),253.77,0.8487202525138855,0.7888,,1.1782445907592773,
476,poppin_party,only my railgun (Cover),253.27,0.9124423861503601,0.4726,,1.0959596633911133,
475,poppin_party,ミュージック・アワー (Cover),280.83,0.7881219387054443,0.9331,,1.2688391208648682,
478,poppin_party,Daydream café (Cover),229.03,0.9088500738143921,0.4939,,1.1002914905548096,
477,poppin_party,ロミオとシンデレラ (Cover),280.33,0.7512834072113037,0.9742,,1.3310556411743164,
479,poppin_party,君じゃなきゃダメみたい (Cover),239.73,0.8219719529151917,0.8693,,1.2165864706039429,
480,poppin_party,＊〜アスタリスク〜 (Cover),252.67,0.8960978984832764,0.5562,,1.1159495115280151,
482,poppin_party,檄！帝国華撃団 (Cover),184.6,0.9440139532089233,0.3191,,1.0593063831329346,
481,poppin_party,DAYS of DASH (Cover),253.67,0.8487438559532166,0.7872,,1.1782118082046509,
483,poppin_party,DAYS (Cover),235.1,0.7801240086555481,0.9438,,1.2818474769592285,
486,poppin_party,ヴァンパイア (Cover),182.17,0.9465762376785278,0.31,,1.0564390420913696,
487,poppin_party,怪物 (Cover),206.57,0.9124851822853088,0.4711,,1.095908284187317,
484,poppin_party,ディスカバリー！ (Cover),278.23,0.9352996945381165,0.3602,,1.0691763162612915,
485,poppin_party,チェリボム (Cover),246.4,0.7750980257987976,0.9468,,1.2901593446731567,
488,poppin_party,大河よ共に泣いてくれ (Cover),207.67,0.9565545320510864,0.2629,,1.0454187393188477,
489,poppin_party,空色デイズ (Cover),253.83,0.8740857839584351,0.6824,,1.144052505493164,
490,raise_a_suilen,Invincible Fighter,250.87,1.0106863975524902,0.1125,,0.9894267320632935,
492,raise_a_suilen,SOUL SOLDIER,239.93,1.073604941368103,0.0213,,0.9314414262771606,
493,raise_a_suilen,UNSTOPPABLE,230.5,0.9797014594078064,0.1809,,1.020719051361084,
491,raise_a_suilen,A DECLARATION OF ×××,315.77,0.8751356601715088,0.6748,,1.1426798105239868,
495,raise_a_suilen,Beautiful Birthday,256.1,1.0144208669662476,0.1064,,0.9857839941978455,
494,raise_a_suilen,HELL! or HELL?,282.34,0.9220537543296814,0.4271,,1.0845354795455933,
496,raise_a_suilen,Takin’ my Heart,286.93,0.8839254379272461,0.6277,,1.1313172578811646,
497,raise_a_suilen,DRIVE US CRAZY,245.67,0.9958372116088867,0.1368,,1.0041801929473877,
498,raise_a_suilen,!NVADE SHOW!,265.67,0.9798020720481873,0.1793,,1.0206142663955688,
499,raise_a_suilen,REIGNING,249.4,1.014338731765747,0.1079,,0.9858638644218445,
504,raise_a_suilen,Ray of hope,190.77,0.9223593473434448,0.4255,,1.0841761827468872,
502,raise_a_suilen,V.I.P MONSTER,241.9,0.8652762770652771,0.7204,,1.1557002067565918,
500,raise_a_suilen,EXPOSE ‘Burn out!!!’,283.74,0.9770176410675049,0.1884,,1.023522973060608,
503,raise_a_suilen,mind of Prominence,266.23,0.8602758646011353,0.7432,,1.1624176502227783,
501,raise_a_suilen,R・I・O・T,301.5,0.9396370053291321,0.3404,,1.0642409324645996,
505,raise_a_suilen,EXIST,238.47,0.9332090020179749,0.3693,,1.0715713500976562,
506,raise_a_suilen,Sacred world,300.83,0.9140939712524414,0.4635,,1.0939792394638062,
507,raise_a_suilen,-N-E-M-E-S-I-S-,267.8,0.8837513327598572,0.6292,,1.1315401792526245,
508,raise_a_suilen,DANCING DARING,215.07,0.859955370426178,0.7447,,1.162851095199585,
509,raise_a_suilen,BATTLE CRY,234.37,0.9119738340377808,0.4772,,1.096522569656372,
510,raise_a_suilen,Domination to world,258.2,0.8638986349105835,0.7234,,1.1575431823730469,
511,raise_a_suilen,THE WAY OF LIFE,238.2,0.9446272850036621,0.3161,,1.058618426322937,
512,raise_a_suilen,灼熱 Bonfire!,224.8,0.9219140410423279,0.4286,,1.0846998691558838,
513,raise_a_suilen,Repaint,234.6,0.9696689248085022,0.2188,,1.0312799215316772,
514,raise_a_suilen,Life on the Lotus,243.33,0.9698140025138855,0.2173,,1.031125545501709,
520,raise_a_suilen,Don't be afraid!,143.9,0.9243936538696289,0.4134,,1.0817903280258179,
516,raise_a_suilen,That Is How I Roll!,265.87,0.8726204037666321,0.6869,,1.1459736824035645,
515,raise_a_suilen,CORUSCATE -DNA-,287.43,0.8388088941574097,0.8298,,1.1921665668487549,
518,raise_a_suilen,パスパレボリューションず☆,231.72,0.8392503261566162,0.8283,,1.1915395259857178,
517,raise_a_suilen,しゅわりん☆どり～みん,265.34,0.8548180460929871,0.766,,1.1698395013809204,
519,raise_a_suilen,えがおのオーケストラっ！,255.57,0.8687502145767212,0.7036,,1.1510788202285767,
521,raise_a_suilen,ゆら・ゆらRing-Dong-Dance,294.87,0.928175151348114,0.3875,,1.077383041381836,
522,raise_a_suilen,Hey-day狂騒曲(カプリチオ),241.23,0.8950253129005432,0.5669,,1.1172869205474854,
523,raise_a_suilen,Scarlet Sky,246.47,0.8343772888183594,0.8419,,1.1984986066818237,
524,raise_a_suilen,ゴーカ！ごーかい！？ファントムシーフ！,242.37,0.8440669775009155,0.81,,1.1847400665283203,
529,raise_a_suilen,TWIN TALE,217.51,0.9263200163841248,0.3982,,1.0795406103134155,
528,raise_a_suilen,Apocalypse,252.6,0.9002151489257812,0.5365,,1.1108458042144775,
526,raise_a_suilen,That Is How I Roll! (ライブ / アンコール),283.0,0.9661422967910767,0.2356,,1.0350441932678223,
527,raise_a_suilen,R･I･O･T (ライブ / アンコール),348.13,0.9547925591468811,0.2675,,1.0473477840423584,
530,raise_a_suilen,STRAY CERBERUS,256.13,1.0478153228759766,0.0593,,0.9543667435646057,
531,raise_a_suilen,BERSER-KEY,230.97,0.8762778639793396,0.6657,,1.1411904096603394,
532,raise_a_suilen,POLARIS,271.63,0.9677058458328247,0.2295,,1.0333715677261353,
533,raise_a_suilen,HOWLING AMBITION,258.57,0.984790027141571,0.1641,,1.0154448747634888,
534,raise_a_suilen,VIVID FIRST TIME,229.97,0.8461617231369019,0.7964,,1.1818071603775024,
535,raise_a_suilen,'FIGHT' ADDICT,231.6,0.9896844029426575,0.1565,,1.0104230642318726,
536,raise_a_suilen,Drown Out the Noise and Push Through the Trash,216.04,0.9760944843292236,0.193,,1.0244908332824707,
537,raise_a_suilen,FIVE as ONE,255.16,0.9682446122169495,0.2249,,1.0327969789505005,
538,raise_a_suilen,EXPOSE 'Burn out!!!' (English),283.73,0.9680107235908508,0.2264,,1.0330463647842407,
541,raise_a_suilen,WHAT AN EXPLOSION,190.9,0.8324980735778809,0.8465,,1.2012039422988892,
539,raise_a_suilen,Takin' my Heart (English),285.0,0.8966836929321289,0.5502,,1.1152204275131226,
542,raise_a_suilen,RUNAWAY STAR,228.9,0.7878140211105347,0.9347,,1.2693350315093994,
540,raise_a_suilen,WELCOME TO PANDEMONIUM,254.83,0.9021063446998596,0.5243,,1.1085166931152344,
543,raise_a_suilen,Bad Kids All Bet,228.2,0.8897743821144104,0.5973,,1.123880386352539,
544,raise_a_suilen,Light a fire,269.0,0.9975938200950623,0.1337,,1.0024120807647705,
545,raise_a_suilen,Embrace of light,271.97,1.0735076665878296,0.0228,,0.931525707244873,
548,raise_a_suilen,ラスハピーポー！,200.37,0.8412018418312073,0.8176,,1.1887753009796143,
547,raise_a_suilen,JUST THE WAY I AM,258.7,0.8598545789718628,0.7462,,1.162987470626831,
549,raise_a_suilen,1/3の純情な感情 (Cover),222.9,0.9413174390792847,0.3374,,1.0623407363891602,
546,raise_a_suilen,OUTSIDER RODEO,269.07,0.9589890837669373,0.2584,,1.0427647829055786,
550,raise_a_suilen,ヒトリノ夜 (Cover),237.8,0.8337269425392151,0.8435,,1.19943368434906,
552,raise_a_suilen,メギツネ (Cover),250.83,0.9524990916252136,0.2872,,1.0498697757720947,
553,raise_a_suilen,Bling-Bang-Bang-Born (Cover),168.7,0.7045004963874817,0.9894,,1.4194453954696655,
551,raise_a_suilen,激動 (Cover),333.6,0.9240797758102417,0.4164,,1.082157850265503,
554,raise_a_suilen,第六感 (Cover),193.27,0.8638042211532593,0.7249,,1.1576697826385498,
555,raise_a_suilen,革命道中 (Cover),198.17,0.9252039194107056,0.4012,,1.0808428525924683,
556,raise_a_suilen,Get Wild (Cover),199.63,0.9623923301696777,0.2492,,1.0390772819519043,
557,raise_a_suilen,ボッカデラべリタ (Cover),201.84,0.8316676616668701,0.8495,,1.2024033069610596,
558,raise_a_suilen,第ゼロ感 (Cover),288.77,1.0640631914138794,0.0334,,0.9397938251495361,
559,raise_a_suilen,劣等上等 (Cover),237.07,0.8206385970115662,0.8754,,1.218563199043274,
561,raise_a_suilen,Keep the Heat and Fire Yourself Up (Cover),205.84,0.9420088529586792,0.3313,,1.061560869216919,
560,raise_a_suilen,Just Awake (Cover),222.97,0.9191911816596985,0.4483,,1.087913155555725,
562,raise_a_suilen,ボッカデラベリタ (Cover),202.0,0.8245217800140381,0.8663,,1.2128242254257202,
563,raise_a_suilen,VORACITY (Cover),207.53,1.0039235353469849,0.1246,,0.9960917830467224,
564,raise_a_suilen,神っぽいな (Cover),204.3,0.8589667081832886,0.7477,,1.164189338684082,
565,raise_a_suilen,狂乱 Hey Kids!! (Cover),249.9,0.8831891417503357,0.6322,,1.1322603225708008,
566,raise_a_suilen,SAVIOR OF SONG (Cover),249.2,1.0156434774398804,0.1033,,0.9845974445343018,
567,raise_a_suilen,恋しさとせつなさと心強さと (Cover),250.73,0.8672727346420288,0.7097,,1.1530399322509766,
569,raise_a_suilen,CORE PRIDE (Cover),257.23,0.887703001499176,0.6109,,1.1265029907226562,
571,roselia,BLACK SHOUT,247.05,0.9373941421508789,0.3556,,1.0667871236801147,
568,raise_a_suilen,DEPARTURES (Cover),332.93,0.9248183965682983,0.4073,,1.0812933444976807,
570,roselia,Neo-Aspect,307.29,0.9049627780914307,0.5106,,1.1050177812576294,
572,roselia,Opera of the wasteland,284.8,0.9228928685188293,0.424,,1.0835493803024292,
573,roselia,陽だまりロードナイト,289.84,0.8350106477737427,0.8404,,1.1975895166397095,
574,roselia,ONENESS,239.23,0.907028079032898,0.5046,,1.1025017499923706,
575,roselia,Re:birth day,268.73,0.9176703095436096,0.4514,,1.089715838432312,
577,roselia,- HEROIC ADVENT -,222.1,0.9235520362854004,0.421,,1.0827760696411133,
576,roselia,Legendary,291.98,0.7907260060310364,0.9255,,1.2646605968475342,
578,roselia,Determination Symphony,281.89,0.9307848215103149,0.3739,,1.0743621587753296,
579,roselia,熱色スターマイン,280.28,0.9821135401725769,0.1702,,1.0182124376296997,
581,roselia,LOUDER,216.22,0.9544004201889038,0.2705,,1.0477782487869263,
580,roselia,軌跡,312.53,1.0331364870071411,0.076,,0.9679264426231384,
582,roselia,R,285.3,0.9505199790000916,0.2933,,1.0520557165145874,
583,roselia,BRAVE JEWEL,247.47,0.9286594986915588,0.3845,,1.076820969581604,
585,roselia,Safe and Sound,258.53,1.0473809242248535,0.0608,,0.9547624588012695,
587,roselia,Break your desire,261.37,0.9871708750724792,0.1596,,1.0129958391189575,
586,roselia,Avant-garde HISTORY,306.8,0.949234127998352,0.2964,,1.053480863571167,
584,roselia,FIRE BIRD,360.33,1.0091060400009155,0.1155,,0.9909761548042297,
589,roselia,約束,304.6,0.992100179195404,0.1459,,1.007962703704834,
591,roselia,Song I am.,242.57,1.0524643659591675,0.0441,,0.9501510262489319,
590,roselia,"""UNIONS"" Road",309.27,0.9025940895080566,0.5228,,1.1079177856445312,
592,roselia,Sage der Rosen,244.97,0.9623687863349915,0.2508,,1.0391026735305786,
593,roselia,覚悟のLiberation,260.83,0.8953019380569458,0.5623,,1.1169418096542358,
595,roselia,Original Call,225.33,0.9974115490913391,0.1353,,1.0025951862335205,
594,roselia,Keep Heart,246.0,0.9242414236068726,0.4149,,1.0819681882858276,
596,roselia,Always recall.,252.33,1.0306158065795898,0.0805,,0.9702937006950378,
599,roselia,閃光,218.6,0.8611606955528259,0.7356,,1.1612234115600586,
597,roselia,Floral Haven,281.93,0.9729013442993164,0.2036,,1.0278534889221191,
600,roselia,THE HISTORIC...,271.3,0.9204367399215698,0.4377,,1.0864406824111938,
598,roselia,Sprechchor,310.0,0.9694821238517761,0.2204,,1.0314785242080688,
602,roselia,廻廻奇譚,221.24,0.9421923756599426,0.3283,,1.0613542795181274,
604,roselia,Synchrogazer,266.74,0.9042027592658997,0.5137,,1.105946660041809,
601,roselia,ROZEN HORIZON,366.57,1.0076185464859009,0.1185,,0.9924390316009521,
606,roselia,Dazzle the Destiny,241.17,0.9155887961387634,0.4574,,1.092193365097046,
607,roselia,Grateful Melting,217.27,1.045512318611145,0.0623,,0.9564687609672546,
603,roselia,鳥の詩,356.8,0.823071300983429,0.8678,,1.2149615287780762,
605,roselia,名前のない怪物,301.27,0.9823358654975891,0.1672,,1.0179816484451294,
608,roselia,Second to None,233.73,0.9530826210975647,0.2812,,1.0492271184921265,
609,roselia,Steadfast Spirits,224.89,0.9096909761428833,0.4863,,1.0992743968963623,
610,roselia,紫炎,221.37,0.8972066640853882,0.5456,,1.1145703792572021,
611,roselia,XV,235.07,1.0202791690826416,0.0897,,0.9801238775253296,
613,roselia,Fear Nothing,228.97,0.8774554133415222,0.6581,,1.13965904712677,
614,roselia,PASSIONATE ANTHEM,242.97,0.999039351940155,0.1307,,1.0009615421295166,
612,roselia,Blessing Chord,277.2,0.9378646016120911,0.348,,1.0662518739700317,
615,roselia,Requiem for Fate,238.37,0.902011513710022,0.5258,,1.1086333990097046,
617,roselia,Sunlit Musical,232.07,0.9727559685707092,0.2082,,1.028006911277771,
616,roselia,Sanctuary,310.93,1.0482404232025146,0.0578,,0.9539796113967896,
618,roselia,Talk to My Tone,245.97,1.0112974643707275,0.1109,,0.9888285994529724,
619,roselia,一逢のFull Glory,232.43,0.9904891848564148,0.1535,,1.0096020698547363,
620,roselia,礎の花冠,246.93,0.9527609944343567,0.2827,,1.0495811700820923,
621,roselia,FRONTIER FANTASIA,262.53,0.953402042388916,0.2751,,1.0488754510879517,
622,roselia,Dear Gleam,253.47,0.8739374876022339,0.6839,,1.1442465782165527,
623,roselia,Call the shots,265.33,0.8555091619491577,0.7614,,1.168894648551941,
624,roselia,THRONE OF ROSE,312.37,0.9256690144538879,0.3997,,1.080299735069275,
625,roselia,VIOLET LINE,290.73,0.9089301228523254,0.4924,,1.1001945734024048,
627,roselia,ZEAL of proud,279.07,0.8754397630691528,0.6733,,1.1422830820083618,
626,roselia,Ringing Bloom,334.87,0.9785746932029724,0.1854,,1.0218944549560547,
630,roselia,overtuRe,244.13,0.9427353739738464,0.3252,,1.0607430934906006,
631,roselia,Proud of oneself,235.77,0.9525401592254639,0.2857,,1.0498244762420654,
629,roselia,競宴Red×Violet,263.47,0.8798019289970398,0.6459,,1.1366194486618042,
628,roselia,Singing “OURS”,316.2,0.992205798625946,0.1444,,1.0078555345535278,
634,roselia,Reweave (Cover),238.13,0.8929080367088318,0.5805,,1.1199359893798828,
635,roselia,ヒバナ -Reloaded- (Cover),205.27,0.838420569896698,0.8313,,1.192718744277954,
633,roselia,Swear ～Night & Day～,304.02,1.0499730110168457,0.0532,,0.9524054527282715,
632,roselia,Sing Alive,315.4,1.0766429901123047,0.0198,,0.9288129806518555,
636,roselia,ファタール (Cover),220.84,0.805537223815918,0.8982,,1.2414075136184692,
638,roselia,悪魔の子 (Cover),227.17,1.060437560081482,0.035,,0.9430069327354431,
637,roselia,HONEY (Cover),227.6,0.877185046672821,0.6641,,1.1400103569030762,
639,roselia,slash (Cover),241.13,1.0496571063995361,0.0547,,0.9526920914649963,
642,roselia,六兆年と一夜物語 (Cover),216.37,0.8315811157226562,0.8511,,1.202528476715088,
641,roselia,乙女解剖 (Cover),224.1,0.8326716423034668,0.845,,1.200953722000122,
640,roselia,右肩の蝶 (Cover),276.5,0.8761953115463257,0.6672,,1.1412979364395142,
643,roselia,残酷な天使のテーゼ (Cover),261.8,0.9987586140632629,0.1322,,1.0012428760528564,
644,roselia,海色 (Cover),256.83,0.9822683930397034,0.1687,,1.0180517435073853,
646,roselia,魂のルフラン (Cover),269.53,0.9810088276863098,0.1748,,1.0193588733673096,
645,roselia,ETERNAL BLAZE (Cover),309.2,0.9473142623901367,0.307,,1.0556161403656006,
647,roselia,This game (Cover),283.63,0.8854036331176758,0.6201,,1.129428505897522,
649,roselia,シャルル (Cover),232.63,0.9215879440307617,0.4331,,1.0850839614868164,
650,roselia,新時代 (Cover),226.63,0.8393212556838989,0.8267,,1.191438913345337,
648,roselia,スカイクラッドの観測者 (Cover),273.8,0.9129570126533508,0.4696,,1.0953418016433716,
651,roselia,革命デュアリズム (Cover),237.43,0.9376893043518066,0.3511,,1.0664514303207397,
652,roselia,Red fraction (Cover),201.0,0.9671586155891418,0.2325,,1.033956527709961,
654,roselia,Paradisus‐Paradoxum (Cover),232.67,0.9531797170639038,0.2781,,1.0491200685501099,
653,roselia,深愛 (Cover),273.23,0.9947448968887329,0.1398,,1.0052828788757324,
655,roselia,Realize (Cover),246.13,1.0161123275756836,0.1018,,0.9841431379318237,
659,roselia,KING (Cover),134.73,0.97288578748703,0.2052,,1.0278700590133667,
656,roselia,Preserved Roses (Cover),210.63,0.8783585429191589,0.652,,1.1384872198104858,
658,roselia,Shangri-La (Cover),239.0,0.9555497169494629,0.2644,,1.0465179681777954,
660,mygo,素寄曲,238.73,0.6874929666519165,0.9939,,1.4545601606369019,
657,roselia,My Dearest (Cover),337.13,0.8902184963226318,0.5927,,1.1233196258544922,
661,mygo,羅永線,233.64,0.857883095741272,0.7508,,1.16566002368927,
662,mygo,騒混出,227.31,0.9027999639511108,0.5198,,1.1076651811599731,
664,mugendai_mutype,等身大あんりみてっど,168.73,0.8597034811973572,0.6748,0.9062231592444321,1.1631919145584106,
663,morfonica,深海少女 (Cover),218.13,1.0736572742462158,0.0163,1.120734084727481,0.9313960075378418,
665,mugendai_mutype,好きになっちゃえ！,207.77,0.8922494053840637,0.5122,1.0830673505633197,1.1207629442214966,
666,mugendai_mutype,YoU kNOw the overture,174.0,0.7832923531532288,0.8618,0.9188367006999283,1.2766625881195068,
667,mugendai_mutype,唱 (Cover),194.61,0.8538585901260376,0.7154,0.8666772483677464,1.1711541414260864,
668,mugendai_mutype,インキャのキャキャキャ (Cover),220.61,0.7189228534698486,0.9512,0.8257931726878246,1.3909698724746704,
669,mugendai_mutype,デビルじゃないもん (Cover),164.0,0.8515176177024841,0.7398,0.9929821186414672,1.1743738651275635,
670,mugendai_mutype,エイリアンエイリアン (Cover),197.63,0.9053033590316772,0.4472,1.022929756439399,1.1046020984649658,
671,mugendai_mutype,ぼくたちいつでも しゅわっしゅわ！ (Cover),184.62,0.8216890692710876,0.8049,0.8615814162091081,1.2170054912567139,
672,mugendai_mutype,回レ!雪月花 (Cover),234.52,0.8889318108558655,0.5447,0.8963160349737943,1.1249457597732544,
673,mugendai_mutype,ビッグマウス feat.りむる (Cover),173.76,0.9250564575195312,0.3415,0.9938302169485745,1.0810151100158691,
674,mugendai_mutype,KiLLKiSS (Cover),207.66,1.0462461709976196,0.0488,1.149739454848583,0.9557980298995972,
675,mugendai_mutype,君が飛び降りるのならば (Cover),173.78,0.9564839005470276,0.2195,1.0945040895262883,1.045495629310608,
677,mugendai_mutype,パラレルラルラ (Cover),157.99,0.8754254579544067,0.6179,1.0136138548993188,1.1423016786575317,
679,mugendai_mutype,ジレンマ (Cover),167.26,0.9630313515663147,0.2033,1.0262010010362221,1.0383877754211426,
676,mugendai_mutype,地球最後の告白を (Cover),267.18,0.9230747818946838,0.3902,1.0292358334834926,1.0833358764648438,
678,mugendai_mutype,夜もすがら君想ふ (Cover),236.77,0.7110486626625061,0.9675,0.8245332759654724,1.4063732624053955,
681,mugendai_mutype,メンタルチェンソー (Cover),177.6,0.6723204255104065,0.9837,0.8672243354080414,1.487385869026184,
680,mugendai_mutype,glow (Cover),287.63,1.0083210468292236,0.0894,1.1574720989306486,0.9917476177215576,
683,mugendai_mutype,フォニイ (Cover),189.56,0.7383686900138855,0.9268,0.9464706369773087,1.3543369770050049,
684,mugendai_mutype,ELECT (Cover),193.4,0.7707620859146118,0.9024,1.012703508351761,1.297417163848877,
682,mugendai_mutype,ホシアイ (Cover),286.67,0.897613525390625,0.4797,1.0649684925426217,1.114065170288086,
685,mugendai_mutype,ユキトキ (Cover),273.11,0.9459169507026672,0.2764,0.9836542411574032,1.0571751594543457,
686,mugendai_mutype,スイートマジック (Cover),216.56,0.9688790440559387,0.1789,1.0008134192033884,1.0321205854415894,
689,mugendai_mutype,ミルククラウン・オン・ソーネチカ (Cover),215.23,0.8161877989768982,0.8211,0.9661616650496914,1.2252081632614136,
688,mugendai_mutype,One Last Kiss (Cover),259.56,0.7777693867683411,0.8862,1.029350912088135,1.2857282161712646,
690,mugendai_mutype,決戦スピリット (Cover),272.56,0.8862680196762085,0.5772,0.9795133214989145,1.1283268928527832,
691,mugendai_mutype,ティアドロップス (Cover),216.55,0.9936297535896301,0.122,0.9964910647489995,1.0064109563827515,
692,mugendai_mutype,ロウワー (Cover),230.93,0.8869615197181702,0.5691,0.97822743622122,1.1274446249008179,
687,mugendai_mutype,少年よ我に帰れ (Cover),390.02,0.9349586367607117,0.3008,1.0688089050874483,1.069566011428833,
693,mugendai_mutype,ハイドアンド・シーク (Cover),265.53,0.6333995461463928,0.9919,0.7295234073966078,1.578782558441162,
695,mugendai_mutype,GURU (Cover),191.51,0.7261767983436584,0.9431,0.8769029040072279,1.377074956893921,
694,mugendai_mutype,不可解 (Cover),277.76,0.8916450142860413,0.5285,0.9935044202190517,1.1215224266052246,
696,mugendai_mutype,経験値上昇中☆ (Cover),231.84,0.8555017113685608,0.6992,0.9487226980764522,1.1689047813415527,
697,mugendai_mutype,翼をください (Cover),218.99,0.9884418845176697,0.1463,1.0939838323800242,1.0116931200027466,
698,mugendai_mutype,元気を出して (Cover),290.01,0.8904275894165039,0.5366,1.0284698651700954,1.1230559349060059,
699,mugendai_mutype,ハッピー☆マテリアル (Cover),224.87,0.8578882813453674,0.6829,0.9183087338668899,1.1656529903411865,
703,mugendai_mutype,CH4NGE (Cover),139.41,0.8503001928329468,0.7561,1.0071193981626902,1.1760551929473877,
700,mugendai_mutype,時をかける少女 (Cover),232.04,0.8887127041816711,0.561,0.9863492922186732,1.12522292137146,
704,mugendai_mutype,絶え間なく藍色 (Cover),221.1,0.9187412858009338,0.4065,1.0108128568228094,1.088445782661438,
701,mugendai_mutype,TOMORROW (Cover),289.37,0.8230227828025818,0.7967,0.9612609939485278,1.2150334119796753,
706,mugendai_mutype,なにやってもうまくいかない (Cover),151.04,0.8710528612136841,0.6341,0.9462613351652949,1.148036003112793,
702,mugendai_mutype,PARTY☆NIGHT（D-POP version） (Cover),320.39,0.9225857257843018,0.3984,1.0266229702718161,1.0839101076126099,
705,mugendai_mutype,撫でんな (Cover),187.45,0.8711056709289551,0.626,1.0522424832592348,1.1479663848876953,
707,mugendai_mutype,マーシャル・マキシマイザー (Cover),162.12,0.7802131772041321,0.878,0.9789390728365641,1.2817009687423706,
708,mugendai_mutype,ZEAL of proud (Cover),279.23,0.8160261511802673,0.8293,0.946050519839127,1.2254507541656494,
709,mugendai_mutype,繰り返し一粒 (Cover),256.0,0.9517014622688293,0.2358,1.0408096648578546,1.0507495403289795,
713,mugendai_mutype,唱 (Cover),194.61,0.8538585901260376,0.7154,0.8666772483677464,1.1711541414260864,
712,millsage,カーネーションの咲く日に,238.0,1.0564683675765991,0.0325,1.128374571041548,0.9465498924255371,
710,poppin_party,乙女はサイコパス (Cover),256.88,0.9129658341407776,0.4146,1.0536136086188972,1.0953311920166016,
711,roselia,Neo-Aspect,310.3,0.9572956562042236,0.2114,1.0343852521542154,1.0446093082427979,
715,mugendai_mutype,デビルじゃないもん (Cover),164.0,0.8515176177024841,0.7398,0.9929821186414672,1.1743738651275635,
716,mugendai_mutype,エイリアンエイリアン (Cover),197.63,0.9053033590316772,0.4472,1.022929756439399,1.1046020984649658,
717,mugendai_mutype,ぼくたちいつでも しゅわっしゅわ！ (Cover),184.62,0.8216890692710876,0.8049,0.8615814162091081,1.2170054912567139,
714,mugendai_mutype,インキャのキャキャキャ (Cover),220.61,0.7189228534698486,0.9512,0.8257931726878246,1.3909698724746704,
719,mugendai_mutype,ビッグマウス feat.りむる (Cover),173.76,0.9250564575195312,0.3415,0.9938302169485745,1.0810151100158691,
718,mugendai_mutype,回レ!雪月花 (Cover),234.52,0.8889318108558655,0.5447,0.8963160349737943,1.1249457597732544,
720,mugendai_mutype,KiLLKiSS (Cover),215.32,1.0981413125991821,0.0081,1.1515611661060756,0.9106296300888062,
721,mygo,二息歩行 (Reloaded) (Cover),198.01,0.9514623284339905,0.2439,1.0667262247665115,1.0510135889053345,
725,mygo,ティアドロップス (Cover),215.05,0.9800296425819397,0.1545,0.9814015679109698,1.0203771591186523,
722,mygo,社会距離 (Cover),243.25,0.8360573649406433,0.7805,0.9623424680231338,1.1960902214050293,
724,mygo,Henceforth (Cover),234.3,1.0157774686813354,0.0813,1.20489401483486,0.9844675660133362,
723,mygo,君の神様になりたい。 (Cover),253.33,0.7962995171546936,0.8455,0.9899329659041746,1.25580894947052,
726,mygo,遠心力 (Cover),197.48,0.7316083908081055,0.935,0.9367646239962697,1.3668513298034668,
727,mygo,ないばいたりてぃ (Cover),213.02,0.7803338766098022,0.8699,0.8502733777694056,1.2815027236938477,
728,mygo,キリトリセン (Cover),237.25,0.8643701672554016,0.6667,0.9553491480445135,1.1569117307662964,
729,mygo,もしも命が描けたら (Cover),201.94,0.924161434173584,0.3659,1.1062832102167461,1.082062005996704,
731,mygo,パメラ (Cover),194.6,0.8791852593421936,0.5935,1.0332671283064687,1.1374167203903198,
730,mygo,TEENAGE RIOT (Cover),223.77,0.9241670966148376,0.3577,1.082447160222558,1.0820554494857788,
732,mygo,栞 (Cover),262.97,0.8240727782249451,0.7886,0.8533114647932605,1.2134850025177002,
737,roselia,擬態ごっこ (Cover),147.55,0.9430311918258667,0.2846,0.9853186876992815,1.0604102611541748,
733,mygo,シンデレラボーイ (Cover),231.64,0.865014374256134,0.6585,0.9599715864999874,1.1560500860214233,
736,mygo,恋してる自分すら愛せるんだ (Cover),223.6,0.946137547492981,0.2683,1.0522290849705325,1.0569287538528442,
735,mygo,正しくなれない (Cover),241.65,0.9233108758926392,0.374,1.0220756360366492,1.0830590724945068,
734,mygo,少女レイ (Cover),288.8,1.0052313804626465,0.0976,1.1415751270840302,0.9947959780693054,
