idx,tag,selected_bpm_m3,selected_mult_m3,top1_acf,top2_acf,margin
0,afterglow__000,92.3,1.0,0.6768192052841187,0.6606537103652954,0.023884509766588565
1,afterglow__001,90.7,1.0,0.6343963742256165,0.6008914113044739,0.05281392561872822
2,afterglow__002,99.4,1.0,0.5904943943023682,0.5418024063110352,0.08245969557231701
3,afterglow__003,99.4,1.0,0.6732470989227295,0.6601157784461975,0.019504459057519238
4,afterglow__004,95.7,1.0,0.7187079787254333,0.7023574709892273,0.022749862559202794
5,afterglow__005,78.3,0.5,0.6197319626808167,0.558655858039856,0.09855245221943958
6,afterglow__006,136.0,1.0,0.6677034497261047,0.6131105422973633,0.08176220663699692
7,afterglow__007,24.85,0.25,0.6094332933425903,0.5920093655586243,0.0285903772805062
8,afterglow__008,47.0,0.5,0.6480740308761597,0.6476753354072571,0.0006152005016519086
9,afterglow__009,105.5,1.0,0.685447096824646,0.6683745980262756,0.024907099143696456
10,afterglow__010,105.5,1.0,0.6644852161407471,0.6397649049758911,0.0372021988817579
11,afterglow__011,90.7,1.0,0.7013705968856812,0.6352006196975708,0.09434381407194295
12,afterglow__012,120.2,1.0,0.5449118614196777,0.5264300107955933,0.03391713767421591
13,afterglow__013,47.85,0.5,0.6764690279960632,0.6649166345596313,0.017077490555116908
14,afterglow__014,99.4,1.0,0.5936184525489807,0.5752838850021362,0.030886114587773295
15,afterglow__015,126.0,1.0,0.6927501559257507,0.6335514187812805,0.08545467169958336
16,afterglow__016,105.5,1.0,0.6446854472160339,0.5989171862602234,0.07099316597490002
17,afterglow__017,97.5,1.0,0.6901700496673584,0.6524232625961304,0.05469200972922668
18,afterglow__018,78.3,1.0,0.6460162997245789,0.6412550210952759,0.007370214391390575
19,afterglow__019,126.0,1.0,0.6042209267616272,0.5949075818061829,0.015413807339245912
20,afterglow__020,31.5,0.25,0.7387092709541321,0.5599837899208069,0.24194292404436685
21,afterglow__021,46.15,0.5,0.6286976933479309,0.603874146938324,0.03948407425740181
22,afterglow__022,34.925,0.25,0.656590461730957,0.6554826498031616,0.0016872190389042609
23,afterglow__023,79.5,1.0,0.6244667768478394,0.6163248419761658,0.013038219443430036
24,afterglow__024,87.6,1.0,0.7361922860145569,0.6825336813926697,0.07288667056316617
25,afterglow__025,86.1,1.0,0.7144845128059387,0.7136085033416748,0.0012260720121470977
26,afterglow__026,90.7,1.0,0.6881592869758606,0.6577380299568176,0.04420670852635037
27,afterglow__027,136.0,1.0,0.6139639019966125,0.6104606986045837,0.005705878441120691
28,afterglow__028,136.0,1.0,0.6012914180755615,0.5590548515319824,0.07024308891478545
29,afterglow__029,84.7,1.0,0.6890621185302734,0.6729302406311035,0.023411355036579592
30,afterglow__030,43.8,0.5,0.729136049747467,0.7029078006744385,0.03597168056923341
31,afterglow__031,66.25,0.5,0.7515364289283752,0.7229319214820862,0.03806137180479271
32,afterglow__032,101.3,1.0,0.5930430889129639,0.5263847708702087,0.11240046345525835
33,afterglow__033,86.1,1.0,0.6474680304527283,0.6089224219322205,0.0595328366924242
34,afterglow__034,97.5,1.0,0.6618035435676575,0.6190042495727539,0.06467069330602354
35,afterglow__035,92.3,1.0,0.6223064661026001,0.6190740466117859,0.005194256635413584
36,afterglow__036,132.5,1.0,0.6203597784042358,0.6025781035423279,0.028663487674278506
37,afterglow__037,92.3,1.0,0.666053831577301,0.6586326360702515,0.01114203560615396
38,afterglow__038,95.7,1.0,0.6820517778396606,0.6196624040603638,0.09147307551475016
39,afterglow__039,49.7,0.5,0.7272558212280273,0.723404586315155,0.005295571105046926
40,afterglow__040,126.0,1.0,0.5373085141181946,0.4697622954845428,0.12571216881702585
41,afterglow__041,90.7,1.0,0.7907030582427979,0.6850924491882324,0.13356544906917006
42,afterglow__042,30.05,0.25,0.6223862767219543,0.5564875602722168,0.10588073502651671
43,afterglow__043,99.4,1.0,0.6616069078445435,0.6259673237800598,0.05386821637125017
44,afterglow__044,143.6,1.0,0.7886607050895691,0.7455429434776306,0.0546721312900223
45,afterglow__045,43.8,0.5,0.6500082612037659,0.6487451791763306,0.001943178422219082
46,afterglow__046,94.0,1.0,0.7886886596679688,0.7514633536338806,0.04719898730350665
47,afterglow__047,39.75,0.5,0.6885373592376709,0.5562912225723267,0.19206820790634138
48,afterglow__048,24.85,0.25,0.5124080777168274,0.4879249930381775,0.047780442470268816
49,afterglow__049,99.4,1.0,0.7746289968490601,0.716830313205719,0.0746146657024813
50,afterglow__050,95.7,1.0,0.7213041186332703,0.6231544017791748,0.13607258619300538
51,afterglow__051,147.7,1.0,0.6773708462715149,0.5763117074966431,0.14919322160251883
52,afterglow__052,73.85,0.5,0.7471686601638794,0.7189064025878906,0.037825807053778054
53,afterglow__053,51.7,0.5,0.6648783683776855,0.6309635639190674,0.05100903574494514
54,afterglow__054,38.0,0.25,0.7265214920043945,0.7135205268859863,0.017894811456354773
55,afterglow__055,66.25,0.5,0.6654399633407593,0.6487829685211182,0.02503155166097438
56,afterglow__056,99.4,1.0,0.62490314245224,0.608104944229126,0.026881283005226467
57,afterglow__057,92.3,1.0,0.7701380848884583,0.7431896924972534,0.034991637110256484
58,afterglow__058,84.7,1.0,0.6886574029922485,0.6416510939598083,0.0682579012847253
59,afterglow__059,92.3,1.0,0.5807659029960632,0.5499273538589478,0.0530997928391201
60,afterglow__060,198.8,2.0,0.7406646013259888,0.7154443264007568,0.03405087117715746
61,afterglow__061,95.7,1.0,0.6434957981109619,0.6395286321640015,0.00616502230256423
62,afterglow__062,92.3,1.0,0.6506967544555664,0.6478652954101562,0.0043514264148731135
63,afterglow__063,74.9,1.0,0.6413434147834778,0.5911540389060974,0.07825663243821514
64,afterglow__064,68.0,0.5,0.71709805727005,0.7127678990364075,0.006038446471501031
65,afterglow__065,94.0,1.0,0.6339131593704224,0.6048232316970825,0.045889452274868084
66,afterglow__066,112.3,1.0,0.6065703630447388,0.6028351783752441,0.00615787532174422
67,afterglow__067,76.0,0.5,0.7075244784355164,0.6880934238433838,0.027463437922456996
68,afterglow__068,45.35,0.5,0.7167880535125732,0.6879065036773682,0.0402930122700468
69,afterglow__069,92.3,1.0,0.6247348189353943,0.6174443960189819,0.011669627969249266
70,afterglow__070,90.7,1.0,0.6275694370269775,0.5845481753349304,0.06855219383508275
71,afterglow__071,129.2,1.0,0.7405964136123657,0.6988248229026794,0.056402637039435995
72,ave_mujica__072,132.5,1.0,0.6112430095672607,0.5580262541770935,0.08706317218718441
73,ave_mujica__073,143.6,1.0,0.4996357560157776,0.4983466267585754,0.0025801381139773662
74,ave_mujica__074,105.5,1.0,0.5801123380661011,0.5761110186576843,0.00689749061665504
75,ave_mujica__075,136.0,1.0,0.5282638072967529,0.497393250465393,0.05843776614061758
76,ave_mujica__076,57.4,0.5,0.6297580599784851,0.6264259219169617,0.00529114000007761
77,ave_mujica__077,34.925,0.25,0.6934914588928223,0.6754090785980225,0.026074409515682875
78,ave_mujica__078,129.2,1.0,0.6037585735321045,0.5268363356590271,0.12740562411075576
79,ave_mujica__079,99.4,1.0,0.6188853979110718,0.5928290486335754,0.0421020585805458
80,ave_mujica__080,120.2,1.0,0.6582884192466736,0.5843145847320557,0.11237298477659907
81,ave_mujica__081,36.925,0.25,0.6491184830665588,0.5464215874671936,0.15820978492894797
82,ave_mujica__082,120.2,1.0,0.5621331930160522,0.4943389296531677,0.12060177944508713
83,ave_mujica__083,95.7,1.0,0.7166290879249573,0.6382456421852112,0.10937798515367285
84,ave_mujica__084,112.3,1.0,0.5872777700424194,0.4855943322181701,0.17314368602255226
85,ave_mujica__085,58.75,0.5,0.7593435645103455,0.7417780160903931,0.023132544003687378
86,ave_mujica__086,99.4,1.0,0.7252870202064514,0.6410783529281616,0.11610392152657023
87,ave_mujica__087,166.7,1.0,0.5363341569900513,0.5310103893280029,0.00992621408251478
88,ave_mujica__088,36.925,0.25,0.6245445609092712,0.6071473360061646,0.027855858479942822
89,ave_mujica__089,126.0,1.0,0.5330414772033691,0.4984708428382873,0.0648554302874488
90,ave_mujica__090,99.4,1.0,0.7764477133750916,0.7253596186637878,0.06579721188080019
91,ave_mujica__091,95.7,1.0,0.4086468517780304,0.365104615688324,0.10655223673020679
92,ave_mujica__092,132.5,1.0,0.5455199480056763,0.4725295007228851,0.13379977679942093
93,ave_mujica__093,32.3,0.25,0.6102393865585327,0.6077403426170349,0.0040951862441905825
94,ave_mujica__094,117.5,1.0,0.7141826152801514,0.6418008208274841,0.10134914082762171
95,ave_mujica__095,99.4,1.0,0.7253482341766357,0.7199550271034241,0.007435334945474375
96,ave_mujica__096,156.6,1.0,0.6753653287887573,0.6557229161262512,0.029084129470688173
97,ave_mujica__097,95.7,1.0,0.4158864319324493,0.3694117963314056,0.11174838136722956
98,ave_mujica__098,103.4,1.0,0.7272520065307617,0.6887381076812744,0.05295811974890471
99,ave_mujica__099,87.6,1.0,0.7603368759155273,0.7411379218101501,0.025250589197399628
100,ave_mujica__100,95.7,1.0,0.6385415196418762,0.5741561055183411,0.10083199313279659
101,various_artists__101,90.7,1.0,0.6479915380477905,0.5737481117248535,0.11457468495130477
102,various_artists__102,90.7,1.0,0.6257298588752747,0.5846410393714905,0.06566542881242675
103,various_artists__103,235.0,2.0,0.4802445769309997,0.4471314251422882,0.06895060013029383
104,various_artists__104,30.75,0.25,0.8484917283058167,0.8293578028678894,0.022550514989853766
105,various_artists__105,30.75,0.25,0.7071883082389832,0.6758116483688354,0.044368182426942016
106,hello_happy_world__106,61.5,0.5,0.5811971426010132,0.5338935852050781,0.08138986572480199
107,hello_happy_world__107,99.4,1.0,0.7339083552360535,0.7253869771957397,0.011610956571781928
108,hello_happy_world__108,76.0,1.0,0.7462933659553528,0.647425651550293,0.1324783508942174
109,hello_happy_world__109,152.0,1.0,0.6508516669273376,0.583616316318512,0.10330364663002695
110,hello_happy_world__110,86.1,1.0,0.7027245759963989,0.67018061876297,0.046311112980906656
111,hello_happy_world__111,95.7,1.0,0.6840741038322449,0.6267699003219604,0.08376899986311585
112,hello_happy_world__112,87.6,1.0,0.6271057724952698,0.5851641893386841,0.06688119452273429
113,hello_happy_world__113,53.85,0.5,0.7035889029502869,0.6648853421211243,0.055008770983838634
114,hello_happy_world__114,90.7,1.0,0.7225667834281921,0.6458030939102173,0.10623750119507609
115,hello_happy_world__115,139.7,1.0,0.6092194318771362,0.5754496455192566,0.055431236416454505
116,hello_happy_world__116,41.7,0.5,0.6905043125152588,0.6551447510719299,0.051208313695430364
117,hello_happy_world__117,63.0,0.5,0.6213994026184082,0.6021226048469543,0.0310215904460588
118,hello_happy_world__118,84.7,1.0,0.5561721920967102,0.5289868712425232,0.04887932413826954
119,hello_happy_world__119,129.2,1.0,0.839273989200592,0.7586971521377563,0.09600778541890126
120,hello_happy_world__120,97.5,1.0,0.7255393862724304,0.6662279963493347,0.08174799472681565
121,hello_happy_world__121,28.7,0.25,0.7460535168647766,0.706244707107544,0.05335918785628897
122,hello_happy_world__122,64.6,0.5,0.6795231103897095,0.662251353263855,0.025417468312371398
123,hello_happy_world__123,86.1,1.0,0.7578956484794617,0.7424815893173218,0.020337970264197393
124,hello_happy_world__124,46.15,0.5,0.6896792054176331,0.6602256894111633,0.0427061099930282
125,hello_happy_world__125,161.5,1.0,0.6949577927589417,0.6599046587944031,0.05043922714411143
126,hello_happy_world__126,83.35,0.5,0.7091232538223267,0.7020561099052429,0.009966030417124691
127,hello_happy_world__127,68.0,0.5,0.6524451375007629,0.5627056956291199,0.13754327638243474
128,hello_happy_world__128,92.3,1.0,0.7022790312767029,0.6719001531600952,0.043257561116954626
129,hello_happy_world__129,139.7,1.0,0.7577643394470215,0.6772583723068237,0.10624143015089227
130,hello_happy_world__130,129.2,1.0,0.7835400104522705,0.7190614938735962,0.08229128789665303
131,hello_happy_world__131,79.5,1.0,0.6518356204032898,0.6143975853919983,0.057434779320787416
132,hello_happy_world__132,41.0,0.5,0.6776883602142334,0.658618152141571,0.02814008501877442
133,hello_happy_world__133,71.8,0.5,0.8242055177688599,0.7613562941551208,0.07625431067711494
134,hello_happy_world__134,90.7,1.0,0.662769615650177,0.5923556089401245,0.10624205613435726
135,hello_happy_world__135,80.75,0.5,0.6892632246017456,0.6472418308258057,0.06096566924808702
136,hello_happy_world__136,66.25,0.5,0.6126682162284851,0.599835216999054,0.020946082870806675
137,hello_happy_world__137,69.85,0.5,0.7544764280319214,0.7264856696128845,0.03709957976030047
138,hello_happy_world__138,71.8,0.5,0.6950417757034302,0.6640920042991638,0.04452936857348331
139,hello_happy_world__139,58.75,0.5,0.6574389338493347,0.6528182625770569,0.007028289677375193
140,hello_happy_world__140,32.3,0.25,0.7276003360748291,0.6420518755912781,0.11757616955629457
141,hello_happy_world__141,89.1,1.0,0.7596245408058167,0.751922607421875,0.010139131860815567
142,hello_happy_world__142,129.2,1.0,0.7553578615188599,0.7404330968856812,0.019758534852828916
143,hello_happy_world__143,78.3,0.5,0.6972540020942688,0.6940640211105347,0.004575062995913568
144,hello_happy_world__144,69.85,0.5,0.8292921185493469,0.7922125458717346,0.044712317708353926
145,hello_happy_world__145,37.45,0.5,0.7255581021308899,0.688846230506897,0.05059811408097285
146,hello_happy_world__146,156.6,1.0,0.7144510746002197,0.6598409414291382,0.07643649105243398
147,hello_happy_world__147,136.0,1.0,0.7882362604141235,0.7692078948020935,0.024140434242435012
148,hello_happy_world__148,166.7,1.0,0.8007009625434875,0.7414500117301941,0.07399885048854982
149,hello_happy_world__149,63.0,0.5,0.7336669564247131,0.6916399598121643,0.0572834802556104
150,hello_happy_world__150,27.5,0.25,0.6369843482971191,0.5969207882881165,0.06289567414977547
151,hello_happy_world__151,71.8,0.5,0.7103902697563171,0.6962037682533264,0.019970011002342518
152,hello_happy_world__152,64.6,0.5,0.7624266743659973,0.74349445104599,0.02483153325629718
153,hello_happy_world__153,87.6,1.0,0.8068950176239014,0.7632289528846741,0.054116166025925706
154,hello_happy_world__154,99.4,1.0,0.747427761554718,0.6807737946510315,0.0891778046416689
155,hello_happy_world__155,73.85,0.5,0.7251710891723633,0.7071589827537537,0.024838423218397757
156,hello_happy_world__156,92.3,1.0,0.6543538570404053,0.6465208530426025,0.011970593454176063
157,hello_happy_world__157,136.0,1.0,0.8295710682868958,0.7915477752685547,0.04583488319675974
158,hello_happy_world__158,132.5,1.0,0.8636239171028137,0.8292654156684875,0.03978410133613266
159,hello_happy_world__159,147.7,1.0,0.7096632122993469,0.6694183945655823,0.05670974208085167
160,hello_happy_world__160,156.6,1.0,0.808862566947937,0.7705286145210266,0.04739241744312021
161,hello_happy_world__161,126.0,1.0,0.7010310292243958,0.6863320469856262,0.02096766280806734
162,hello_happy_world__162,27.5,0.25,0.7556706666946411,0.6949663758277893,0.08033167561257448
163,hello_happy_world__163,34.925,0.25,0.7825093269348145,0.6934702396392822,0.11378661471590289
164,hello_happy_world__164,38.0,0.25,0.817929744720459,0.7493674755096436,0.08382415440124105
165,hello_happy_world__165,71.8,0.5,0.7153890132904053,0.6931619048118591,0.031069960630669153
166,hello_happy_world__166,79.5,1.0,0.7271676659584045,0.6489034295082092,0.10762887311146228
167,hello_happy_world__167,132.5,1.0,0.5401458740234375,0.4912128150463104,0.09059230354317918
168,hello_happy_world__168,132.5,1.0,0.7010918855667114,0.6777236461639404,0.0333312079113308
169,hello_happy_world__169,126.0,1.0,0.6142803430557251,0.600458562374115,0.022500769946265806
170,hello_happy_world__170,123.0,1.0,0.8027858734130859,0.7510499954223633,0.06444542648809312
171,hello_happy_world__171,84.7,1.0,0.6847549676895142,0.6703934669494629,0.02097319686268147
172,hello_happy_world__172,84.7,1.0,0.7028851509094238,0.6410415768623352,0.08798531874954632
173,hello_happy_world__173,73.85,0.5,0.7570919990539551,0.7189037799835205,0.05044065862293314
174,hello_happy_world__174,152.0,1.0,0.7080411314964294,0.6774764060974121,0.04316800824045272
175,hello_happy_world__175,78.3,0.5,0.7325050830841064,0.7170361876487732,0.02111779944270654
176,hello_happy_world__176,27.5,0.25,0.6861489415168762,0.6667371988296509,0.028290858606167358
177,hello_happy_world__177,92.3,1.0,0.7900466322898865,0.6991437077522278,0.11506020128733907
178,ikka_dumb_rock__178,64.6,0.5,0.5477812886238098,0.4900166392326355,0.10545203093062264
179,millsage__179,112.3,1.0,0.5390217900276184,0.517789363861084,0.03939066390144732
180,morfonica__180,46.15,0.5,0.5832182168960571,0.5765997767448425,0.011348136871373066
181,morfonica__181,90.7,1.0,0.6907290816307068,0.6808348894119263,0.014324273411830044
182,morfonica__182,95.7,1.0,0.6330877542495728,0.5907006859779358,0.06695291132566646
183,morfonica__183,90.7,1.0,0.6582723259925842,0.5894776582717896,0.10450791413274403
184,morfonica__184,92.3,1.0,0.636758029460907,0.5911593437194824,0.07161069610701162
185,morfonica__185,84.7,1.0,0.6560218930244446,0.6330630779266357,0.03499702577296967
186,morfonica__186,43.8,0.5,0.6550325751304626,0.6273423433303833,0.04227306068643119
187,morfonica__187,87.6,1.0,0.5581626296043396,0.529908299446106,0.05062024696684203
188,morfonica__188,90.7,1.0,0.6012895107269287,0.5886170268058777,0.021075511371769367
189,morfonica__189,27.5,0.25,0.6234094500541687,0.6192083954811096,0.006738836847426756
190,morfonica__190,92.3,1.0,0.738910973072052,0.7255178689956665,0.018125463776377727
191,morfonica__191,206.8,2.0,0.6147318482398987,0.6068692803382874,0.012790240043888155
192,morfonica__192,97.5,1.0,0.7192783355712891,0.6948232650756836,0.03399945373883943
193,morfonica__193,38.0,0.25,0.6475663781166077,0.6421804428100586,0.00831719417276359
194,morfonica__194,68.0,0.5,0.6966137290000916,0.6394267082214355,0.08209287069426749
195,morfonica__195,143.6,1.0,0.6469082832336426,0.6044557690620422,0.06562369855491224
196,morfonica__196,66.25,0.5,0.7138014435768127,0.6698027849197388,0.06163991268580174
197,morfonica__197,86.1,1.0,0.6707205772399902,0.6280102729797363,0.06367823756952033
198,morfonica__198,48.75,0.5,0.745739221572876,0.7442159652709961,0.0020426125618914163
199,morfonica__199,66.25,0.5,0.7745703458786011,0.708665668964386,0.08508546352811752
200,morfonica__200,34.925,0.25,0.7011359930038452,0.7000448703765869,0.0015562211013924038
201,morfonica__201,66.25,0.5,0.5410359501838684,0.5285852551460266,0.0230126945050703
202,morfonica__202,99.4,1.0,0.7396395802497864,0.6918951869010925,0.06455089022219432
203,morfonica__203,87.6,1.0,0.7223119735717773,0.6638280749320984,0.0809676438706679
204,morfonica__204,101.3,1.0,0.6827834248542786,0.657843291759491,0.036527150758105156
205,morfonica__205,95.7,1.0,0.7095215320587158,0.6609090566635132,0.06851444698817083
206,morfonica__206,47.0,0.5,0.6116949915885925,0.5769164562225342,0.056856008050249554
207,morfonica__207,120.2,1.0,0.5823594927787781,0.5705435276031494,0.0202898129456906
208,morfonica__208,80.75,0.5,0.714025616645813,0.6846100687980652,0.04119676824191472
209,morfonica__209,68.0,0.5,0.5660842061042786,0.5297148823738098,0.06424719739269522
210,morfonica__210,43.8,0.5,0.7031484842300415,0.6846981644630432,0.02623957838322254
211,morfonica__211,86.1,1.0,0.7509427666664124,0.728865385055542,0.029399552923155978
212,morfonica__212,99.4,1.0,0.7772250175476074,0.7176960110664368,0.07659172715387319
213,morfonica__213,99.4,1.0,0.6669792532920837,0.6372015476226807,0.044645625066186
214,morfonica__214,195.0,2.0,0.6600959300994873,0.655572235584259,0.006853086512056628
215,morfonica__215,97.5,1.0,0.6831177473068237,0.658236026763916,0.036423765362564996
216,morfonica__216,92.3,1.0,0.6207359433174133,0.6204293370246887,0.0004939399692017291
217,morfonica__217,92.3,1.0,0.66797935962677,0.6595075130462646,0.012682796943365092
218,morfonica__218,95.7,1.0,0.7123030424118042,0.6533403992652893,0.08277746918905729
219,morfonica__219,84.7,1.0,0.7487607598304749,0.6614299416542053,0.11663380730053467
220,morfonica__220,94.0,1.0,0.4765798151493072,0.3629157245159149,0.23849959024761166
221,morfonica__221,64.6,0.5,0.6612030267715454,0.5903878211975098,0.10710054658975912
222,morfonica__222,72.8,1.0,0.6097853779792786,0.5992889404296875,0.017213330999136797
223,morfonica__223,84.7,1.0,0.6533557772636414,0.6210161447525024,0.049497737123535474
224,morfonica__224,58.75,0.5,0.6478136777877808,0.6054230332374573,0.06543647657314572
225,morfonica__225,90.7,1.0,0.6660452485084534,0.5780508518218994,0.13211474278002772
226,morfonica__226,82.0,1.0,0.6649895310401917,0.6251258850097656,0.05994627609861829
227,morfonica__227,89.1,1.0,0.6037212014198303,0.5929536819458008,0.01783525151792998
228,morfonica__228,97.5,1.0,0.6758049130439758,0.6284685730934143,0.07004438564577477
229,morfonica__229,68.0,0.5,0.6842013001441956,0.6315698623657227,0.07692390787240658
230,morfonica__230,103.4,1.0,0.6922509074211121,0.6655836701393127,0.03852250245672416
231,morfonica__231,84.7,1.0,0.671116292476654,0.665604829788208,0.008212380998987252
232,morfonica__232,80.75,0.5,0.7401880025863647,0.7273503541946411,0.017343767187344736
233,morfonica__233,34.0,0.25,0.5274222493171692,0.477453202009201,0.09474201623587356
234,morfonica__234,57.4,0.5,0.6700512170791626,0.5790941119194031,0.13574649644881323
235,morfonica__235,92.3,1.0,0.7068334221839905,0.6755378246307373,0.0442757749860714
236,morfonica__236,71.8,0.5,0.662529706954956,0.6055130362510681,0.08605904022921704
237,mugendai_mutype__237,60.1,0.5,0.7996128797531128,0.7497480511665344,0.06236121234312103
238,mugendai_mutype__238,66.25,0.5,0.8038543462753296,0.7837820649147034,0.024970047687906918
239,mugendai_mutype__239,152.0,1.0,0.5321431159973145,0.4995588958263397,0.061232061810866635
240,mugendai_mutype__240,97.5,1.0,0.7429069876670837,0.7240534424781799,0.025378069532107538
241,mugendai_mutype__241,78.3,0.5,0.7578203082084656,0.7565985321998596,0.0016122238944668976
242,mugendai_mutype__242,120.2,1.0,0.9077152013778688,0.8971298336982727,0.011661551622720399
243,mugendai_mutype__243,178.2,1.0,0.6324880719184875,0.5938482284545898,0.06109181371072157
244,mugendai_mutype__244,97.5,1.0,0.7805091142654419,0.7513726353645325,0.03733009438119188
245,mugendai_mutype__245,22.275,0.25,0.746493399143219,0.6236717104911804,0.16453151333019964
246,mugendai_mutype__246,120.2,1.0,0.7476316094398499,0.7078436613082886,0.05321865425322468
247,mugendai_mutype__247,90.7,1.0,0.6872602701187134,0.6155343055725098,0.10436506759486341
248,mugendai_mutype__248,99.4,1.0,0.8068662285804749,0.793269693851471,0.016851039549547614
249,mugendai_mutype__249,43.8,0.5,0.8064530491828918,0.7852516174316406,0.026289728549892363
250,mugendai_mutype__250,101.3,1.0,0.7344409823417664,0.6506450176239014,0.11409489221405021
251,mugendai_mutype__251,97.5,1.0,0.7843453288078308,0.7708824872970581,0.0171644312986929
252,mugendai_mutype__252,97.5,1.0,0.6911630630493164,0.676822304725647,0.020748733678562017
253,mugendai_mutype__253,63.0,0.5,0.6569494605064392,0.5921826958656311,0.09858713422320145
254,mugendai_mutype__254,94.0,1.0,0.7854684591293335,0.7659227252006531,0.02488417415302231
255,mugendai_mutype__255,287.2,2.0,0.6245942711830139,0.6138337850570679,0.017227961610286828
256,mugendai_mutype__256,48.75,0.5,0.7567406892776489,0.7390855550765991,0.02333049411932985
257,mugendai_mutype__257,147.7,1.0,0.7154721021652222,0.6232327222824097,0.12892100139707738
258,mugendai_mutype__258,68.0,0.5,0.7254853248596191,0.7094039916992188,0.022166310756888317
259,mugendai_mutype__259,47.85,0.5,0.7669482827186584,0.7363600134849548,0.03988309241044925
260,mygo__260,95.7,1.0,0.6494559645652771,0.6334417462348938,0.024657897077136944
261,mygo__261,101.3,1.0,0.6199893355369568,0.5969650149345398,0.03713663974957927
262,mygo__262,95.7,1.0,0.6122520565986633,0.5947186350822449,0.0286375869667544
263,mygo__263,83.35,0.5,0.6633761525154114,0.6550154089927673,0.012603322400031269
264,mygo__264,110.0,1.0,0.6925262808799744,0.6416538953781128,0.07345914069458767
265,mygo__265,136.0,1.0,0.504974365234375,0.4878980219364166,0.03381625776198102
266,mygo__266,99.4,1.0,0.6683907508850098,0.6651776432991028,0.004807229276665689
267,mygo__267,195.0,2.0,0.5068362951278687,0.4847660958766937,0.04354502521491063
268,mygo__268,95.7,1.0,0.5207524299621582,0.5119275450706482,0.01694641135357024
269,mygo__269,129.2,1.0,0.6658844947814941,0.6589829325675964,0.010364503555774203
270,mygo__270,30.05,0.25,0.6706333160400391,0.65643310546875,0.021174329147765247
271,mygo__271,95.7,1.0,0.6184767484664917,0.6076525449752808,0.017501391148575053
272,mygo__272,87.6,1.0,0.5691525936126709,0.5460343360900879,0.04061873350315579
273,mygo__273,64.6,0.5,0.6825775504112244,0.6413363814353943,0.0604197558958451
274,mygo__274,92.3,1.0,0.7267717719078064,0.6926884055137634,0.04689693203765014
275,mygo__275,90.7,1.0,0.6279504299163818,0.5820759534835815,0.07305429576488857
276,mygo__276,110.0,1.0,0.7590786218643188,0.7335562109947205,0.03362288191823216
277,mygo__277,90.7,1.0,0.631341814994812,0.5343708395957947,0.15359504644851407
278,mygo__278,23.925,0.25,0.6108301877975464,0.5991302132606506,0.019154217932617294
279,mygo__279,152.0,1.0,0.6059185862541199,0.5467957258224487,0.09757558486062887
280,mygo__280,28.075,0.25,0.5764366388320923,0.5738856196403503,0.004425497999069796
281,mygo__281,21.175,0.25,0.572666585445404,0.4714826345443725,0.1766891127798796
282,mygo__282,49.7,0.5,0.6049280762672424,0.5859126448631287,0.03143420209795853
283,mygo__283,45.35,0.5,0.5581823587417603,0.5522720813751221,0.010588434539495251
284,mygo__284,95.7,1.0,0.7399851083755493,0.6390876770019531,0.13635062412957344
285,mygo__285,87.6,1.0,0.6890775561332703,0.6816715002059937,0.010747782831348307
286,mygo__286,92.3,1.0,0.6554130911827087,0.5636618137359619,0.1399899981875239
287,mygo__287,105.5,1.0,0.7297071814537048,0.6698005795478821,0.08209676898955316
288,mygo__288,21.9,0.25,0.5842767357826233,0.5442583560943604,0.06849216687475905
289,mygo__289,123.0,1.0,0.3816610872745514,0.353214681148529,0.07453315801503026
290,mygo__290,90.7,1.0,0.6622772812843323,0.640397846698761,0.03303666787896035
291,mygo__291,90.7,1.0,0.6159590482711792,0.5553475618362427,0.09840181194684228
292,mygo__292,72.8,1.0,0.6788759231567383,0.6032994985580444,0.11132582850672822
293,mygo__293,87.6,1.0,0.623388946056366,0.5737582445144653,0.07961434326975232
294,mygo__294,86.1,1.0,0.6248924732208252,0.5214906930923462,0.16547131636187715
295,mygo__295,94.0,1.0,0.7564170956611633,0.6724502444267273,0.11100601998034289
296,mygo__296,97.5,1.0,0.6729506254196167,0.6183156371116638,0.08118721677966399
297,mygo__297,73.8,1.0,0.6779721975326538,0.6761388182640076,0.0027042101067248224
298,mygo__298,48.75,0.5,0.7287962436676025,0.7174646854400635,0.015548321394350223
299,mygo__299,78.3,0.5,0.7728760242462158,0.7151762843132019,0.0746558802743148
300,mygo__300,32.3,0.5,0.6444962024688721,0.6401243209838867,0.006783409224504321
301,pastel_palettes__301,143.6,1.0,0.5981630682945251,0.594936192035675,0.0053946430829481425
302,pastel_palettes__302,136.0,1.0,0.839095413684845,0.786060631275177,0.06320471014943153
303,pastel_palettes__303,86.1,1.0,0.757745623588562,0.7510393261909485,0.008850328116516957
304,pastel_palettes__304,42.35,0.5,0.7374868392944336,0.7279458045959473,0.012937227066471315
305,pastel_palettes__305,43.05,0.5,0.7433802485466003,0.713717520236969,0.039902497231565706
306,pastel_palettes__306,76.0,0.5,0.7181148529052734,0.7118759751319885,0.008687855080624383
307,pastel_palettes__307,175.2,2.0,0.7283174395561218,0.7107852101325989,0.024072236186199372
308,pastel_palettes__308,87.6,1.0,0.744293212890625,0.7253899574279785,0.025397592152199763
309,pastel_palettes__309,184.6,2.0,0.6802984476089478,0.6690745949745178,0.016498424586853796
310,pastel_palettes__310,49.7,0.5,0.7012004256248474,0.6974890828132629,0.005292841641214427
311,pastel_palettes__311,68.0,0.5,0.6803647875785828,0.5937173366546631,0.12735440238213652
312,pastel_palettes__312,166.7,1.0,0.705108642578125,0.6872161626815796,0.025375493670201255
313,pastel_palettes__313,87.6,1.0,0.777057945728302,0.6847617030143738,0.118776525253111
314,pastel_palettes__314,198.8,2.0,0.6568407416343689,0.6310099959373474,0.03932573614838313
315,pastel_palettes__315,136.0,1.0,0.7464995980262756,0.709464430809021,0.04961177114518829
316,pastel_palettes__316,89.1,1.0,0.6505064368247986,0.6336683630943298,0.025884561285292495
317,pastel_palettes__317,172.3,1.0,0.6724324226379395,0.5935889482498169,0.1172511493107681
318,pastel_palettes__318,41.7,0.5,0.7028087377548218,0.6758235096931458,0.038396261474896394
319,pastel_palettes__319,82.0,1.0,0.7697852849960327,0.693535566329956,0.09905322971517913
320,pastel_palettes__320,84.7,1.0,0.7372719645500183,0.7101075649261475,0.03684447657039311
321,pastel_palettes__321,86.15,0.5,0.6277350187301636,0.62160325050354,0.009768083735438885
322,pastel_palettes__322,95.7,1.0,0.7407160401344299,0.7247207164764404,0.021594407021463403
323,pastel_palettes__323,147.7,1.0,0.7545086741447449,0.680256724357605,0.09841099556781956
324,pastel_palettes__324,47.85,0.5,0.5974165201187134,0.5462504625320435,0.08564553517285169
325,pastel_palettes__325,42.35,0.5,0.8367547392845154,0.8347514271736145,0.0023941449230557724
326,pastel_palettes__326,112.3,1.0,0.732488751411438,0.6637123823165894,0.09389409593297227
327,pastel_palettes__327,86.1,1.0,0.7275817394256592,0.6877520680427551,0.054742538500684376
328,pastel_palettes__328,60.1,0.5,0.5991388559341431,0.5935045480728149,0.009404010114722795
329,pastel_palettes__329,38.0,0.25,0.7367061376571655,0.664458692073822,0.09806820099680595
330,pastel_palettes__330,71.8,0.5,0.7802651524543762,0.7680730819702148,0.015625547861275624
331,pastel_palettes__331,43.8,0.5,0.8664299249649048,0.8245687484741211,0.04831455526248046
332,pastel_palettes__332,82.0,1.0,0.6647329926490784,0.6415510773658752,0.03487402542006994
333,pastel_palettes__333,34.925,0.25,0.6153813600540161,0.615088939666748,0.0004751856430009494
334,pastel_palettes__334,92.3,1.0,0.7572784423828125,0.7544600367546082,0.0037217560549275626
335,pastel_palettes__335,44.55,0.5,0.8490325808525085,0.8302766680717468,0.022090922308221694
336,pastel_palettes__336,92.3,1.0,0.7557842135429382,0.7391111254692078,0.022060646114280373
337,pastel_palettes__337,129.2,1.0,0.8089772462844849,0.7633921504020691,0.056349045775739064
338,pastel_palettes__338,47.0,0.5,0.7742604613304138,0.7544468641281128,0.025590351298909502
339,pastel_palettes__339,68.0,0.5,0.8918228149414062,0.8899431824684143,0.002107629947901072
340,pastel_palettes__340,94.0,1.0,0.7684555649757385,0.7295699715614319,0.05060226665875512
341,pastel_palettes__341,143.6,1.0,0.7623429894447327,0.7426092624664307,0.02588562792802154
342,pastel_palettes__342,139.7,1.0,0.7188738584518433,0.7188644409179688,1.3100398301856725e-05
343,pastel_palettes__343,139.7,1.0,0.7990250587463379,0.6981707811355591,0.12622167040545404
344,pastel_palettes__344,105.5,1.0,0.6652137041091919,0.6445375680923462,0.031081945379543483
345,pastel_palettes__345,152.0,1.0,0.6540927886962891,0.5949873924255371,0.09036240315163603
346,pastel_palettes__346,87.6,1.0,0.7840262651443481,0.7836186289787292,0.0005199266704972518
347,pastel_palettes__347,30.05,0.25,0.745078444480896,0.685969352722168,0.07933270945706926
348,pastel_palettes__348,90.7,1.0,0.725267231464386,0.6869661808013916,0.05280957004725112
349,pastel_palettes__349,87.6,1.0,0.7788013219833374,0.7754764556884766,0.0042692098754963026
350,pastel_palettes__350,139.7,1.0,0.6848793625831604,0.6633923649787903,0.03137340497942233
351,pastel_palettes__351,166.7,1.0,0.6570035815238953,0.6008784174919128,0.08542596358729461
352,pastel_palettes__352,152.0,1.0,0.6413053274154663,0.5482669472694397,0.14507657455611964
353,pastel_palettes__353,152.0,1.0,0.6884952187538147,0.659619927406311,0.0419397122317978
354,pastel_palettes__354,152.0,1.0,0.6507822275161743,0.5704309940338135,0.12346869672368829
355,pastel_palettes__355,161.5,1.0,0.7303714156150818,0.6913089752197266,0.05348298079609101
356,pastel_palettes__356,50.65,0.5,0.6381636261940002,0.5720282196998596,0.10363393302211746
357,pastel_palettes__357,161.5,1.0,0.805666983127594,0.8009878396987915,0.005807788486798957
358,pastel_palettes__358,161.5,1.0,0.89585942029953,0.8267373442649841,0.07715727989044863
359,pastel_palettes__359,166.7,1.0,0.7002738118171692,0.678209125995636,0.031508654827854615
360,pastel_palettes__360,35.9,0.25,0.6551368832588196,0.5753212571144104,0.12183045739599593
361,pastel_palettes__361,90.7,1.0,0.7565485835075378,0.6916441917419434,0.0857901173572785
362,pastel_palettes__362,86.1,1.0,0.7552410960197449,0.7327053546905518,0.02983913540717062
363,pastel_palettes__363,42.35,0.5,0.7314323782920837,0.7041654586791992,0.037278797633423864
364,pastel_palettes__364,90.7,1.0,0.8081299066543579,0.7857846617698669,0.027650560510747393
365,pastel_palettes__365,166.7,1.0,0.8302078247070312,0.768652081489563,0.0741449807934422
366,pastel_palettes__366,84.7,1.0,0.822515070438385,0.772948145866394,0.06026263390599364
367,pastel_palettes__367,129.2,1.0,0.7011092305183411,0.681853175163269,0.0274651288513713
368,pastel_palettes__368,126.0,1.0,0.8273963332176208,0.7728890180587769,0.0658781202798823
369,pastel_palettes__369,172.3,1.0,0.6470239162445068,0.5713399648666382,0.11697241705864254
370,pastel_palettes__370,21.525,0.25,0.7560048699378967,0.6837180256843567,0.09561690291687958
371,pastel_palettes__371,161.5,1.0,0.773715615272522,0.7477285265922546,0.0335873907250974
372,pastel_palettes__372,64.6,0.5,0.7910317182540894,0.7874422669410706,0.004537683167675233
373,pastel_palettes__373,43.05,0.5,0.8128800988197327,0.7430881261825562,0.08585764707305725
374,pastel_palettes__374,83.35,0.5,0.5905427932739258,0.5812590718269348,0.015720658270203754
375,poppin_party__375,46.15,0.5,0.6433008313179016,0.6328476667404175,0.016249263281798036
376,poppin_party__376,97.5,1.0,0.6988834738731384,0.6872309446334839,0.016673064502552126
377,poppin_party__377,166.7,1.0,0.4379166066646576,0.41694176197052,0.047896892638738024
378,poppin_party__378,95.7,1.0,0.5656465888023376,0.5374361872673035,0.04987283949641595
379,poppin_party__379,90.7,1.0,0.6299094557762146,0.5617794990539551,0.10815833307075133
380,poppin_party__380,90.7,1.0,0.6404460668563843,0.5704336762428284,0.10931816781576975
381,poppin_party__381,66.25,0.5,0.5919421911239624,0.517316997051239,0.1260683816624513
382,poppin_party__382,90.7,1.0,0.7193899154663086,0.7146865725517273,0.006537960587802502
383,poppin_party__383,82.0,1.0,0.6544265151023865,0.6422887444496155,0.01854718654067984
384,poppin_party__384,178.2,1.0,0.6513397097587585,0.5886527299880981,0.09624314137683734
385,poppin_party__385,26.925,0.25,0.7214419841766357,0.5666420459747314,0.2145701824916299
386,poppin_party__386,95.7,1.0,0.7005455493927002,0.683656632900238,0.024108234656694465
387,poppin_party__387,30.05,0.25,0.7250485420227051,0.6606948375701904,0.08875778754479503
388,poppin_party__388,139.7,1.0,0.7495790719985962,0.6668784618377686,0.1103294011935575
389,poppin_party__389,87.6,1.0,0.8293754458427429,0.8040648698806763,0.030517633586738428
390,poppin_party__390,79.5,1.0,0.6360993385314941,0.5944027304649353,0.06555046600554575
391,poppin_party__391,94.0,1.0,0.7673391103744507,0.7248128056526184,0.055420483782040036
392,poppin_party__392,90.7,1.0,0.6807565093040466,0.6140453219413757,0.09799566577904824
393,poppin_party__393,63.0,0.5,0.5866291522979736,0.5250908136367798,0.10490160337264647
394,poppin_party__394,42.35,0.5,0.6559568047523499,0.6457253694534302,0.015597727205196777
395,poppin_party__395,161.5,1.0,0.7091434001922607,0.6893073916435242,0.027971787572666818
396,poppin_party__396,21.9,0.25,0.6758734583854675,0.5684953927993774,0.1588730320060145
397,poppin_party__397,92.3,1.0,0.63682621717453,0.625896692276001,0.01716249206419478
398,poppin_party__398,95.7,1.0,0.680630624294281,0.6104589700698853,0.10309799723918384
399,poppin_party__399,95.7,1.0,0.6283087134361267,0.5554976463317871,0.11588422306949513
400,poppin_party__400,38.0,0.25,0.6432326436042786,0.6412012577056885,0.003158088941518042
401,poppin_party__401,147.7,1.0,0.7179586887359619,0.676508903503418,0.05773282764433207
402,poppin_party__402,97.5,1.0,0.640426516532898,0.603195309638977,0.058135017730809986
403,poppin_party__403,143.6,1.0,0.690615177154541,0.6419333815574646,0.07049048038251084
404,poppin_party__404,37.45,0.5,0.6367526054382324,0.6291135549545288,0.011996889244679553
405,poppin_party__405,92.3,1.0,0.7791264653205872,0.7283885478973389,0.06512154275541283
406,poppin_party__406,92.3,1.0,0.6722145080566406,0.6555153131484985,0.024842062627328805
407,poppin_party__407,94.0,1.0,0.6759172677993774,0.6537081599235535,0.0328577311660219
408,poppin_party__408,87.6,1.0,0.7293847799301147,0.6877240538597107,0.057117624629342736
409,poppin_party__409,50.65,0.5,0.691670835018158,0.6830434203147888,0.012473295484755622
410,poppin_party__410,55.0,0.5,0.6454921960830688,0.638071596622467,0.011496032803542748
411,poppin_party__411,87.6,1.0,0.7268996238708496,0.6742867827415466,0.07237978862766732
412,poppin_party__412,45.35,0.5,0.6876622438430786,0.6759560704231262,0.017023144028572967
413,poppin_party__413,69.8,1.0,0.6828981637954712,0.6683973073959351,0.021234288168153804
414,poppin_party__414,79.5,1.0,0.601845920085907,0.5767496228218079,0.04169887412465453
415,poppin_party__415,147.7,1.0,0.4909526109695434,0.457715779542923,0.0676986549903129
416,poppin_party__416,90.7,1.0,0.6755681037902832,0.6072691679000854,0.1010985206480379
417,poppin_party__417,92.3,1.0,0.6747509241104126,0.639664888381958,0.05199849970522352
418,poppin_party__418,105.5,1.0,0.6200248003005981,0.5790663361549377,0.06605939653672413
419,poppin_party__419,92.3,1.0,0.6118621230125427,0.5916675925254822,0.0330050345127289
420,poppin_party__420,87.6,1.0,0.6215568780899048,0.6096202731132507,0.019204364712906433
421,poppin_party__421,84.7,1.0,0.71014404296875,0.6880083680152893,0.031170683148904168
422,poppin_party__422,89.1,1.0,0.6694363355636597,0.5817096829414368,0.13104554975845134
423,poppin_party__423,82.0,1.0,0.7158992290496826,0.6993290781974792,0.023145926381565384
424,poppin_party__424,95.7,1.0,0.5975890755653381,0.5325334072113037,0.10886355024560934
425,poppin_party__425,143.6,1.0,0.6566502451896667,0.6260837912559509,0.046549063459021496
426,poppin_party__426,76.0,0.5,0.5765010118484497,0.5616716742515564,0.025723003589092814
427,poppin_party__427,95.7,1.0,0.710010290145874,0.6805160641670227,0.041540561296360405
428,poppin_party__428,49.7,0.5,0.6513082385063171,0.6470335721969604,0.006563200120360874
429,poppin_party__429,87.6,1.0,0.6813263893127441,0.6776502728462219,0.0053955292561474475
430,poppin_party__430,63.0,0.5,0.6307828426361084,0.5799959897994995,0.08051400482670905
431,poppin_party__431,82.0,1.0,0.7761362791061401,0.6932485103607178,0.10679537985375773
432,poppin_party__432,94.0,1.0,0.7613052725791931,0.738152265548706,0.03041225099104856
433,poppin_party__433,34.9,0.5,0.7070152163505554,0.6784375905990601,0.040420100007191186
434,poppin_party__434,95.7,1.0,0.6762763857841492,0.6643064618110657,0.017699751499091972
435,poppin_party__435,78.3,0.5,0.6615824103355408,0.653842568397522,0.011698983856135645
436,poppin_party__436,178.2,2.0,0.5897901654243469,0.587111234664917,0.004542176042393778
437,poppin_party__437,95.7,1.0,0.660542368888855,0.6437066197395325,0.025487765724465358
438,poppin_party__438,95.7,1.0,0.6280149817466736,0.6008294820785522,0.04328797952002891
439,poppin_party__439,132.5,1.0,0.6384626626968384,0.5739070773124695,0.10111097978962298
440,poppin_party__440,92.3,1.0,0.636931300163269,0.5756892561912537,0.09615172618509528
441,poppin_party__441,83.35,0.5,0.6176353096961975,0.6016018986701965,0.025959349755906105
442,poppin_party__442,129.2,1.0,0.5479650497436523,0.5017918944358826,0.08426295678779219
443,poppin_party__443,90.7,1.0,0.6286077499389648,0.6054894924163818,0.03677692094128285
444,poppin_party__444,90.7,1.0,0.6031410694122314,0.5976521968841553,0.009100478820693056
445,poppin_party__445,147.7,1.0,0.5339476466178894,0.4680286347866058,0.12345594600673922
446,poppin_party__446,95.7,1.0,0.7628068923950195,0.7214940190315247,0.05415901950463893
447,poppin_party__447,44.55,0.5,0.6450504660606384,0.6308752298355103,0.021975391029010777
448,poppin_party__448,92.3,1.0,0.7007801532745361,0.6913198828697205,0.01349962660987281
449,poppin_party__449,47.85,0.5,0.6505491137504578,0.6480013132095337,0.003916384615814534
450,poppin_party__450,52.75,0.5,0.6136887073516846,0.6119986772537231,0.0027538882135449264
451,poppin_party__451,97.5,1.0,0.6792024970054626,0.6345928311347961,0.06567947860519677
452,poppin_party__452,79.5,1.0,0.7045342922210693,0.6429680585861206,0.08738571608893443
453,poppin_party__453,49.7,0.5,0.596351146697998,0.5838679671287537,0.02093259925526071
454,poppin_party__454,94.0,1.0,0.6874558925628662,0.646120011806488,0.06012877510188496
455,poppin_party__455,83.4,1.0,0.6196012496948242,0.5947690606117249,0.04007769367045355
456,poppin_party__456,84.7,1.0,0.6107128262519836,0.5426690578460693,0.11141696306512328
457,poppin_party__457,184.6,1.0,0.7394273281097412,0.6864805221557617,0.07160515163718896
458,poppin_party__458,97.5,1.0,0.7004592418670654,0.6685393452644348,0.045569955673007506
459,poppin_party__459,28.075,0.25,0.6118119955062866,0.567969560623169,0.0716599792176961
460,poppin_party__460,69.85,0.5,0.6536566019058228,0.6320455074310303,0.03306184686543739
461,poppin_party__461,94.0,1.0,0.5661649703979492,0.5633397102355957,0.004990171257624224
462,poppin_party__462,95.7,1.0,0.6791368722915649,0.6094480752944946,0.10261377321764932
463,poppin_party__463,76.0,0.5,0.6995599865913391,0.6391264796257019,0.0863878839899123
464,poppin_party__464,61.5,0.5,0.7008614540100098,0.6736185550689697,0.038870591020762506
465,poppin_party__465,23.925,0.25,0.4540363252162933,0.4436621367931366,0.02284880712620216
466,poppin_party__466,95.7,1.0,0.7432913184165955,0.6747837662696838,0.0921678357455467
467,poppin_party__467,79.5,1.0,0.7877638339996338,0.7759107947349548,0.015046437464003285
468,poppin_party__468,152.0,1.0,0.626400887966156,0.5442601442337036,0.13113126962375954
469,poppin_party__469,95.7,1.0,0.743415117263794,0.7110962867736816,0.043473464205388584
470,poppin_party__470,136.0,1.0,0.6801852583885193,0.67885822057724,0.001950994666399103
471,poppin_party__471,66.25,0.5,0.7629783749580383,0.7470930814743042,0.020820109724089857
472,poppin_party__472,69.85,0.5,0.6950591206550598,0.6879009008407593,0.010298720787311241
473,poppin_party__473,37.45,0.5,0.7881251573562622,0.7629208564758301,0.03198007403415348
474,poppin_party__474,79.5,1.0,0.6982570886611938,0.6381931304931641,0.08601983301479067
475,poppin_party__475,68.0,0.5,0.6876307129859924,0.6386350989341736,0.07125280056072325
476,poppin_party__476,71.8,0.5,0.6890303492546082,0.659410834312439,0.04298724283220838
477,poppin_party__477,84.7,1.0,0.7394144535064697,0.7024332284927368,0.05001420358820364
478,poppin_party__478,147.7,1.0,0.5973842144012451,0.5457271933555603,0.08647202219338916
479,poppin_party__479,132.5,1.0,0.5670706033706665,0.51542729139328,0.09107033880863993
480,poppin_party__480,129.2,1.0,0.6072225570678711,0.5845664739608765,0.03731100375518871
481,poppin_party__481,79.5,1.0,0.7439952492713928,0.658093273639679,0.11546038192560924
482,poppin_party__482,35.9,0.5,0.6659517288208008,0.6483895182609558,0.02637159691880722
483,poppin_party__483,68.0,0.5,0.6893840432167053,0.6635668277740479,0.03744968526134267
484,poppin_party__484,86.1,1.0,0.599465548992157,0.587734580039978,0.019569046080965755
485,poppin_party__485,95.7,1.0,0.7343901991844177,0.7122345566749573,0.0301687611491351
486,poppin_party__486,82.0,1.0,0.7507749199867249,0.740348756313324,0.013887202936381031
487,poppin_party__487,84.7,1.0,0.758637547492981,0.7296253442764282,0.038242508972074256
488,poppin_party__488,87.6,1.0,0.6932724714279175,0.5989692807197571,0.1360261579605581
489,poppin_party__489,87.6,1.0,0.5964727997779846,0.5472689867019653,0.08249129397741796
490,raise_a_suilen__490,99.4,1.0,0.7031903862953186,0.6154994964599609,0.12470433547498778
491,raise_a_suilen__491,152.0,1.0,0.6958275437355042,0.6687887907028198,0.03885841150743842
492,raise_a_suilen__492,23.925,0.25,0.686758279800415,0.6699928045272827,0.02441248364417927
493,raise_a_suilen__493,84.7,1.0,0.7624438405036926,0.7314417958259583,0.04066141403575838
494,raise_a_suilen__494,99.4,1.0,0.6747463941574097,0.6050593852996826,0.10327881625028731
495,raise_a_suilen__495,87.6,1.0,0.783011794090271,0.7338959574699402,0.06272681585517523
496,raise_a_suilen__496,46.15,0.5,0.6817697882652283,0.6724318265914917,0.013696649271445618
497,raise_a_suilen__497,52.75,0.5,0.6608081459999084,0.6450715065002441,0.023814233518341776
498,raise_a_suilen__498,42.35,0.5,0.7731019854545593,0.7383472323417664,0.044954939667317347
499,raise_a_suilen__499,45.35,0.5,0.693242609500885,0.6684494614601135,0.035764027918915496
500,raise_a_suilen__500,95.7,1.0,0.6727699041366577,0.6221306324005127,0.07526982319628081
501,raise_a_suilen__501,69.85,0.5,0.7000940442085266,0.6597573757171631,0.05761607147646158
502,raise_a_suilen__502,172.3,1.0,0.7207841873168945,0.6574239134788513,0.08790463907636574
503,raise_a_suilen__503,94.0,1.0,0.6796262860298157,0.6488264203071594,0.045318826472384326
504,raise_a_suilen__504,126.0,1.0,0.7453760504722595,0.7100833058357239,0.047348911484578385
505,raise_a_suilen__505,139.7,1.0,0.6954910159111023,0.680834174156189,0.021074092144400567
506,raise_a_suilen__506,70.8,1.0,0.6957791447639465,0.6669163703918457,0.04148266671875162
507,raise_a_suilen__507,143.6,1.0,0.6351659893989563,0.6046440005302429,0.048053562971146595
508,raise_a_suilen__508,94.0,1.0,0.629148006439209,0.613183319568634,0.02537508933856493
509,raise_a_suilen__509,94.0,1.0,0.762401282787323,0.7525959610939026,0.012861103351731467
510,raise_a_suilen__510,99.4,1.0,0.6994890570640564,0.6658971309661865,0.048023519108167635
511,raise_a_suilen__511,84.7,1.0,0.7757259607315063,0.7534998059272766,0.02865207035648332
512,raise_a_suilen__512,156.6,1.0,0.655427873134613,0.653835117816925,0.0024301000658860676
513,raise_a_suilen__513,103.4,1.0,0.5557181239128113,0.4970938265323639,0.10549286564144014
514,raise_a_suilen__514,136.0,1.0,0.4837423861026764,0.3956099450588226,0.1821887921666375
515,raise_a_suilen__515,147.7,1.0,0.7410872578620911,0.7334309816360474,0.010331140017345242
516,raise_a_suilen__516,90.7,1.0,0.606347382068634,0.5981934070587158,0.013447695580213198
517,raise_a_suilen__517,43.8,0.5,0.6177150011062622,0.6170349717140198,0.001100878869745062
518,raise_a_suilen__518,87.6,1.0,0.7064493298530579,0.6668965816497803,0.055988089353138176
519,raise_a_suilen__519,69.85,0.5,0.5694844722747803,0.535468339920044,0.05973144837270173
520,raise_a_suilen__520,90.7,1.0,0.6582258343696594,0.6168337464332581,0.0628843259791526
521,raise_a_suilen__521,43.05,0.5,0.6370046138763428,0.6200594902038574,0.026601257358827842
522,raise_a_suilen__522,79.5,1.0,0.6187074780464172,0.5762708187103271,0.06858921354900185
523,raise_a_suilen__523,90.7,1.0,0.6609503030776978,0.6049033403396606,0.08479754450078303
524,raise_a_suilen__524,53.85,0.5,0.605026364326477,0.5906837582588196,0.023705753853592547
526,raise_a_suilen__526,90.7,1.0,0.6076170802116394,0.5968999862670898,0.017637907645414914
527,raise_a_suilen__527,69.8,1.0,0.6252708435058594,0.5869109034538269,0.06134931838009652
528,raise_a_suilen__528,152.0,1.0,0.7316545248031616,0.6378554701805115,0.12820129096841856
529,raise_a_suilen__529,49.7,0.5,0.6289418339729309,0.5461345314979553,0.13166130475356413
530,raise_a_suilen__530,90.7,1.0,0.5959089398384094,0.5379994511604309,0.09717841906127744
531,raise_a_suilen__531,60.1,0.5,0.8074628710746765,0.7855912446975708,0.02708685087649431
532,raise_a_suilen__532,46.15,0.5,0.6865664720535278,0.6625322103500366,0.03500645994495547
533,raise_a_suilen__533,68.0,0.5,0.6649848818778992,0.620928943157196,0.06625103806313665
534,raise_a_suilen__534,99.4,1.0,0.6658416390419006,0.6428762674331665,0.034490741134453065
535,raise_a_suilen__535,97.5,1.0,0.6701908707618713,0.6470302939414978,0.03455818011075658
536,raise_a_suilen__536,47.85,0.5,0.6155334115028381,0.5689848065376282,0.07562319785624722
537,raise_a_suilen__537,95.7,1.0,0.6744958162307739,0.6134000420570374,0.0905799156993334
538,raise_a_suilen__538,95.7,1.0,0.6651714444160461,0.6121918559074402,0.07964802000049284
539,raise_a_suilen__539,46.15,0.5,0.6691845655441284,0.6670287847518921,0.0032215040561842847
540,raise_a_suilen__540,101.3,1.0,0.7130244970321655,0.6631383299827576,0.06996416989465304
541,raise_a_suilen__541,95.7,1.0,0.5192408561706543,0.434177428483963,0.16382267819605906
542,raise_a_suilen__542,99.4,1.0,0.7366110682487488,0.684049129486084,0.07135643357576453
543,raise_a_suilen__543,84.7,1.0,0.7762454748153687,0.748965859413147,0.03514302664206859
544,raise_a_suilen__544,69.85,0.5,0.6288873553276062,0.6126400828361511,0.025834948586287584
545,raise_a_suilen__545,101.3,1.0,0.500311017036438,0.4761212766170501,0.04834940586092694
546,raise_a_suilen__546,73.85,0.5,0.7206965088844299,0.7186647653579712,0.002819138848894505
547,raise_a_suilen__547,90.7,1.0,0.623935878276825,0.6236506104469299,0.00045720696601526934
548,raise_a_suilen__548,97.5,1.0,0.6483389735221863,0.6272549033164978,0.032520133860141874
549,raise_a_suilen__549,76.0,1.0,0.7504158020019531,0.7139959931373596,0.04853283841762532
550,raise_a_suilen__550,87.6,1.0,0.7398247122764587,0.6572203636169434,0.11165394625078119
551,raise_a_suilen__551,56.15,0.5,0.6351876258850098,0.5687301158905029,0.1046265816370577
552,raise_a_suilen__552,143.6,1.0,0.6270399689674377,0.6130192875862122,0.022360107927910544
553,raise_a_suilen__553,39.15,0.25,0.7427065968513489,0.663658618927002,0.10643230888141446
554,raise_a_suilen__554,66.25,0.5,0.6243224740028381,0.6209584474563599,0.005388283597913502
555,raise_a_suilen__555,94.0,1.0,0.5715416669845581,0.5168803334236145,0.09563840524407548
556,raise_a_suilen__556,132.5,1.0,0.6851317286491394,0.6569148302078247,0.04118463247491018
557,raise_a_suilen__557,42.35,0.5,0.6152344346046448,0.5905171036720276,0.040175467337911226
558,raise_a_suilen__558,152.0,1.0,0.685505211353302,0.6394573450088501,0.06717361966300112
559,raise_a_suilen__559,80.75,0.5,0.679645299911499,0.6737679243087769,0.008647710215148253
560,raise_a_suilen__560,95.7,1.0,0.6949121356010437,0.6514360904693604,0.06256337010733024
561,raise_a_suilen__561,152.0,1.0,0.5225518941879272,0.477965235710144,0.0853248432810166
562,raise_a_suilen__562,42.35,0.5,0.6124135851860046,0.5956240892410278,0.02741528984840765
563,raise_a_suilen__563,99.4,1.0,0.574316143989563,0.522914707660675,0.08950024627868036
564,raise_a_suilen__564,143.6,1.0,0.5268599390983582,0.4719554185867309,0.10421084701484062
565,raise_a_suilen__565,143.6,1.0,0.6405045390129089,0.6254413723945618,0.023517657878836015
566,raise_a_suilen__566,95.7,1.0,0.6930511593818665,0.6636298894882202,0.04245180098953607
567,raise_a_suilen__567,32.3,0.25,0.6285720467567444,0.5653911828994751,0.10051491182795169
568,raise_a_suilen__568,49.7,0.5,0.538419246673584,0.5154643058776855,0.0426339528865595
569,raise_a_suilen__569,92.3,1.0,0.7024329900741577,0.6968386769294739,0.007964194768376742
570,roselia__570,60.1,0.5,0.6783975958824158,0.6208437085151672,0.08483798839585532
571,roselia__571,92.3,1.0,0.6700699925422668,0.6583772301673889,0.017450061195122643
572,roselia__572,136.0,1.0,0.7018753290176392,0.6502315998077393,0.0735796331268427
573,roselia__573,71.8,0.5,0.7119088172912598,0.6565127968788147,0.07781336467108423
574,roselia__574,95.7,1.0,0.6951042413711548,0.6802991032600403,0.02129916238449366
575,roselia__575,84.7,1.0,0.6889193654060364,0.6772844195365906,0.016888690394975873
576,roselia__576,35.9,0.25,0.6481720209121704,0.6397461295127869,0.0129994679306364
577,roselia__577,90.7,1.0,0.7361981272697449,0.7129419445991516,0.03158957053699776
578,roselia__578,95.7,1.0,0.6786511540412903,0.6280366778373718,0.07458099187265066
579,roselia__579,94.0,1.0,0.7051380276679993,0.686866819858551,0.025911533760097947
580,roselia__580,42.35,0.5,0.7470474243164062,0.6689774394035339,0.1045047240264714
581,roselia__581,97.5,1.0,0.6776875853538513,0.6700998544692993,0.011196502707940422
582,roselia__582,47.0,0.5,0.7499873638153076,0.7436093091964722,0.008504216106241108
583,roselia__583,95.7,1.0,0.6613742113113403,0.6466123461723328,0.02231998902669408
584,roselia__584,152.0,1.0,0.6621920466423035,0.6433112025260925,0.028512641026040307
585,roselia__585,22.675,0.25,0.6239139437675476,0.6039040684700012,0.032071530853622805
586,roselia__586,19.0,0.25,0.7467028498649597,0.7118542790412903,0.04666993145931043
587,roselia__587,103.4,1.0,0.6139474511146545,0.5798618793487549,0.05551871207220663
589,roselia__589,30.75,0.25,0.713506281375885,0.6587335467338562,0.07676559558299638
590,roselia__590,34.0,0.25,0.5774641036987305,0.5428863763809204,0.059878574436636585
591,roselia__591,95.7,1.0,0.661001980304718,0.6452227830886841,0.023871633801701802
592,roselia__592,79.5,1.0,0.7996585369110107,0.6973069310188293,0.12799413895780307
593,roselia__593,92.3,1.0,0.7192671895027161,0.6872822642326355,0.044468767291045444
594,roselia__594,49.7,0.5,0.7552893757820129,0.7493382692337036,0.00787924038008301
595,roselia__595,172.3,1.0,0.7037351131439209,0.6689058542251587,0.049492000993332945
596,roselia__596,61.5,0.5,0.596122145652771,0.5934189558029175,0.004534624102738952
597,roselia__597,95.7,1.0,0.6976801156997681,0.6261950731277466,0.1024610576730032
598,roselia__598,147.7,1.0,0.5710285902023315,0.5237322449684143,0.08282658004419499
599,roselia__599,89.1,1.0,0.759822428226471,0.7516302466392517,0.010781705412856666
600,roselia__600,43.8,0.5,0.7737102508544922,0.7228058576583862,0.06579257950878473
601,roselia__601,161.5,1.0,0.6906537413597107,0.6862600445747375,0.006361649147549889
602,roselia__602,46.15,0.5,0.6702427268028259,0.6618912220001221,0.012460418395798168
603,roselia__603,123.0,1.0,0.5740752220153809,0.5339359641075134,0.06991985783143939
604,roselia__604,79.5,1.0,0.6760885715484619,0.674845278263092,0.0018389503057599814
605,roselia__605,90.7,1.0,0.6702965497970581,0.6555204391479492,0.02204413949852877
606,roselia__606,95.7,1.0,0.6698689460754395,0.6540250182151794,0.023652279976680235
607,roselia__607,240.4,2.0,0.5411413908004761,0.5068066716194153,0.06344870262145652
608,roselia__608,92.3,1.0,0.6548501253128052,0.5714266300201416,0.12739326460816405
609,roselia__609,95.7,1.0,0.7010168433189392,0.6715720295906067,0.0420030046481153
610,roselia__610,95.7,1.0,0.740106999874115,0.6366022229194641,0.13985109851988434
611,roselia__611,95.7,1.0,0.6928532719612122,0.6199315786361694,0.10524839280707775
612,roselia__612,76.0,0.5,0.6972450017929077,0.6901217699050903,0.010216253783821443
613,roselia__613,57.4,0.5,0.7187445163726807,0.693208634853363,0.03552845404399142
614,roselia__614,97.5,1.0,0.7895152568817139,0.7596141695976257,0.037872716231205084
615,roselia__615,152.0,1.0,0.6175252199172974,0.5673694014549255,0.08122068029721764
616,roselia__616,120.2,1.0,0.6449469327926636,0.5003029704093933,0.2242726572199548
617,roselia__617,92.3,1.0,0.7148610353469849,0.6785731315612793,0.05076217892907236
618,roselia__618,69.85,0.5,0.5301365852355957,0.5236247181892395,0.012283376072719619
619,roselia__619,49.7,0.5,0.6919867396354675,0.6577147245407104,0.04952698242861023
620,roselia__620,172.3,1.0,0.7975935935974121,0.7358478903770447,0.0774149939468217
621,roselia__621,44.55,0.5,0.684344470500946,0.6674015522003174,0.02475788003112862
622,roselia__622,97.5,1.0,0.7729308009147644,0.7139149308204651,0.07635336827624668
623,roselia__623,94.0,1.0,0.8089073300361633,0.743071436882019,0.08138867174216483
624,roselia__624,80.75,0.5,0.6866936087608337,0.6244308948516846,0.09067029766230786
625,roselia__625,198.8,2.0,0.6564605236053467,0.6511356830596924,0.008111440603327892
626,roselia__626,24.375,0.25,0.7280904054641724,0.7076665759086609,0.02805122743306976
627,roselia__627,24.375,0.25,0.7533231377601624,0.7319884300231934,0.028320791792487577
628,roselia__628,63.0,0.5,0.5024909377098083,0.466497391462326,0.07163023956517371
629,roselia__629,73.85,0.5,0.7236136794090271,0.701080858707428,0.031139296205679252
630,roselia__630,95.7,1.0,0.668816089630127,0.5904232263565063,0.11721138963175054
631,roselia__631,95.7,1.0,0.7088242769241333,0.6912758946418762,0.024757027733878414
632,roselia__632,24.375,0.25,0.7653560042381287,0.755124568939209,0.013368204132800304
633,roselia__633,112.3,1.0,0.5977283120155334,0.5945191979408264,0.005368850713940474
634,roselia__634,92.3,1.0,0.7056975960731506,0.7048588991165161,0.0011884650894397897
635,roselia__635,99.4,1.0,0.7548497915267944,0.7102963924407959,0.059022867312293684
636,roselia__636,39.15,0.25,0.6451043486595154,0.628198504447937,0.02620637149122868
637,roselia__637,90.7,1.0,0.7052517533302307,0.6901259422302246,0.021447392407861927
638,roselia__638,178.2,1.0,0.4212571680545807,0.4048677086830139,0.03890606644690554
639,roselia__639,143.6,1.0,0.5779772996902466,0.5327494740486145,0.07825190654697144
640,roselia__640,34.925,0.25,0.7502384185791016,0.6503226161003113,0.13317873359248084
641,roselia__641,33.55,0.5,0.7423627972602844,0.6933404803276062,0.0660355248317895
642,roselia__642,92.3,1.0,0.7009239196777344,0.6702468991279602,0.043766548249457124
643,roselia__643,34.925,0.25,0.7219093441963196,0.6907594203948975,0.04314935670503117
644,roselia__644,97.5,1.0,0.7072089314460754,0.6835176348686218,0.03349971348496759
645,roselia__645,78.3,0.5,0.6239416003227234,0.6106899380683899,0.02123862593466968
646,roselia__646,64.6,0.5,0.6857119798660278,0.6571661829948425,0.041629427090893886
647,roselia__647,36.925,0.25,0.6598054766654968,0.6143860220909119,0.06883764409492978
648,roselia__648,83.4,1.0,0.7590031027793884,0.7303710579872131,0.03772322496090964
649,roselia__649,72.8,1.0,0.6915928721427917,0.6476145386695862,0.06358991719643613
650,roselia__650,43.8,0.5,0.820425808429718,0.8062021136283875,0.01733696655466567
651,roselia__651,103.4,1.0,0.6216747760772705,0.5444274544715881,0.12425680529151947
652,roselia__652,143.6,1.0,0.7226048707962036,0.6630266904830933,0.08244918173256155
653,roselia__653,139.7,1.0,0.6029006838798523,0.5597297549247742,0.07160537400166782
654,roselia__654,50.65,0.5,0.6010518074035645,0.5959385633468628,0.008507160270909014
655,roselia__655,103.4,1.0,0.6952341198921204,0.6833592653274536,0.017080367929165174
656,roselia__656,83.4,1.0,0.7544353604316711,0.7369904518127441,0.02312313225740826
657,roselia__657,166.7,1.0,0.6235737800598145,0.5575383901596069,0.10589827861888816
658,roselia__658,78.3,0.5,0.7414150834083557,0.6989728808403015,0.05724485988731623
659,roselia__659,41.7,0.5,0.7188290953636169,0.677736759185791,0.05716565515067184
660,mygo__660,29.375,0.25,0.63528972864151,0.6022981405258179,0.051931562290863174
661,mygo__661,95.7,1.0,0.6246465444564819,0.6212695837020874,0.005406194566133229
662,mygo__662,90.7,1.0,0.664948046207428,0.5886977910995483,0.11467099654292941
