idx,band,song,duration_sec,acoustic_median,acoustic_p10,acoustic_p90,acoustic_std,n_patches,extract_sec,error
4,afterglow,ツナグ、ソラモヨウ,248.93,0.0007397577282972634,5.767243783338927e-05,0.03498314693570137,0.10586163401603699,166,3.12,
3,afterglow,I knew it!,291.3,6.205514364410192e-05,1.3641858913615579e-06,0.0024526529014110565,0.010084833949804306,194,3.61,
0,afterglow,ON YOUR MARK,241.63,0.00017336022574454546,1.2964103461854393e-06,0.009149762801826,0.062438271939754486,161,21.93,
8,afterglow,RED RED RED,224.37,0.0011734236031770706,6.412679795175791e-05,0.12473096698522568,0.17050646245479584,149,6.59,
5,afterglow,Hey-day狂騒曲(カプリチオ),233.7,9.36821015784517e-06,1.3767318307600362e-07,0.0006643407978117466,0.0069473301991820335,156,6.83,
1,afterglow,That Is How I Roll!,239.6,0.0001630216429475695,6.873449365230044e-06,0.001883386867120862,0.005549242720007896,160,7.06,
7,afterglow,Sasanqua,236.8,0.0015151342377066612,6.0505619330797344e-05,0.07561169564723969,0.1256214827299118,158,7.1,
6,afterglow,"Easy come, Easy go!",243.4,7.615111826453358e-05,9.029653824654815e-07,0.004652677569538355,0.009442009031772614,162,7.26,
2,afterglow,SENSENFUKOKU,246.53,6.412989750970155e-05,1.540904349894845e-06,0.0024007100146263838,0.11394365131855011,164,7.35,
14,afterglow,SWITCH ON NOW,207.33,0.00015304374392144382,4.822572918783408e-06,0.004596551414579153,0.022336306050419807,138,5.48,
11,afterglow,Scarlet Sky,229.0,0.0004024658992420882,3.6733061278937384e-05,0.00889167096465826,0.014142205938696861,152,6.15,
12,afterglow,Off we go.,251.83,0.0018092715181410313,6.211318395799026e-05,0.23326614499092102,0.19461314380168915,168,6.54,
13,afterglow,いつも通りのBrand new days,237.33,0.0015823281137272716,5.69087133044377e-05,0.02726556733250618,0.18078666925430298,158,6.73,
9,afterglow,ONE OF US,282.3,0.00011666792852338403,2.5756626200745814e-06,0.0182935930788517,0.22663146257400513,188,7.55,
10,afterglow,Y.O.L.O!!!!!,270.93,4.241117858327925e-05,3.737423412530916e-06,0.0010823667980730534,0.07322048395872116,181,7.43,
17,afterglow,Trouble Joyful!!,237.93,0.003559567965567112,4.623586210072972e-05,0.1455836147069931,0.14192722737789154,158,5.66,
16,afterglow,COMIC PANIC!!!,280.5,5.756457903771661e-05,1.37163556246378e-06,0.003009592182934284,0.04138004034757614,187,6.77,
18,afterglow,Jamboree!Journey!,259.8,0.0009532247204333544,4.8704070650273934e-05,0.026357397437095642,0.04132521525025368,173,6.76,
15,afterglow,ランブリングメモリー,325.03,0.008927768096327782,0.00022113844170235097,0.49163779616355896,0.23755326867103577,217,8.41,
20,afterglow,独創収差,276.3,1.7479574125900399e-06,3.620820976379946e-08,0.4212411046028137,0.23698940873146057,184,7.45,
19,afterglow,カナユメ,307.47,0.006351344287395477,0.0004601182590704411,0.5518719553947449,0.2396710216999054,205,7.95,
21,afterglow,極彩色,238.6,0.0004907699185423553,3.3771164453355595e-05,0.026841172948479652,0.12436599284410477,159,6.15,
22,afterglow,サクラゼンセン,249.33,0.004119201563298702,0.00022844219347462058,0.40644514560699463,0.2563527822494507,166,6.99,
25,afterglow,カサブタ,196.67,5.092556239105761e-05,2.5908559564413736e-06,0.001721777836792171,0.014550953172147274,131,5.87,
23,afterglow,True color,253.33,0.0014594474341720343,0.00016563611279707402,0.08468325436115265,0.07927202433347702,169,7.45,
24,afterglow,Crow Song,244.2,1.1354499292792752e-05,3.491538222988311e-07,0.0004960290971212089,0.0012236888287588954,163,7.12,
26,afterglow,アイのシナリオ,259.83,0.0006955084973014891,3.10522154904902e-05,0.056699082255363464,0.14110374450683594,173,6.94,
28,afterglow,トーキョーワンダー。,153.77,0.0003852018853649497,1.0009500329033472e-05,0.01077604852616787,0.10674469918012619,102,4.11,
27,afterglow,Northern lights,209.1,0.00010414537973701954,2.3884849724709056e-06,0.007142707705497742,0.046855416148900986,139,5.7,
29,afterglow,Reach Out To The Truth,171.47,1.4447996363742277e-05,1.2232851531734923e-06,0.0003351006889715791,0.0028000506572425365,114,4.19,
32,afterglow,イマジネーション,177.97,0.0008574113016948104,8.816990884952247e-06,0.04079834371805191,0.11227602511644363,118,4.36,
30,afterglow,Listen!!,227.47,0.00025426089996472,2.984929551530513e-06,0.014851748943328857,0.07831832021474838,151,5.56,
34,afterglow,燦々,194.9,2.7829826194647467e-06,9.189744964999136e-09,0.0001582837721798569,0.00038398875040002167,129,5.12,
31,afterglow,青い栞,336.8,0.19259974360466003,0.011994285508990288,0.82667475938797,0.30230653285980225,225,8.51,
33,afterglow,Butter-Fly,250.2,8.235607674578205e-05,5.394960226112744e-06,0.0018513890681788325,0.0062315259128808975,167,6.78,
35,afterglow,That's why I'm here.,261.87,0.001575361704453826,1.4548216313414741e-05,0.34528273344039917,0.21152928471565247,174,7.15,
37,afterglow,ペトリコール・オベーション,219.13,0.0027806032449007034,5.316468741511926e-05,0.053737156093120575,0.09510930627584457,146,6.06,
36,afterglow,IGNITE GLOW,267.37,0.0019084932282567024,5.791799594589975e-06,0.08121662586927414,0.13220994174480438,178,6.97,
38,afterglow,Made My Day,243.97,0.001981110777705908,5.2603238145820796e-05,0.05092938616871834,0.12902745604515076,162,6.46,
39,afterglow,Glowing After,254.49,0.0005310917622409761,6.032363216945669e-06,0.22183731198310852,0.1784391850233078,170,6.8,
40,afterglow,A Sunset So Bright,231.11,2.17999786400469e-06,3.2180196285480633e-08,0.00018266325059812516,0.027178749442100525,154,6.16,
41,afterglow,Start as Usual,276.27,2.012628101510927e-05,8.1318844991074e-08,0.005164195317775011,0.10117562860250473,184,7.18,
42,afterglow,“Say cheese!!!!!”,261.07,2.190259147027973e-05,1.6255620494121104e-07,0.0006758884992450476,0.008557927794754505,174,6.97,
43,afterglow,花笑みのデュオ,250.31,0.00011692336556734517,1.9224858078814577e-06,0.0160316564142704,0.07711827009916306,167,7.21,
44,afterglow,READY STEADY GO (Cover),221.33,2.499617721696268e-06,6.351509540536426e-08,7.536474004155025e-05,0.022784676402807236,147,6.48,
46,afterglow,メンタルチェンソー (Cover),177.4,0.0002977974945679307,2.5282573915319517e-05,0.01382784079760313,0.06828756630420685,118,5.43,
45,afterglow,abnormalize (Cover),219.03,4.3089588871225715e-05,2.1583355191978626e-06,0.09740915894508362,0.08475600183010101,146,6.2,
47,afterglow,Bunny Girl (Cover),217.23,0.00020666138152591884,2.2549554046236153e-07,0.005790146067738533,0.059766627848148346,144,5.3,
48,afterglow,オレンジ (Cover),235.6,2.207091893069446e-05,3.889194744033375e-08,0.06551678478717804,0.10165141522884369,157,6.25,
49,afterglow,カゲロウデイズ (Cover),233.71,2.7366160793462768e-05,2.394826736917821e-08,0.04665321484208107,0.1296316385269165,156,6.36,
50,afterglow,DAY×DAY (Cover),219.07,1.3317896446096711e-05,6.625840853757836e-08,0.0004105666885152459,0.010330229066312313,146,6.28,
51,afterglow,ロキ (Cover),230.03,4.7638288378948346e-05,1.9094663912255783e-06,0.01560426875948906,0.03007332608103752,153,6.53,
52,afterglow,CHAINSAW BLOOD (Cover),203.12,0.0005586625775322318,1.8276568880537525e-05,0.008678237907588482,0.020339788869023323,135,6.14,
53,afterglow,チルドレンレコード (Re:boot) (Cover),189.71,0.007202619221061468,0.00013117791968397796,0.1779649257659912,0.11974065750837326,126,5.26,
54,afterglow,青のすみか (Cover),197.4,4.046656613354571e-05,3.1086946705727314e-07,0.0860612541437149,0.12824152410030365,131,4.74,
55,afterglow,GO!!! (Cover),239.67,0.0002498531830497086,4.132282811042387e-06,0.0035132267512381077,0.03704741969704628,160,6.55,
56,afterglow,天ノ弱 (Cover),187.77,0.0018269341671839356,1.4866542187519372e-05,0.30920854210853577,0.15339858829975128,125,5.06,
57,afterglow,アスノヨゾラ哨戒班 (Cover),192.03,0.00018703570822253823,9.215978025167715e-06,0.021005038172006607,0.09624449908733368,128,5.27,
58,afterglow,瞬間センチメンタル (Cover),230.93,0.00011595249088713899,3.431974391787662e-06,0.0035810968838632107,0.14271433651447296,154,6.04,
59,afterglow,プライド革命 (Cover),238.53,0.0004929915885441005,5.149863227416063e-06,0.014273100532591343,0.11423272639513016,159,6.19,
60,afterglow,命に嫌われている。 (Cover),274.1,0.06084178015589714,0.0002880987012758851,0.73459392786026,0.2981443405151367,183,7.07,
62,afterglow,インフェルノ (Cover),214.17,0.00024208346439991146,4.186642854620004e-06,0.21964219212532043,0.16723714768886566,142,6.52,
63,afterglow,ドラマツルギー (Cover),238.6,0.0012595867738127708,4.044071101816371e-05,0.06078153848648071,0.06158224865794182,159,6.96,
65,afterglow,午夜の待ち合わせ (Cover),171.53,0.00010787554492708296,1.9477438399917446e-06,0.010196278803050518,0.09371442347764969,114,5.44,
64,afterglow,COLORS (Cover),218.8,9.986262739403173e-05,2.1327186914277263e-06,0.09985220432281494,0.2108498066663742,146,6.37,
61,afterglow,Redo (Cover),261.57,1.086216616386082e-05,3.5117054153488425e-07,0.005386078730225563,0.20741930603981018,174,7.87,
66,afterglow,サムライハート（Some Like It Hot!!） (Cover),190.63,0.00014555954840034246,1.6060506595749757e-06,0.0964294895529747,0.13961702585220337,127,4.95,
69,afterglow,Part of the Life,88.66,2.9370061383815482e-05,5.342686790754669e-07,0.00023641958250664175,0.000521932786796242,58,1.63,
67,afterglow,ベノム (Cover),198.5,1.46723386933445e-05,1.6237316913247923e-07,0.0014713418204337358,0.00831946637481451,132,3.85,
70,afterglow,Punchline Halloween!!!,234.17,0.008193966932594776,0.0006147972890175879,0.07903551310300827,0.09838627278804779,156,5.67,
71,afterglow,I love your way！,263.7,5.972496001049876e-05,2.1126522824488347e-06,0.0015274672769010067,0.0203297920525074,176,6.6,
68,afterglow,Don't say “lazy” (Cover),275.67,0.00028545380337163806,2.5579342036508024e-05,0.03348921611905098,0.0722484141588211,184,7.32,
72,ave_mujica,KiLLKiSS,208.77,5.0156253564637154e-05,1.484176436861162e-06,0.0705641657114029,0.07188870757818222,139,6.45,
74,ave_mujica,Imprisoned XII,192.17,0.7733258008956909,0.00013492857397068292,0.9988292455673218,0.45138171315193176,128,5.76,
73,ave_mujica,"Georgette Me, Georgette You",234.68,0.051290132105350494,8.897415426645239e-08,0.9633679389953613,0.4149823784828186,156,6.83,
76,ave_mujica,八芒星ダンス,231.55,9.163654368649077e-08,3.029932749143427e-09,0.002357091521844268,0.059684041887521744,154,5.12,
77,ave_mujica,顔,242.17,3.125877583443071e-07,1.2394503201562657e-08,3.203058440703899e-05,0.042327139526605606,161,6.49,
75,ave_mujica,Crucifix X,299.0,8.362013431906234e-06,5.690896998089556e-08,0.07858551293611526,0.21979984641075134,199,8.22,
79,ave_mujica,黒のバースデイ,234.26,3.367781800989178e-06,5.6940926640436373e-08,0.047311242669820786,0.04035317525267601,156,6.41,
78,ave_mujica,天球のMúsica,280.33,1.3946669241704512e-05,5.309307198331226e-07,0.6431425213813782,0.279387503862381,187,7.19,
80,ave_mujica,ふたつの月 ~Deep Into The Forest~,304.92,2.4747453153395327e-07,2.663536502467423e-09,0.00750815961509943,0.0517277829349041,203,7.35,
82,ave_mujica,神さま、バカ,223.98,0.00016006371879484504,1.2058704896844574e-06,0.512467086315155,0.24841827154159546,149,5.77,
81,ave_mujica,Choir ‘S’ Choir,288.14,1.6721230622351868e-06,6.165988963857671e-08,0.020588509738445282,0.07409027963876724,192,7.99,
83,ave_mujica,Mas?uerade Rhapsody Re?uest,249.79,5.918286660744343e-07,3.1405589240307563e-09,0.18670254945755005,0.20354419946670532,166,6.67,
86,ave_mujica,Symbol II : Air,212.81,1.2390266874717781e-06,2.5890555477303678e-08,0.00048743796651251614,0.014494629576802254,142,6.02,
84,ave_mujica,Ave Mujica,277.99,6.669801223324612e-05,2.378963159799241e-07,0.6378593444824219,0.28162941336631775,185,7.24,
85,ave_mujica,Symbol I : △,312.18,4.676589469454484e-06,4.954293419956457e-09,0.0012675722828134894,0.08725384622812271,208,7.71,
88,ave_mujica,Symbol IV : Earth,239.14,4.0487328078597784e-05,2.4964629474766298e-08,0.13813014328479767,0.19386941194534302,159,5.91,
87,ave_mujica,Symbol III : ▽,256.93,0.9156514406204224,0.5486816763877869,0.9865743517875671,0.1939331591129303,171,6.91,
91,ave_mujica,in your blue eyes,222.77,0.00046766718151047826,8.23213611056417e-07,0.9060158133506775,0.3479197323322296,148,5.88,
89,ave_mujica,Ether,285.69,7.811468822183087e-05,1.013784753922664e-06,0.11242757737636566,0.19459712505340576,191,7.89,
90,ave_mujica,The Whole Blue World,257.3,8.24590097181499e-05,8.965051279119507e-07,0.04985770955681801,0.1664474904537201,171,6.96,
92,ave_mujica,素晴らしき世界 でも どこにもない場所,269.5,2.093670264002867e-05,2.2799724774813512e-08,0.0029384612571448088,0.0604722797870636,180,6.81,
95,ave_mujica,Sophie,197.01,9.217376828019042e-06,6.65587478465568e-08,0.014320247806608677,0.2083761990070343,131,5.65,
93,ave_mujica,Angles,275.08,0.027253003790974617,5.067538040748332e-06,0.9810950756072998,0.4309830665588379,183,7.94,
94,ave_mujica,DIVINE,257.63,6.821425813541282e-06,1.5203661973828275e-07,0.01967441663146019,0.10348588973283768,172,7.5,
96,ave_mujica,‘S/’ The Way,227.45,4.847515242545342e-07,2.9527662093187246e-08,7.140021625673398e-05,0.11239349842071533,151,6.49,
97,ave_mujica,碧い瞳の中に,223.96,0.002318697515875101,6.657011908828281e-06,0.9202266335487366,0.35149434208869934,149,6.73,
98,ave_mujica,堕天 (Cover),183.79,8.326205716002733e-06,1.8642209909103258e-07,0.00018954172264784575,0.015178246423602104,122,5.94,
103,various_artists,"Be shine, shining!",96.33,0.0007349790539592505,2.8213768018758856e-05,0.39052069187164307,0.21429085731506348,63,1.23,
101,various_artists,Don't be afraid!,238.8,0.0021474857348948717,1.9147348211845383e-05,0.06553690880537033,0.1449883133172989,159,5.74,
100,ave_mujica,暗黒天国 (Cover),265.32,4.09853964811191e-06,3.4767385415079843e-08,0.0005287698586471379,0.047398556023836136,177,7.12,
102,various_artists,Glee! Glee! Glee!,211.83,0.001461933832615614,6.191266584210098e-05,0.15253545343875885,0.1910826414823532,141,5.83,
104,various_artists,"Here, the world",263.24,0.000659317011013627,2.7205120204598643e-05,0.01060227956622839,0.0751662477850914,175,6.45,
99,ave_mujica,KINGS (Cover),317.63,2.569611751823686e-05,4.472393868582003e-07,0.000753094966057688,0.14522016048431396,212,8.44,
105,various_artists,CiRCLE THANKS MUSiC♪,313.7,1.2057503226969857e-05,3.3513271091578645e-07,0.0010425072396174073,0.008509333245456219,209,7.84,
106,hello_happy_world,キミがいなくちゃっ！,243.77,0.0052773053757846355,0.0003211751754861325,0.31979888677597046,0.19899974763393402,162,6.25,
108,hello_happy_world,スマイルブーケで た〜まや〜！,271.97,0.008011596277356148,0.00033986091148108244,0.12264083325862885,0.10631454735994339,181,7.88,
107,hello_happy_world,ハイファイブ∞あどべんちゃっ,272.43,2.6161314963246696e-05,1.046679130922712e-06,0.001227405620738864,0.05377966910600662,182,8.08,
110,hello_happy_world,YAPPY! SCHOOL CARNIVAL☆彡,235.2,0.0020915681961923838,0.00020784213847946376,0.024677759036421776,0.03292708098888397,157,6.81,
109,hello_happy_world,えがお･シング･あ･ソング,249.2,0.004074123688042164,0.00011976758833043277,0.10391879081726074,0.13767962157726288,166,7.03,
111,hello_happy_world,にこ×にこ=ハイパースマイルパワー！,233.3,4.045703826704994e-05,6.964143040022464e-07,0.0023716341238468885,0.010026377625763416,155,5.95,
112,hello_happy_world,ないすみちゅっ！,257.2,9.338125528302044e-05,3.291909024483175e-06,0.006628029979765415,0.04695018380880356,171,6.72,
113,hello_happy_world,ゴーカ！ごーかい！？ファントムシーフ！,219.84,0.0009208465926349163,6.333126657409593e-05,0.020310774445533752,0.10267306864261627,146,5.74,
115,hello_happy_world,えがおのオーケストラっ！,230.2,0.006696633994579315,0.00025454905699007213,0.2502767741680145,0.16505785286426544,153,6.28,
114,hello_happy_world,うぃーきゃん☆フレフレっ！,239.64,0.00011937238741666079,6.208417289599311e-06,0.014917521737515926,0.13923820853233337,160,6.61,
116,hello_happy_world,にこにこねくと！,250.64,0.04502762481570244,0.002780047245323658,0.883406937122345,0.3199327290058136,167,6.69,
117,hello_happy_world,ふぁいぶスマイル◯オールインっ！,246.3,0.018043112009763718,0.0012536313151940703,0.3612258732318878,0.21051552891731262,164,6.62,
118,hello_happy_world,せかいのっびのびトレジャー！,212.7,0.0002584564790595323,1.5136724869080354e-05,0.003880013944581151,0.03040207363665104,141,5.23,
119,hello_happy_world,きらっ☆と キミフェス！,231.07,0.0002706144587136805,5.595781203737715e-06,0.018557025119662285,0.06236608326435089,154,5.72,
120,hello_happy_world,うちゃパ！で ぱっぴかポーんっ！,217.77,0.0022596074268221855,0.00018981314497068524,0.21125997602939606,0.1768014132976532,145,5.55,
121,hello_happy_world,はれやか すこやか ぴかりんりん♪,256.37,0.003593325847759843,0.00010847148223547265,0.09939472377300262,0.10829027742147446,171,6.08,
122,hello_happy_world,ふわふわ☆ゆめいろサンドイッチ,292.0,0.1822635382413864,0.008801481686532497,0.8513112664222717,0.3213261663913727,195,7.92,
123,hello_happy_world,Happy! Happier! Happiest!,242.9,0.00033322302624583244,8.620278094895184e-06,0.007940770126879215,0.12771591544151306,162,6.74,
124,hello_happy_world,現るっ！大怪盗ハロハッピー！,224.1,0.000207950099138543,2.688015456442372e-06,0.05730697140097618,0.09626328945159912,149,6.24,
125,hello_happy_world,わちゃ・もちゃ・ぺったん行進曲,233.2,0.0010903400834649801,7.65918375691399e-05,0.12792113423347473,0.12279228121042252,155,6.12,
126,hello_happy_world,おもいでイルミネーション,252.7,7.144473784137517e-05,6.060550731490366e-06,0.00223508826456964,0.016758887097239494,168,6.61,
127,hello_happy_world,おもいやりハーモニー,231.5,0.04476248472929001,0.0014827679842710495,0.5584367513656616,0.2519999146461487,154,6.34,
128,hello_happy_world,ハピネスっ！ハピィーマジカルっ♪,210.6,0.0011386192636564374,5.651958053931594e-05,0.03753314167261124,0.14950160682201385,140,5.51,
129,hello_happy_world,えがお、あーゆーれでぃ???,226.3,0.0003878874995280057,1.1920702490897384e-05,0.018260855227708817,0.03079930879175663,151,6.03,
130,hello_happy_world,ハッピーサマーウェディング,284.67,0.00011822297528851777,7.195467787823873e-06,0.004607873503118753,0.006182696670293808,190,6.82,
132,hello_happy_world,ハッピー☆マテリアル,225.03,3.9332546293735504e-05,9.895658195091528e-07,0.000967227213550359,0.09796907752752304,150,5.94,
133,hello_happy_world,太陽曰く燃えよカオス,239.2,0.00012679179781116545,2.887809841922717e-06,0.006188673432916403,0.023899726569652557,159,6.58,
131,hello_happy_world,ひまわりの約束,307.3,0.09382130950689316,0.009132151491940022,0.6494277715682983,0.24732722342014313,205,8.45,
135,hello_happy_world,コレカラ,214.93,8.835868356982246e-05,3.489275286483462e-06,0.003607795573771,0.07577208429574966,143,6.38,
134,hello_happy_world,エクストラ・マジック・アワー,255.3,0.00041448455885984004,8.409372640016954e-06,0.06729377806186676,0.14917081594467163,170,7.18,
136,hello_happy_world,全力少年,241.8,0.0002363342500757426,1.39252715598559e-05,0.028684193268418312,0.11723943799734116,161,6.62,
139,hello_happy_world,ン・パカマーチ,156.0,0.0007407222874462605,1.847571911639534e-05,0.011444390751421452,0.01705274172127247,103,3.69,
137,hello_happy_world,オレンジ,278.4,0.0005549698835238814,2.2759020794183016e-05,0.09073792397975922,0.12482542544603348,186,7.81,
138,hello_happy_world,Happy Girl,238.13,0.0007662533898837864,3.38979261869099e-05,0.02086956426501274,0.06245545670390129,159,6.68,
140,hello_happy_world,サンバロハッピ〜！,216.5,0.001793797709979117,4.062209336552769e-05,0.08445960283279419,0.07781080156564713,144,5.77,
141,hello_happy_world,ボクらの夏's☆ショーたいむっ！！,206.8,0.00029269731021486223,8.483279088977724e-06,0.07910457998514175,0.1499125212430954,137,5.99,
142,hello_happy_world,むすんでわらって,241.97,0.00021482445299625397,9.232412594428752e-06,0.025553833693265915,0.17526723444461823,161,6.2,
143,hello_happy_world,キミを れっつ・はぶ・ふぁん♪,235.0,0.00012756809883285314,6.397916877176613e-06,0.006776012480258942,0.040098052471876144,156,6.04,
144,hello_happy_world,らいふ・いず・みゅーじかるっ♪♪♪,237.7,0.0007547630229964852,3.8359332393156365e-05,0.19101645052433014,0.23903626203536987,158,6.63,
145,hello_happy_world,れっつ・スマイル・すとり〜みんぐっ♪,227.63,0.00026529733440838754,1.2022207556583453e-05,0.012145659886300564,0.14819422364234924,151,6.64,
146,hello_happy_world,やっほー！いっぽ！わんだふぉー！,212.33,0.00014699689927510917,1.1426092896726914e-05,0.007202934939414263,0.07935180515050888,141,5.83,
147,hello_happy_world,とーくとぅみー・とーくとぅゆー,208.57,3.2534047932131216e-05,1.5253672245307826e-06,0.0009659946663305163,0.04544786363840103,139,5.76,
148,hello_happy_world,ハイタッチ／＼びりーばーず☆,254.37,0.00130220886785537,5.563873128267005e-05,0.20386730134487152,0.20870845019817352,169,6.45,
149,hello_happy_world,Listen to Smile!,244.17,0.01475389301776886,0.0008273057173937559,0.3947641849517822,0.2081305980682373,163,6.14,
152,hello_happy_world,上海ハニー (Cover),178.23,0.0006199462804943323,5.75051162741147e-05,0.0034779165871441364,0.011084574274718761,118,4.53,
153,hello_happy_world,シル・ヴ・プレジデント (Cover),193.5,5.513011274160817e-05,1.007159653454437e-06,0.0025239293463528156,0.1329566240310669,129,5.39,
150,hello_happy_world,スマイリーキャロル,247.07,0.045752257108688354,0.0019941937644034624,0.44400933384895325,0.21462848782539368,165,6.39,
151,hello_happy_world,えがお、み〜っけた！,270.2,7.824471686035395e-05,2.0143256733717863e-06,0.008097360841929913,0.0980037972331047,180,6.89,
155,hello_happy_world,はいよろこんで (Cover),160.23,0.0005361182847991586,2.5983696104958653e-05,0.08639271557331085,0.10753343999385834,106,4.72,
154,hello_happy_world,ヒャダインのじょーじょーゆーじょー (Cover),251.1,0.00019701269047800452,4.365952918305993e-06,0.00520568760111928,0.03377678245306015,167,6.71,
157,hello_happy_world,強風オールバック (Cover),135.1,6.174450390972197e-05,6.022520665283082e-06,0.0003330203762743622,0.0006093747797422111,89,3.62,
156,hello_happy_world,シカ色デイズ (Cover),202.17,0.0006468649953603745,5.603110548690893e-05,0.029789285734295845,0.06233140081167221,134,5.32,
159,hello_happy_world,許婚っきゅん (Cover),177.47,0.0005713602295145392,5.4770462156739086e-05,0.012852909974753857,0.015209113247692585,118,4.35,
158,hello_happy_world,最高到達点 (Cover),226.67,0.0011108118342235684,9.053859685081989e-05,0.17181678116321564,0.1310426890850067,151,5.75,
161,hello_happy_world,ドレミファロンド (Cover),200.63,0.003007511142641306,0.0005909474566578865,0.05010219290852547,0.04660705476999283,133,5.01,
160,hello_happy_world,新宝島 (Cover),251.2,0.00014036816719453782,6.8352578637131955e-06,0.015332002192735672,0.09821660816669464,167,6.65,
162,hello_happy_world,きゅうくらりん (Cover),214.83,6.442917947424576e-05,7.176444341894239e-06,0.46471184492111206,0.24085992574691772,143,5.62,
164,hello_happy_world,エイリアンエイリアン (Cover),183.13,6.86382336425595e-05,1.621050387257128e-06,0.01579011045396328,0.01614416018128395,122,4.8,
163,hello_happy_world,ロメオ (Cover),320.2,0.0009407241595908999,3.2707397622289136e-05,0.07181853801012039,0.13254445791244507,214,8.34,
165,hello_happy_world,いーあるふぁんくらぶ (Cover),239.67,0.00019762877491302788,1.2626558600459248e-05,0.0137705747038126,0.037957701832056046,160,6.76,
166,hello_happy_world,回レ！雪月花 (Cover),234.83,6.954486161703244e-05,3.4696081456786487e-06,0.004923657979816198,0.022667063400149345,156,6.29,
167,hello_happy_world,恋愛裁判 (Cover),223.13,0.0013056682655587792,9.12287796381861e-05,0.0509183295071125,0.12214773148298264,148,6.14,
168,hello_happy_world,TOMORROW (Cover),274.9,3.612428918131627e-05,2.2303556761471555e-06,0.007111832033842802,0.0692359209060669,183,7.25,
169,hello_happy_world,GO! GO! MANIAC (Cover),249.1,1.180467734229751e-05,4.6326442770805443e-07,0.00033049355261027813,0.005527062341570854,166,7.11,
170,hello_happy_world,Dragon Night (Cover),228.73,0.0005956314853392541,5.927098456481872e-08,0.16685599088668823,0.1688058227300644,152,6.6,
171,hello_happy_world,ようこそジャパリパークへ (Cover),206.23,9.277079516323283e-05,7.254882802953944e-06,0.006715614814311266,0.017762288451194763,137,6.2,
173,hello_happy_world,おジャ魔女カーニバル!! (Cover),217.37,5.1074632210657e-05,1.8381413156021154e-06,0.006021115463227034,0.011209928430616856,145,5.73,
172,hello_happy_world,ウィーアー！ (Cover),241.13,6.233535532373935e-05,3.7900929328316124e-06,0.0008089676848612726,0.030630022287368774,161,6.28,
174,hello_happy_world,ダーリンダンス (Cover),207.63,1.1429547157604247e-05,6.806532724112913e-07,0.0001305559853790328,0.006430724170058966,138,5.71,
175,hello_happy_world,ノーポイッ！ (Cover),242.97,0.0008712336421012878,4.9933856644202024e-05,0.01783141866326332,0.03202923387289047,162,6.12,
177,hello_happy_world,シルエット (Cover),241.03,4.1070336010307074e-05,2.248558303108439e-06,0.0007385261123999953,0.009030739776790142,160,6.4,
176,hello_happy_world,SHINY DAYS (Cover),262.6,0.0021545742638409138,0.00012262210657354444,0.08062062412500381,0.14598414301872253,175,7.09,
178,ikka_dumb_rock,ホーミー・タイッ！！,215.43,1.4365368770086206e-05,6.419944611479877e-07,0.0003996084851678461,0.002775021130219102,143,6.19,
179,millsage,起死開戦,195.32,0.0006763997953385115,6.926904916326748e-06,0.47874927520751953,0.2726486921310425,130,5.67,
181,morfonica,メランコリックララバイ,216.07,2.7161809157405514e-06,1.0030200314758986e-07,0.007333148270845413,0.09893056005239487,144,4.87,
180,morfonica,Daylight -デイライト-,357.29,4.6456457880594826e-07,1.515317649136705e-08,0.00010773041867651045,0.0019189947051927447,239,10.05,
182,morfonica,flame of hope,252.94,3.753233841052861e-06,1.3245917784843186e-07,4.651239942177199e-05,0.006129677873104811,168,7.16,
184,morfonica,カラフルリバティー,218.83,6.827602919656783e-05,1.924251137097599e-06,0.003359029768034816,0.013195740059018135,146,6.46,
185,morfonica,fly with the night,240.67,0.0017687792424112558,3.913276486855466e-06,0.1895572990179062,0.19651193916797638,160,6.69,
183,morfonica,ブルームブルーム,276.9,1.6860000187080004e-06,6.596737733843838e-08,0.00019675919611472636,0.07443486154079437,185,7.62,
186,morfonica,金色へのプレリュード,271.23,1.2814783985959366e-05,4.794404162566934e-07,0.0022183877881616354,0.018053820356726646,181,6.95,
188,morfonica,ハーモニー・デイ,219.17,7.373788685072213e-05,1.5323475963668898e-06,0.08391658216714859,0.14507360756397247,146,6.37,
187,morfonica,The Circle Of Butterflies,258.77,0.016797062009572983,0.00017547307652421296,0.29271945357322693,0.1914689540863037,172,7.59,
190,morfonica,"寄る辺のSunny, Sunny",215.97,0.0005274798022583127,1.7761278741090791e-06,0.03999374434351921,0.10997770726680756,144,6.65,
189,morfonica,Sweet Cheers!,224.33,0.002463698387145996,0.00010710083734011278,0.053275980055332184,0.17942467331886292,149,6.9,
191,morfonica,誓いのWingbeat,255.0,5.313075962476432e-05,9.767729807208525e-07,0.00850815512239933,0.07170865684747696,170,7.18,
192,morfonica,Ever Sky Blue,241.13,9.823083382798359e-05,3.593559995351825e-06,0.49592310190200806,0.26114532351493835,161,6.66,
193,morfonica,Polyphonyscape,251.43,1.2526293176051695e-05,2.836438284248288e-07,0.16077303886413574,0.18160800635814667,167,6.5,
195,morfonica,Merry Merry Thanks!!,257.73,0.00010981102241203189,4.7484431320299336e-07,0.6511930227279663,0.2798291742801666,172,7.14,
194,morfonica,Wreath of Brave,263.23,0.0002759021008387208,1.2174778930784669e-05,0.019109034910798073,0.14803418517112732,175,7.6,
197,morfonica,両翼のBrilliance,239.8,1.6524563761777245e-05,6.316461735877965e-07,0.0022628381848335266,0.040752310305833817,160,7.32,
196,morfonica,Sonorous,313.27,0.003929342608898878,8.924187568482012e-05,0.18487133085727692,0.23133112490177155,209,8.69,
198,morfonica,Steer to Utopia,216.27,8.938728569773957e-06,5.721395268665219e-07,0.00014264527999330312,0.09190116822719574,144,6.7,
200,morfonica,ティリカモニカリラ,204.07,0.00040324049768969417,3.050031182283419e-06,0.4122675061225891,0.23332037031650543,136,4.51,
199,morfonica,Fateful...,286.83,0.0002457159571349621,4.836510470340727e-06,0.06489789485931396,0.12418841570615768,191,7.89,
201,morfonica,Secret Dawn,238.44,0.0005013378686271608,7.195249963842798e-06,0.3908972144126892,0.24652443826198578,159,6.39,
202,morfonica,Angel's Ladder,253.4,1.9225737560191192e-05,2.2710372604706208e-07,0.001645581447519362,0.005836907774209976,169,6.56,
203,morfonica,One step at a time,263.74,0.00041930441511794925,1.03059719549492e-05,0.07193440943956375,0.09115462005138397,176,6.94,
204,morfonica,Tempest,252.2,7.582725629617926e-06,4.664719881475321e-07,0.0029188315384089947,0.09377685189247131,168,6.87,
205,morfonica,フレージング ミラージュ,263.63,3.220170765416697e-05,7.006796067798859e-07,0.031147310510277748,0.03923455998301506,176,7.32,
206,morfonica,MUGEN Reverberate!,230.33,2.2655796783510596e-05,1.4446537761614309e-06,0.0022284951992332935,0.06725101917982101,153,5.8,
208,morfonica,esora no clover,193.87,0.001459954190067947,9.000179124996066e-05,0.7176279425621033,0.29825153946876526,129,5.48,
207,morfonica,わたしまちがいさがし,273.01,5.278866592561826e-05,1.521655690339685e-06,0.014060196466743946,0.0988423153758049,182,7.91,
209,morfonica,きょうもMerry go rounD,238.04,3.3918581721081864e-06,1.2187006959152313e-08,0.062287166714668274,0.11572375893592834,158,6.4,
210,morfonica,Feathered Dreams,226.37,6.999327888479456e-05,2.1720752556575462e-06,0.0012232851004227996,0.0069384765811264515,151,6.48,
212,morfonica,ビューティ・フォー,189.33,0.00011881052341777831,1.931224687723443e-06,0.0104823037981987,0.11247694492340088,126,4.57,
213,morfonica,胡蝶翔る星月夜,204.67,3.296099748695269e-05,1.272026395326975e-07,0.001917512621730566,0.011034026741981506,136,4.89,
211,morfonica,Portray Empathy,253.3,3.220136204618029e-05,3.725965314060886e-07,0.004390623886138201,0.007038318086415529,169,7.41,
216,morfonica,Shining Leaves,217.97,2.962702274089679e-05,5.669513711836771e-07,0.003565027844160795,0.03244892880320549,145,5.81,
215,morfonica,Resonant Strings,240.38,3.3943062589969486e-05,9.535398248772253e-08,0.0016211190959438682,0.03580315411090851,160,6.13,
214,morfonica,Color of Us,233.73,0.00015414180234074593,2.071786639135098e-06,0.02864808216691017,0.07137496769428253,156,6.5,
219,morfonica,QUEEN (Cover),145.77,4.8418853111797944e-05,3.313915840408299e-06,0.015532130375504494,0.011363659985363483,96,3.65,
218,morfonica,蒼穹へのトレイル,219.17,7.157660547818523e-06,2.2396829990611877e-07,0.0002445376303512603,0.020611675456166267,146,5.86,
217,morfonica,音がえしのセレナーデ,301.77,0.0004944568499922752,8.362675544049125e-06,0.09820722043514252,0.15542162954807281,201,7.36,
220,morfonica,again (Cover),250.8,9.813534416025504e-05,3.241239028284326e-06,0.014840057119727135,0.08105667680501938,167,6.64,
222,morfonica,メロウ (Cover),249.2,0.0020501031540334225,1.5623805666109547e-05,0.18025898933410645,0.18480144441127777,166,7.07,
223,morfonica,祝福 (Cover),194.27,0.0009825152810662985,1.72195395862218e-05,0.28985676169395447,0.22938916087150574,129,5.8,
221,morfonica,輪舞-revolution (Cover),273.5,0.0001126466304413043,3.0722203518962488e-06,0.006621385458856821,0.008634485304355621,182,7.92,
224,morfonica,Overdose (Cover),194.03,0.00042881991248577833,4.96399006806314e-05,0.016720280051231384,0.026759548112750053,129,5.14,
225,morfonica,かくれんぼ (Cover),298.7,2.0967934688087553e-05,4.828731334782788e-07,0.037617914378643036,0.14273138344287872,199,7.4,
226,morfonica,chAngE (Cover),249.57,7.215316873043776e-05,9.026686029756092e-07,0.08338824659585953,0.1805964559316635,166,6.47,
227,morfonica,ALIVE (Cover),216.03,3.27170237142127e-05,1.0716939868871123e-06,0.0019530638819560409,0.02970609813928604,144,6.05,
228,morfonica,Nameless Story (Cover),243.03,0.00014986813766881824,2.9720420116063906e-06,0.01491026021540165,0.1448560506105423,162,6.72,
229,morfonica,青空のラプソディ (Cover),277.37,9.43188788369298e-05,2.4790738279989455e-06,0.003488681511953473,0.06889156997203827,185,7.42,
230,morfonica,Nevereverland (Cover),287.4,4.7589579480700195e-05,2.537694399507018e-06,0.18450042605400085,0.27488017082214355,192,7.72,
231,morfonica,メリッサ (Cover),256.83,7.807692600181326e-05,2.1630830815411173e-06,0.018255263566970825,0.05036136135458946,171,7.27,
232,morfonica,COLORFUL BOX (Cover),238.4,0.00022172590252012014,1.2889139725302812e-05,0.01571572571992874,0.019020546227693558,159,7.16,
233,morfonica,unravel (Cover),237.4,4.293094389140606e-05,3.5447925483822473e-07,0.4431813657283783,0.21646256744861603,158,7.02,
235,morfonica,V.I.P (Cover),193.5,0.0004346574132796377,3.3985681511694565e-05,0.007053789682686329,0.041526444256305695,129,6.11,
236,morfonica,CQCQ (Cover),221.77,8.349772542715073e-06,2.593041870113666e-07,0.00024049775674939156,0.07789487391710281,148,6.12,
234,morfonica,アゲハ蝶 (Cover),280.67,0.00026154390070587397,1.7260585991607513e-06,0.011619721539318562,0.020540952682495117,187,7.87,
237,mugendai_mutype,アイの夢限,200.5,0.0010985640110448003,5.6375258282059804e-05,0.10681253671646118,0.11381503194570541,133,5.04,
238,mugendai_mutype,どんがらがっしゃん,196.53,0.00024597591254860163,4.298071416997118e-06,0.007472672499716282,0.10552006959915161,131,4.8,
239,mugendai_mutype,みゅーたんとミュータント,220.27,1.846053964982275e-05,4.5959825456520775e-07,0.004709470551460981,0.04569540545344353,147,5.03,
240,mugendai_mutype,チューニング,196.02,0.0006379445549100637,5.26766507391585e-06,0.4894683361053467,0.24761071801185608,130,5.01,
242,mugendai_mutype,グラディエント,201.02,0.019560396671295166,0.0010203853016719222,0.18032371997833252,0.11269848048686981,134,5.17,
243,mugendai_mutype,LET'Sあちあちトレーニング！,206.5,5.429043994809035e-06,4.825636779060005e-08,0.004337544087320566,0.07646573334932327,137,5.47,
241,mugendai_mutype,Dream Voyage,262.32,0.00014488476153928787,7.180276497820159e-07,0.11180446296930313,0.1500452160835266,175,6.42,
244,mugendai_mutype,真夜中遊園地,230.0,7.485636615456315e-06,2.3681019456489594e-07,0.00029061600798740983,0.026165174320340157,153,5.61,
245,mugendai_mutype,テレパシー,254.0,0.06327444314956665,0.002323510590940714,0.5917648077011108,0.25147318840026855,169,7.2,
246,mugendai_mutype,TRASH LIFE,213.02,0.00015439189155586064,1.9936601347581018e-06,0.956487774848938,0.3897457420825958,142,6.37,
249,mugendai_mutype,Calling,182.22,1.4376362287293887e-06,1.4629880240590865e-07,2.368088098592125e-05,0.015756873413920403,121,5.39,
248,mugendai_mutype,コミュ着火Fire!,185.02,1.0187178531850805e-06,5.0460347011949125e-08,4.180345422355458e-05,5.821475133416243e-05,123,5.62,
247,mugendai_mutype,新人類は仮想世界の夢を見るか?,234.02,4.219095899316017e-06,1.1839838975902239e-07,6.285702693276107e-05,0.0002992725931107998,156,6.61,
250,mugendai_mutype,Hi-Vision,180.5,4.0168182749766856e-05,1.7370716705045197e-06,0.008568983525037766,0.03982994705438614,120,4.72,
252,mugendai_mutype,✞animaるパーティ✞開催中✞,177.02,3.5064813346252777e-06,7.637654420022955e-08,0.00309733091853559,0.06267625093460083,117,4.2,
251,mugendai_mutype,コハク,220.02,0.0008699962636455894,3.923373697034549e-06,0.07252058386802673,0.08788111060857773,146,6.02,
255,mugendai_mutype,ビッグマウス,173.02,2.656857986949035e-06,1.926093915471938e-07,9.690500155556947e-05,0.0006811987259425223,115,4.68,
253,mugendai_mutype,エンプティパペット,186.02,2.4092085368465632e-05,1.9475795909329463e-07,0.0010238627437502146,0.003297490067780018,124,4.86,
254,mugendai_mutype,限界現実サバイブ天使,196.02,3.7642501411028206e-05,2.193120508309221e-06,0.0025756547693163157,0.0548226535320282,130,5.46,
256,mugendai_mutype,夢現妄想世界,212.19,3.739412932191044e-06,4.228682541906892e-07,7.619085226906464e-05,0.016131693497300148,141,5.19,
257,mugendai_mutype,やわやわNERD 超FreQuency,187.6,1.4830829059064854e-05,9.191599019686691e-07,0.0007360990275628865,0.04939489811658859,125,4.77,
258,mugendai_mutype,超惑星Xへの旅,173.63,3.458379069343209e-05,4.203736807539826e-07,0.0048944964073598385,0.05967641994357109,115,4.0,
261,mygo,壱雫空,189.59,5.003251862945035e-05,2.160765689041e-06,0.01298968493938446,0.12301085144281387,126,4.87,
260,mygo,迷星叫,211.37,6.278631190070882e-05,3.2791219837235985e-06,0.1189604252576828,0.1674959659576416,141,5.63,
259,mugendai_mutype,これはぼくたちの生存のあらすじ,234.77,2.6114155843970366e-05,1.7073404023904004e-06,0.00033288687700405717,0.0004611055483110249,156,6.26,
262,mygo,碧天伴走,218.87,5.25764116900973e-05,2.936126293207053e-06,0.0018759934464469552,0.015032612718641758,146,6.12,
263,mygo,影色舞,209.45,9.787543240236118e-05,1.6565086298214737e-06,0.008920684456825256,0.07470861077308655,139,5.61,
264,mygo,歌いましょう鳴らしましょう,176.49,1.182600772153819e-05,5.455180129843029e-08,0.0012479181168600917,0.01048023346811533,117,4.85,
265,mygo,潜在表明,262.12,0.00018928450299426913,1.0346009730710648e-05,0.004185907077044249,0.011051059700548649,175,6.79,
266,mygo,音一会,282.01,0.0007169542368501425,8.824734322843142e-06,0.02928183041512966,0.1271468997001648,188,7.46,
267,mygo,春日影 (MyGO!!!!! ver.),256.61,0.13815876841545105,0.010977956466376781,0.8327051401138306,0.3283987045288086,171,7.56,
268,mygo,詩超絆,237.2,2.1137195290066302e-05,4.78380854929128e-07,0.5684236288070679,0.26078125834465027,158,6.88,
269,mygo,迷路日々,215.45,0.00011457358777988702,5.306389084580587e-06,0.015423300676047802,0.09248358756303787,143,6.27,
270,mygo,無路矢,222.93,0.0008878789376467466,3.823108636424877e-05,0.02142799086868763,0.027834882959723473,148,6.5,
272,mygo,栞,266.41,0.4662819504737854,0.061139196157455444,0.9457824230194092,0.3482576310634613,178,6.96,
271,mygo,名無声,271.65,0.00010043807560577989,6.328845302050468e-06,0.16693691909313202,0.19567574560642242,181,8.16,
275,mygo,孤壊牢,215.57,2.781311923172325e-05,4.4279568101046607e-07,0.0016017216257750988,0.06633342057466507,143,6.31,
273,mygo,歩拾道,260.28,0.0021193246357142925,3.5026932891923934e-05,0.029977945610880852,0.027942143380641937,173,7.56,
276,mygo,霧周途,222.17,4.304538742871955e-05,2.492635985618108e-06,0.000611160765402019,0.006248220801353455,148,6.41,
274,mygo,明弦音,243.92,0.00013416112051345408,4.120262474316405e-06,0.003075473941862583,0.010695825330913067,162,6.96,
278,mygo,処救生,217.49,8.005394920473918e-05,4.896779046248412e-06,0.007221186999231577,0.049447622150182724,145,5.84,
280,mygo,夜隠染,200.97,0.0007350732339546084,1.6479996702400967e-05,0.05713118985295296,0.10229763388633728,134,5.66,
279,mygo,輪符雨,207.57,3.5204422601964325e-05,2.68763233179925e-06,0.000523636001162231,0.025851020589470863,138,5.81,
277,mygo,端程山,260.97,0.00014147030015010387,1.467286710976623e-05,0.005819614510983229,0.19852745532989502,174,7.13,
281,mygo,過惰幻,237.61,0.8795555830001831,0.12181005626916885,0.9989542365074158,0.3328150510787964,158,6.01,
282,mygo,回層浮,261.24,0.0001908165868371725,4.968364464730257e-06,0.0060687619261443615,0.007394124288111925,174,6.37,
283,mygo,砂寸奏,223.6,1.2868447811342776e-05,8.36548906590906e-07,0.0009015341056510806,0.004945741966366768,149,5.93,
287,mygo,証命讃歌,192.2,5.870715995115461e-06,1.3353593431020272e-07,0.00013807759387418628,0.0008828776772134006,128,5.68,
286,mygo,掌心正銘,221.47,5.7247752920375206e-06,9.976375281439687e-08,0.0003129027027171105,0.02416214346885681,147,6.33,
284,mygo,焚音打,242.92,9.511759708402678e-05,2.0998370473535033e-06,0.0037005841732025146,0.12300571799278259,162,6.75,
285,mygo,残痕字,255.07,3.215255856048316e-05,5.203389150665316e-07,0.0011124593438580632,0.03481152281165123,170,7.08,
288,mygo,エガクミライ,239.41,0.047881852835416794,0.001925829448737204,0.32986781001091003,0.1881377100944519,159,6.35,
294,mygo,雑踏、僕らの街 (Cover),188.23,0.0002461399126332253,1.004851765173953e-05,0.007653623353689909,0.1324038952589035,125,5.33,
290,mygo,聿日箋秋,236.36,0.0003394066297914833,1.7338970792479813e-05,0.020208150148391724,0.13192018866539001,157,6.44,
289,mygo,静降想,278.19,0.00031078082975000143,6.170332198962569e-06,0.16889964044094086,0.20148590207099915,185,7.91,
292,mygo,だれかの心臓になれたなら (Cover),236.37,0.00012996960140299052,9.73987198449322e-07,0.09247811883687973,0.22232738137245178,157,6.52,
293,mygo,遥か彼方 (Cover),249.23,0.0003217491612304002,2.107688123942353e-05,0.006664971821010113,0.007583640515804291,166,6.65,
291,mygo,往欄印,298.15,2.130445409420645e-06,3.79073448186773e-08,0.00019608954607974738,0.0509343147277832,199,7.68,
300,mygo,春日影,123.01,0.7577958106994629,0.15855950117111206,0.978183925151825,0.3091660141944885,81,3.35,
297,mygo,ノンブレス・オブリージュ (Cover),207.25,0.0018473814707249403,0.00012491953384596854,0.6934565305709839,0.26611775159835815,138,5.68,
298,mygo,swim (Cover),209.55,2.3014304133539554e-06,1.0562667540625625e-07,0.00037291081389412284,0.059891633689403534,139,6.07,
295,mygo,過去を喰らう (Cover),240.48,2.8865810236311518e-05,8.214827857955243e-07,0.0009089927771128714,0.021059805527329445,160,7.3,
296,mygo,君の神様になりたい。 (Cover),249.33,0.00011878626537509263,9.922832759912126e-06,0.0025454089045524597,0.006221192888915539,166,7.25,
299,mygo,猛独が襲う (Cover),254.32,3.2302611998602515e-06,5.266013545224268e-07,0.00014556040696334094,0.013770751655101776,169,6.63,
301,pastel_palettes,TITLE IDOL,268.37,0.007076967973262072,0.0002475043584126979,0.14482039213180542,0.17816980183124542,179,6.92,
302,pastel_palettes,ワクワクmeetsトリップ,247.3,0.00020719922031275928,1.6207839507842436e-05,0.005002921912819147,0.05505606532096863,165,7.15,
303,pastel_palettes,ゆら・ゆらRing-Dong-Dance,265.14,8.759424963500351e-05,1.8187655541623826e-06,0.017432762309908867,0.08289685100317001,177,7.7,
306,pastel_palettes,天下トーイツ A to Z☆,218.57,2.9559885661001317e-05,8.533208983863005e-07,0.0023091761395335197,0.012008518911898136,145,6.67,
304,pastel_palettes,もういちど ルミナス,260.04,4.908090704702772e-05,1.0500295957172057e-06,0.39285996556282043,0.25097712874412537,173,7.28,
305,pastel_palettes,あっつあつ 常夏 らぶ☆サマー！,246.87,0.001060806680470705,4.200916373520158e-05,0.04062923043966293,0.04501907154917717,164,7.33,
307,pastel_palettes,しゅわりん☆どり〜みん,236.37,1.7939517420018092e-05,9.082152132577903e-07,0.004449949599802494,0.12690158188343048,157,5.84,
308,pastel_palettes,Power of LOVE!!!,231.7,2.3836028049117886e-05,1.653673507462372e-06,0.002303950022906065,0.03465224429965019,154,5.9,
309,pastel_palettes,きゅ～まい＊flower,220.6,0.0018182771746069193,2.3707683794782497e-05,0.057243019342422485,0.08033062517642975,147,5.52,
312,pastel_palettes,はなまる◎アンダンテ,226.47,0.003051779931411147,0.00027315568877384067,0.5311643481254578,0.26833248138427734,151,5.93,
310,pastel_palettes,Winking☆Cheer,310.07,0.23169641196727753,0.018388301134109497,0.924793004989624,0.3339184820652008,207,7.39,
311,pastel_palettes,ゆめゆめグラデーション,284.73,0.0006227282574400306,1.3683418728760444e-05,0.06178721785545349,0.15463018417358398,190,7.24,
313,pastel_palettes,パスパレボリューションず☆,231.33,0.003100234316661954,0.00012433792289812118,0.07132481038570404,0.13431614637374878,154,5.89,
314,pastel_palettes,SURVIVOR ねばーぎぶあっぷ!,248.63,0.0001588946470292285,8.074738616414834e-06,0.0025091376155614853,0.005350784864276648,166,6.5,
316,pastel_palettes,ゼッタイ宣言～Recital～,241.53,0.00012999102182220668,3.286441597083467e-06,0.028349174186587334,0.10511693358421326,161,6.59,
315,pastel_palettes,Wonderland Girl,271.03,4.843295391765423e-05,8.942269573708472e-07,0.0013908261898905039,0.003500658553093672,181,7.69,
318,pastel_palettes,Wonderful Sweet!,247.4,1.0335085789847653e-05,4.6840304435136204e-07,0.0007015953888185322,0.01317762304097414,165,7.13,
317,pastel_palettes,ぎゅっDAYS♪,251.63,0.00019720912678167224,1.898765731311869e-05,0.004612477961927652,0.021056804805994034,168,7.15,
319,pastel_palettes,るんっ♪てぃてぃー！,229.27,6.323276465991512e-06,4.075258175362251e-07,0.0003500563034322113,0.13362649083137512,153,6.46,
320,pastel_palettes,パッパレ☆人生！バーン万歳！,239.53,0.0006647354457527399,2.432988003420178e-05,0.03362806886434555,0.12171924114227295,159,5.98,
322,pastel_palettes,あこがれacross,234.57,0.0004856507002841681,6.0383358686522115e-06,0.03957829251885414,0.11157218366861343,156,5.98,
321,pastel_palettes,Brand new Pastel Road!,255.5,1.1295331205474213e-05,1.7588909884125314e-07,0.02594347856938839,0.17081260681152344,170,6.78,
323,pastel_palettes,ハレハレ☆フォーチュン,270.47,0.00010072265285998583,2.1648961592291016e-06,0.03731793165206909,0.04839186370372772,180,7.3,
324,pastel_palettes,ハナヒバナ,274.2,0.01826748065650463,0.0006894452380947769,0.50457364320755,0.2339962273836136,183,7.39,
325,pastel_palettes,そばかす,250.57,0.0011292643612250686,8.90460614755284e-06,0.18509438633918762,0.15061625838279724,167,7.08,
328,pastel_palettes,ラムのラブソング,162.4,0.006791990250349045,0.0003772981290239841,0.07819516956806183,0.08841980248689651,108,4.8,
326,pastel_palettes,気まぐれロマンティック,243.77,0.0007498959312215447,2.8027532607666217e-05,0.7387019991874695,0.3147399127483368,162,6.97,
327,pastel_palettes,ドリームパレード,234.7,0.00015297136269509792,7.917185939732008e-06,0.002824990311637521,0.02529863268136978,156,6.03,
329,pastel_palettes,DANCE! おジャ魔女,196.5,0.0011529569746926427,8.312337740790099e-05,0.027115391567349434,0.02035585790872574,131,5.04,
330,pastel_palettes,DISCOTHEQUE,243.27,0.0009390937048010528,7.561689562862739e-05,0.031024053692817688,0.03465969115495682,162,6.37,
331,pastel_palettes,ゆりゆららららゆるゆり大事件,229.27,0.000503573683090508,1.0082954986501136e-06,0.008971644565463066,0.013530382886528969,153,5.79,
332,pastel_palettes,SAKURAスキップ,228.83,0.0003073133702855557,2.198244328610599e-05,0.009166837669909,0.04607703909277916,152,5.96,
333,pastel_palettes,Stay Alive,263.97,0.0013268685434013605,7.793283657520078e-06,0.79189133644104,0.31147804856300354,176,6.78,
334,pastel_palettes,秘密の扉から会いにきて,218.6,4.622299093171023e-05,2.3033689444673655e-07,0.001275600865483284,0.012330295518040657,145,5.97,
335,pastel_palettes,トリドリ＊パレット,252.23,0.0005838673678226769,8.332999277627096e-05,0.01830538734793663,0.03397473692893982,168,6.41,
337,pastel_palettes,Radiate Warriors,240.33,0.0003897669957950711,6.829352514614584e-06,0.010228014551103115,0.014666215516626835,160,6.47,
336,pastel_palettes,ドラマチック！アライブ,259.53,0.0007037514005787671,7.125051524781156e-06,0.016673075035214424,0.020146839320659637,173,7.76,
338,pastel_palettes,ReReReエボリューションず☆,214.47,4.1724029870238155e-05,1.1326010280754417e-06,0.046932194381952286,0.22569096088409424,143,5.79,
339,pastel_palettes,everyday flower,240.3,0.006406533066183329,0.0003268715227022767,0.16489697992801666,0.15901322662830353,160,6.38,
340,pastel_palettes,With〜きみとわたしたちの物語〜,245.87,0.004828700330108404,0.00024769495939835906,0.5246906876564026,0.24278372526168823,164,6.81,
341,pastel_palettes,フレっとパレットFight Song!!,241.97,0.0003461344458628446,4.834458650293527e-06,0.015645146369934082,0.021758712828159332,161,5.73,
342,pastel_palettes,デイオフ・ラフ・ラブ・サンクス,243.7,0.006551365368068218,0.0004064407548867166,0.13829049468040466,0.15349023044109344,162,5.93,
343,pastel_palettes,ホワイト ノスタルジア,283.83,0.004241079557687044,0.0001365277566947043,0.3531508147716522,0.2159978151321411,189,7.66,
344,pastel_palettes,Y.O.L.O！！！！！(パスパレver.),268.87,0.0036580662708729506,0.00014925762661732733,0.04130448400974274,0.06689458340406418,179,7.66,
346,pastel_palettes,Sparkling Daydream (Cover),249.23,2.467683589202352e-05,8.074568569327312e-08,0.0013010273687541485,0.14680041372776031,166,7.27,
347,pastel_palettes,春を告げる (Cover),198.93,0.0005956693203188479,7.388367066596402e-06,0.06875854730606079,0.1077788919210434,132,6.43,
345,pastel_palettes,奏（かなで） (Cover),294.37,0.3955630660057068,0.0382431223988533,0.8768409490585327,0.30817756056785583,196,8.42,
348,pastel_palettes,だから、ひとりじゃない (Cover),230.13,0.033750999718904495,0.002327893627807498,0.46317780017852783,0.24253018200397491,153,6.22,
349,pastel_palettes,サインはB (Cover),215.4,0.00015135320427361876,7.224542173389636e-07,0.0019816868007183075,0.008884962648153305,143,5.44,
350,pastel_palettes,愛包ダンスホール (Cover),222.8,8.740389603190124e-06,6.324734158624779e-07,0.0004921943764202297,0.01725052297115326,148,6.01,
351,pastel_palettes,最上級にかわいいの！ (Cover),191.33,0.016042441129684448,0.0012705205008387566,0.21620655059814453,0.15132828056812286,127,4.94,
352,pastel_palettes,♡桃色片想い♡ (Cover),257.57,0.0003522728511597961,1.544242877571378e-05,0.02102508582174778,0.04537416249513626,172,7.04,
353,pastel_palettes,金曜日のおはよう (Cover),241.73,0.0009376191883347929,1.1519003237481229e-05,0.10983237624168396,0.13919271528720856,161,6.88,
354,pastel_palettes,魔法少女とチョコレゐト (Cover),187.96,6.229684368008748e-05,2.594611260064994e-06,0.005123451817780733,0.07451605796813965,125,5.8,
357,pastel_palettes,みくみくにしてあげる♪【してやんよ】 (Cover),103.53,1.7172460502479225e-05,8.071830848166428e-07,0.007633980363607407,0.01957712695002556,68,2.9,
355,pastel_palettes,可愛くてごめん (Cover),220.27,0.0068715219385921955,0.00043423252645879984,0.13157406449317932,0.21732215583324432,147,5.4,
356,pastel_palettes,からくりピエロ (Cover),252.23,0.0021426714956760406,4.5384666009340435e-05,0.18275269865989685,0.16585078835487366,168,5.72,
359,pastel_palettes,アイドル (Cover),214.37,1.386685744364513e-05,5.924550805502804e-07,0.00043923023622483015,0.10260605067014694,143,5.28,
358,pastel_palettes,ルカルカ★ナイトフィーバー (Cover),242.0,9.749974560691044e-05,3.6042270039615687e-06,0.035556141287088394,0.1859559267759323,161,6.54,
361,pastel_palettes,ふわふわ時間 (Cover),245.23,7.174775964813307e-05,5.870450650036219e-07,0.002998886862769723,0.17809222638607025,163,6.62,
362,pastel_palettes,Fantastic future (Cover),246.9,0.0005973458755761385,1.4901924259902444e-05,0.03126543387770653,0.07215365767478943,164,6.44,
360,pastel_palettes,secret base ～君がくれたもの～ (Cover),322.0,0.6723062992095947,0.05318169668316841,0.9760695695877075,0.3478976786136627,215,8.35,
363,pastel_palettes,Baby Sweet Berry Love (Cover),244.23,0.00013186558499000967,1.1083063327532727e-05,0.058691252022981644,0.060723114758729935,163,6.62,
366,pastel_palettes,惑星ループ (Cover),206.77,1.6811716704978608e-05,5.108221898808551e-07,0.0047260732389986515,0.048266712576150894,137,5.19,
365,pastel_palettes,ヒトリゴト (Cover),235.27,0.0017140922136604786,1.0175003808399197e-05,0.038131725043058395,0.04277438297867775,157,5.97,
364,pastel_palettes,Q＆A　リサイタル！ (Cover),291.2,4.480457573663443e-05,3.966481926909182e-06,0.0011278525926172733,0.07174018025398254,194,7.58,
368,pastel_palettes,ハッピーシンセサイザ (Cover),238.0,3.0023817089386284e-05,4.4621432948588335e-07,0.0004430491535458714,0.005918231327086687,158,6.4,
367,pastel_palettes,世界は恋に落ちている (Cover),313.2,0.03296402096748352,0.00012643651280086488,0.3818639814853668,0.17785100638866425,209,8.05,
369,pastel_palettes,春擬き (Cover),269.03,0.000675579474773258,1.7895321434480138e-05,0.0820939689874649,0.18501721322536469,179,7.42,
371,pastel_palettes,花ハ踊レヤいろはにほ (Cover),251.1,5.732053978135809e-05,1.9397919004404685e-06,0.03505660593509674,0.1481887400150299,167,7.16,
370,pastel_palettes,Make it! (Cover),252.4,5.8172561693936586e-05,1.222220102903293e-08,0.005872179754078388,0.11838354170322418,168,7.37,
372,pastel_palettes,夜に駆ける (Cover),262.6,0.002795248292386532,7.801818719599396e-05,0.1197696328163147,0.13788005709648132,175,7.16,
373,pastel_palettes,徒花ネクロマンシー (Cover),242.7,2.0955335457983892e-06,1.377613187969473e-07,2.7538462745724246e-05,0.04113277420401573,162,6.29,
374,pastel_palettes,ノスタルジックレインフォール (Cover),237.03,0.0021245810203254223,5.005449565942399e-05,0.536999523639679,0.26761776208877563,158,6.2,
375,poppin_party,Yes! BanG_Dream!,309.97,1.7006606867653318e-05,4.22282312229072e-07,0.00028792174998670816,0.006430689711123705,207,8.13,
378,poppin_party,ティアドロップス,217.13,2.7847897854371695e-06,2.2117291109680082e-08,0.00011086719314334914,0.030467675998806953,144,6.2,
377,poppin_party,走り始めたばかりのキミに,260.97,5.4216452554101124e-05,2.8168966537123197e-07,0.23246179521083832,0.2479131668806076,174,6.99,
376,poppin_party,STAR BEAT!～ホシノコドウ～,320.73,0.00012930291995871812,3.598962393880356e-06,0.016959795728325844,0.19612926244735718,214,8.17,
379,poppin_party,ときめきエクスペリエンス！,257.67,7.668530088267289e-06,2.7806450475509337e-07,0.001479228027164936,0.1600366234779358,172,6.92,
380,poppin_party,キラキラだとか夢だとか ～Sing Girls～,305.9,0.00019389449153095484,2.8120382467022864e-06,0.02936250902712345,0.061619579792022705,204,7.63,
381,poppin_party,私の心はチョココロネ,252.9,0.0006497496506199241,3.736875805770978e-05,0.15757247805595398,0.20612376928329468,168,6.41,
384,poppin_party,ティアドロップス ～Popipa Acoustic Ver.～,232.73,0.44057661294937134,0.05950865149497986,0.9172150492668152,0.30800744891166687,155,6.79,
383,poppin_party,夢みるSunflower,279.9,5.8054116379935294e-05,6.156195695439237e-07,0.11410296708345413,0.2198394387960434,187,7.84,
382,poppin_party,前へススメ！,309.47,0.00035026727709919214,1.195486038341187e-05,0.30303889513015747,0.19324207305908203,206,8.31,
385,poppin_party,走り始めたばかりのキミに ～Popipa Acoustic Ver.～,296.17,0.842792272567749,0.20054320991039276,0.99357008934021,0.3122097849845886,198,8.08,
386,poppin_party,Time Lapse,249.0,3.505487597976753e-07,1.0573431907801023e-08,0.0036870846524834633,0.037066664546728134,166,6.76,
387,poppin_party,八月のif,275.73,0.0032496226485818624,0.00012679306382779032,0.5313915014266968,0.2665010690689087,184,7.08,
389,poppin_party,B.O.F,218.9,0.0006698971264995635,2.0612242224160582e-05,0.036050036549568176,0.07182734459638596,146,5.59,
390,poppin_party,CiRCLING,261.33,2.1176456357352436e-05,6.277436455093266e-07,0.0010177545482292771,0.03697473183274269,174,6.5,
388,poppin_party,クリスマスのうた,277.37,2.5637098588049412e-05,1.7547473589729634e-06,0.012096714228391647,0.0653960108757019,185,7.89,
391,poppin_party,二重の虹(ダブル レインボウ),246.23,3.6764518881682307e-05,4.916290663459222e-07,0.17913317680358887,0.19899314641952515,164,6.68,
392,poppin_party,最高(さあ行こう)！,228.87,7.764072506688535e-06,6.339988090076076e-07,0.0005692551494576037,0.014058384113013744,152,6.17,
393,poppin_party,ガールズコード,325.23,9.633529407437891e-05,3.3441788218624424e-06,0.043648432940244675,0.11839096993207932,217,7.79,
394,poppin_party,Yes! BanG_Dream! ～Popipa Acoustic Ver.～,308.4,0.5122064352035522,0.0372488908469677,0.9378670454025269,0.3386196792125702,206,8.07,
395,poppin_party,夏空 SUN! SUN! SEVEN! ～Popipa Acoustic Ver.～,299.93,0.3535110354423523,0.015727749094367027,0.8425707221031189,0.31436967849731445,200,8.24,
397,poppin_party,Breakthrough!,275.8,2.5718019969644956e-05,1.0184955954173347e-06,0.0028838147409260273,0.10137055814266205,184,7.99,
396,poppin_party,STAR BEAT!～ホシノコドウ～ ～Popipa Acoustic Ver.～,327.73,0.9032427668571472,0.37525227665901184,0.9842769503593445,0.2547990679740906,219,8.88,
398,poppin_party,NO GIRL NO CRY/Poppin'Party Ver.,312.8,4.624010034603998e-05,7.387937444036652e-07,0.004952543415129185,0.04087762534618378,209,8.26,
399,poppin_party,イニシャル,295.24,2.2904976503923535e-05,8.159506705851527e-07,0.029088471084833145,0.1520521491765976,197,7.79,
401,poppin_party,Step×Step!,249.0,6.45030231680721e-05,1.418770125383162e-06,0.5578420758247375,0.2596149146556854,166,6.18,
400,poppin_party,Hello! Wink!,281.93,3.2690018088032957e-06,1.747290667708512e-07,0.0002972460351884365,0.010277431458234787,188,7.52,
402,poppin_party,Jumpin',247.87,2.3178194169304334e-05,1.861571092831582e-07,0.7907994389533997,0.2935962975025177,165,6.92,
404,poppin_party,キラキラスター！,275.97,0.00011952994827879593,3.550842848198954e-06,0.019189514219760895,0.10277575254440308,184,7.07,
403,poppin_party,White Afternoon,299.97,0.0008523830911144614,6.921173280716175e-06,0.0409771129488945,0.11397877335548401,200,7.65,
406,poppin_party,Dreamers Go!,258.0,5.356634937925264e-05,1.1149993497383548e-06,0.0525398924946785,0.14576183259487152,172,6.71,
405,poppin_party,Returns,323.17,0.0006426036125048995,7.395852207991993e-06,0.8506752252578735,0.3283773958683014,216,8.33,
407,poppin_party,キズナミュージック♪,315.4,0.00015222004731185734,4.447371793503407e-06,0.03249518200755119,0.1015850231051445,210,8.18,
409,poppin_party,夢を撃ち抜く瞬間に！,280.57,6.506340287160128e-05,8.154303259289009e-07,0.0933338850736618,0.2016775906085968,187,7.82,
410,poppin_party,ぽっぴん'しゃっふる,278.18,7.773467223159969e-05,2.3478678485844284e-06,0.001920598791912198,0.017878299579024315,185,7.45,
408,poppin_party,ミライトレイン,355.67,0.00041409104596823454,1.7404043319402263e-05,0.14679476618766785,0.23201224207878113,238,9.13,
411,poppin_party,夏空 SUN! SUN! SEVEN!,271.17,2.764731107163243e-05,3.4104451174243877e-07,0.0010074045276269317,0.006642445921897888,181,7.38,
413,poppin_party,HAPPY HAPPY PARTY!,282.45,3.072037361562252e-05,9.419022148904332e-07,0.0007491030846722424,0.05057361349463463,188,8.35,
412,poppin_party,1000回潤んだ空,330.77,0.0008851534803397954,2.3686004624323687e-06,0.948250412940979,0.4002498388290405,221,9.89,
415,poppin_party,キミにもらったもの,235.43,0.6374028325080872,0.0034370350185781717,0.9893728494644165,0.41730383038520813,157,6.57,
414,poppin_party,夏のドーン！,221.35,0.00031234711059369147,2.6719621928350534e-06,0.032996177673339844,0.17959505319595337,147,6.59,
416,poppin_party,Light Delight,308.83,0.00010992874740622938,3.736101461981889e-06,0.01902126334607601,0.14522354304790497,206,7.7,
417,poppin_party,切ないSandglass,246.47,0.00041481654625386,1.3700810086447746e-06,0.35014548897743225,0.19625139236450195,164,6.16,
418,poppin_party,Home Street,228.0,0.00021337828366085887,4.35385481978301e-06,0.12199190258979797,0.18269389867782593,152,5.31,
419,poppin_party,What's the POPIPA!?,278.67,1.2991825997232809e-06,8.221449832035432e-08,9.207249968312681e-05,0.008306958712637424,186,7.52,
420,poppin_party,SAKURA MEMORIES,254.6,0.0007585566490888596,2.8563117666635662e-05,0.17503949999809265,0.2349671572446823,170,6.94,
421,poppin_party,アニバーサリー,273.83,1.9276259990874678e-05,9.234208278030565e-07,0.0018178813625127077,0.1058935821056366,183,7.5,
422,poppin_party,Tomorrow's Door,247.6,6.314941856544465e-06,3.1474669981435e-07,0.00046028965152800083,0.053239598870277405,165,6.87,
423,poppin_party,イントロダクション,221.4,8.474435162497684e-05,2.4725020466576098e-06,0.00892572570592165,0.0780990868806839,147,6.63,
424,poppin_party,TARINAI,219.63,4.450489541341085e-06,1.6557410731365962e-07,0.00029284373158589005,0.002065753797069192,146,5.58,
425,poppin_party,DOKI DOKI SCARY,240.36,3.655571345007047e-05,2.242630216642283e-06,0.0004625094588845968,0.014889311976730824,160,5.62,
426,poppin_party,Photograph,258.07,5.075102671980858e-05,2.746080781435012e-06,0.07204562425613403,0.14480102062225342,172,6.83,
427,poppin_party,夏に閉じこめて,261.64,0.0028133185114711523,4.6518369344994426e-05,0.4437493681907654,0.25172168016433716,174,7.27,
428,poppin_party,ぽっぴん'どりーむ！,269.77,2.535281964810565e-05,8.26426344247011e-07,0.005280783399939537,0.05266730487346649,180,7.4,
429,poppin_party,星の約束,245.13,0.0001279407151741907,4.0681998143554665e-06,0.01727200113236904,0.11568715423345566,163,6.84,
430,poppin_party,新しい季節に,211.8,2.5015828214236535e-05,2.281818069604924e-06,0.008931300602853298,0.13413424789905548,141,6.33,
431,poppin_party,トレモロアイズ,241.4,0.00014630818623118103,1.1328821528877597e-05,0.053311169147491455,0.1403220146894455,161,5.81,
432,poppin_party,雨上がり、キミと,265.91,7.54821894588531e-06,2.6075309733641916e-07,0.14224913716316223,0.1427992433309555,177,6.86,
433,poppin_party,花咲く未来に,276.13,2.3970194888534024e-05,1.1454091008999967e-06,0.0011392879532650113,0.016185063868761063,184,7.23,
436,poppin_party,キミが始まる！,218.23,0.000118974108772818,6.1957766774867196e-06,0.004438688512891531,0.05464830622076988,145,5.88,
435,poppin_party,Sweets BAN!,255.87,3.3761294616851956e-05,2.969573188238428e-06,0.0005366912228055298,0.0051515852101147175,170,6.68,
434,poppin_party,Live Beyond!!,314.6,1.5308864021790214e-05,4.949726530867338e-07,0.003259580349549651,0.09783327579498291,210,8.18,
437,poppin_party,Moonlight Walk,226.57,7.576843472634209e-06,4.167576435065712e-07,0.0002880890970118344,0.0063705905340611935,151,6.26,
438,poppin_party,ここから先は歌にならない,277.6,4.388845627545379e-05,1.7990716969507048e-06,0.0019686769228428602,0.07111705839633942,185,7.52,
440,poppin_party,Future Place,232.97,0.00012901781883556396,4.362694198789541e-06,0.002906559268012643,0.025612613186240196,155,6.38,
439,poppin_party,青春 To Be Continued,256.37,1.1700164577632677e-05,8.63291447217307e-08,0.0005708105745725334,0.00531809963285923,171,7.45,
441,poppin_party,大好き！,247.46,3.8458380004158244e-05,2.8231690976099344e-06,0.008659805171191692,0.09247510135173798,165,6.62,
442,poppin_party,Five Letters,249.23,0.0005146278999745846,7.039176125545055e-06,0.40430396795272827,0.2238086313009262,166,6.67,
443,poppin_party,最強☆ソング,255.13,0.00040529394755139947,3.0867179248161847e-06,0.02349049597978592,0.05869930610060692,170,6.48,
446,poppin_party,とっておきAnswer,196.8,2.674279676284641e-05,1.334912212769268e-06,0.0016868478851392865,0.03339867293834686,131,4.66,
444,poppin_party,RiNG A BELL,261.07,2.5467888917773962e-05,1.4068577911530156e-06,0.002714025555178523,0.030410071834921837,174,7.31,
445,poppin_party,Drive Your Heart,268.87,3.9749161260260735e-06,2.659226083778776e-07,0.003902343800291419,0.06509436666965485,179,7.58,
447,poppin_party,START!! True dreams,242.88,5.566771505982615e-06,2.0910046316657827e-07,0.003365494078025222,0.1148412898182869,162,6.93,
448,poppin_party,どきどきデエト,217.33,0.00010964776447508484,6.685570951958653e-06,0.002181161195039749,0.01214749738574028,145,6.09,
449,poppin_party,チョコレイトの低音レシピ,271.02,0.0004461531061679125,1.4073258398639155e-06,0.3570796847343445,0.2097356617450714,181,6.58,
450,poppin_party,Chu Chueen!,229.9,1.4181850929162465e-06,1.7958900144776635e-08,3.900407318724319e-05,0.006458574440330267,153,5.84,
453,poppin_party,Game Changer,195.77,2.128817868651822e-06,9.887614993431271e-08,3.77170872525312e-05,0.005715439096093178,130,4.97,
454,poppin_party,花園電気ギター！！！,199.06,7.232471944007557e-06,6.204199820558642e-08,0.00025255323271267116,0.021726762875914574,132,4.96,
451,poppin_party,どきどきSING OUT!,248.18,0.0005534730153158307,5.5075157433748245e-05,0.016905950382351875,0.14707833528518677,165,6.88,
452,poppin_party,Freedom,264.57,5.630790474242531e-05,3.0076166694925632e-06,0.022662309929728508,0.09020421653985977,176,7.04,
455,poppin_party,す、好きなんかじゃない！,236.94,0.00044054380850866437,8.14062514109537e-06,0.14453446865081787,0.20879727602005005,158,6.09,
456,poppin_party,遠い音楽 ～ハートビート～,243.16,0.009597357362508774,0.0010979082435369492,0.13831253349781036,0.11445248872041702,162,6.4,
457,poppin_party,ほな！,227.2,2.458482595102396e-05,4.584617840919236e-07,0.0006536255241371691,0.0027592801488935947,151,5.97,
458,poppin_party,世界中の青空をあつめて,230.4,2.9100256142555736e-05,3.646467803264386e-07,0.0012383501743897796,0.13597571849822998,153,5.79,
459,poppin_party,勇気Limit！,222.64,9.111057443078607e-05,2.848252506737481e-06,0.0025218860246241093,0.0551808662712574,148,5.55,
460,poppin_party,開けたらDream!,309.03,1.0172420843446162e-05,5.735928425565362e-07,0.00030531210359185934,0.005407525226473808,206,7.27,
461,poppin_party,絆色のアンサンブル,312.1,1.8494247342459857e-05,3.7050503465252405e-07,0.009494893252849579,0.1696508526802063,208,7.4,
463,poppin_party,ちゅ、多様性。 (Cover),188.09,5.219674130785279e-05,1.4940720802769647e-06,0.003249378874897957,0.015978246927261353,125,5.07,
464,poppin_party,フィクション (Cover),232.0,0.000321447616443038,1.260214685316896e-05,0.025721000507473946,0.11370687931776047,154,6.68,
462,poppin_party,NO GIRL NO CRY (Poppin'Party Ver.),312.8,4.624010034603998e-05,7.387937444036652e-07,0.004952543415129185,0.04087762534618378,209,8.64,
465,poppin_party,幾億光年 (Cover),275.4,0.0009906381601467729,5.6963028328027576e-05,0.3039070963859558,0.21766717731952667,184,7.34,
467,poppin_party,じょいふる (Cover),194.6,2.766413672361523e-05,2.3439829419658054e-06,0.0022816492710262537,0.04324107617139816,129,5.81,
466,poppin_party,心絵 (Cover),256.67,9.479802429268602e-06,2.41680936596822e-07,0.018036331981420517,0.04677687957882881,171,6.95,
468,poppin_party,MATSURI BAYASHI (Cover),231.13,0.00012548090307973325,2.143629899364896e-06,0.003635333850979805,0.013274039141833782,154,5.83,
470,poppin_party,トウキョウ・シャンディ・ランデヴ (Cover),186.87,5.500952829606831e-05,5.388273166317958e-06,0.0019704955630004406,0.017176883295178413,124,4.89,
469,poppin_party,私は最強 (Cover),257.93,6.087590736569837e-05,1.7437068891013041e-06,0.010828846134245396,0.0275610089302063,172,6.68,
471,poppin_party,夜行性ハイズ (Cover),226.0,0.00022297310351859778,2.155375796064618e-06,0.00949321873486042,0.04697573184967041,150,6.13,
472,poppin_party,メランコリック (Cover),220.97,0.00022257059754338115,3.877183189615607e-06,0.07011229544878006,0.19014014303684235,147,5.97,
473,poppin_party,怪獣の花唄 (Cover),223.1,0.00018485801410861313,8.332748620887287e-06,0.01562993787229061,0.03290940448641777,148,5.8,
474,poppin_party,光るなら (Cover),253.77,0.0010331922676414251,2.8998996640439145e-05,0.05645254999399185,0.13341784477233887,169,6.09,
475,poppin_party,ミュージック・アワー (Cover),280.83,6.065475827199407e-05,2.769309048744617e-06,0.00516476109623909,0.08334516733884811,187,7.38,
476,poppin_party,only my railgun (Cover),253.27,2.626019522722345e-05,1.5618675774931035e-07,0.0017473336774855852,0.06071535870432854,169,7.36,
477,poppin_party,ロミオとシンデレラ (Cover),280.33,2.6070953026646748e-05,4.791666015080409e-07,0.001954495906829834,0.07585470378398895,187,8.23,
478,poppin_party,Daydream café (Cover),229.03,0.00014435173943638802,1.6082396541605704e-05,0.00819035992026329,0.08411417156457901,152,6.73,
479,poppin_party,君じゃなきゃダメみたい (Cover),239.73,1.1002173778251745e-05,9.998148016165942e-07,0.00037915518623776734,0.007589083164930344,160,6.75,
480,poppin_party,＊〜アスタリスク〜 (Cover),252.67,0.0005836256896145642,2.2647087462246418e-05,0.025299368426203728,0.07271214574575424,168,6.4,
482,poppin_party,檄！帝国華撃団 (Cover),184.6,3.535308132995851e-05,3.0585188142140396e-06,0.0007725610630586743,0.010777019895613194,123,4.28,
481,poppin_party,DAYS of DASH (Cover),253.67,8.603427704656497e-05,2.7196840619581053e-06,0.0007134303450584412,0.06973809748888016,169,6.36,
483,poppin_party,DAYS (Cover),235.1,0.0011737679596990347,7.847561209928244e-05,0.03929208591580391,0.06479334086179733,157,6.35,
486,poppin_party,ヴァンパイア (Cover),182.17,0.00014862573880236596,2.5772355911612976e-06,0.15448451042175293,0.15517345070838928,121,5.88,
485,poppin_party,チェリボム (Cover),246.4,2.0498995581874624e-05,1.2135768656662549e-06,0.0008302974747493863,0.006812129635363817,164,6.78,
484,poppin_party,ディスカバリー！ (Cover),278.23,0.00014609906065743417,6.769909646209271e-07,0.011538287624716759,0.06423383206129074,185,7.54,
487,poppin_party,怪物 (Cover),206.57,0.0014867364661768079,3.942607872886583e-05,0.045143041759729385,0.07816451787948608,137,5.82,
488,poppin_party,大河よ共に泣いてくれ (Cover),207.67,6.269619916565716e-06,2.268294707619134e-07,0.02065897174179554,0.17748644948005676,138,5.51,
489,poppin_party,空色デイズ (Cover),253.83,4.695994903158862e-06,1.8193979656189185e-07,0.000378415483282879,0.04399082064628601,169,6.09,
490,raise_a_suilen,Invincible Fighter,250.87,4.2374208533146884e-06,1.7737690427566122e-07,0.025617370381951332,0.1521715521812439,167,6.63,
492,raise_a_suilen,SOUL SOLDIER,239.93,2.3703054466750473e-05,2.873234450362361e-07,0.000973255024291575,0.04054088145494461,160,6.42,
493,raise_a_suilen,UNSTOPPABLE,230.5,7.714862476859707e-06,5.05555760810239e-07,0.010929344221949577,0.06781850010156631,153,6.52,
491,raise_a_suilen,A DECLARATION OF ×××,315.77,3.957539320254e-06,6.588238221638676e-08,0.00022537659970112145,0.05925951153039932,211,8.4,
494,raise_a_suilen,HELL! or HELL?,282.34,2.321674401173368e-06,4.54806858840584e-08,0.0009581692283973098,0.12919123470783234,188,7.13,
495,raise_a_suilen,Beautiful Birthday,256.1,9.963363845599815e-05,5.257393809188216e-07,0.013162408024072647,0.03839240223169327,171,5.96,
497,raise_a_suilen,DRIVE US CRAZY,245.67,9.558212695992552e-06,2.869793434001622e-07,0.001181008410640061,0.07647555321455002,164,6.65,
496,raise_a_suilen,Takin’ my Heart,286.93,5.803391104564071e-05,4.4454205294641724e-07,0.022420169785618782,0.07523924857378006,191,8.44,
499,raise_a_suilen,REIGNING,249.4,9.061419405043125e-06,6.085547283873893e-07,0.07541988790035248,0.2219434380531311,166,6.68,
498,raise_a_suilen,!NVADE SHOW!,265.67,1.9950128262280487e-05,5.798952429358906e-07,0.0029056379571557045,0.07442916929721832,177,7.49,
500,raise_a_suilen,EXPOSE ‘Burn out!!!’,283.74,3.4739816783257993e-06,1.1581879277855478e-07,9.845289605436847e-05,0.014879760332405567,189,7.28,
502,raise_a_suilen,V.I.P MONSTER,241.9,7.023711532383459e-07,4.312774581904932e-09,0.0003285100101493299,0.048249613493680954,161,6.16,
501,raise_a_suilen,R・I・O・T,301.5,6.136738193163183e-06,8.043384980283008e-08,0.0017413683235645294,0.09875686466693878,201,8.64,
504,raise_a_suilen,Ray of hope,190.77,1.194863307318883e-05,8.63453465171915e-07,0.0016928210388869047,0.019627077504992485,127,5.44,
505,raise_a_suilen,EXIST,238.47,0.00012707113637588918,3.839485543721821e-06,0.5876450538635254,0.2607356011867523,159,6.47,
503,raise_a_suilen,mind of Prominence,266.23,3.891690084856236e-06,8.452635569256017e-08,9.408737241756171e-05,0.009670358151197433,177,7.25,
506,raise_a_suilen,Sacred world,300.83,9.261875675292686e-05,2.335179260626319e-06,0.019331060349941254,0.02706216275691986,201,8.56,
508,raise_a_suilen,DANCING DARING,215.07,1.616451845620759e-05,1.1496939578137244e-07,0.0009062491008080542,0.02751673385500908,143,5.95,
509,raise_a_suilen,BATTLE CRY,234.37,6.609101319554611e-07,8.344938962068227e-09,7.344436016865075e-05,0.0037779086269438267,156,6.81,
507,raise_a_suilen,-N-E-M-E-S-I-S-,267.8,2.308908051418257e-07,4.475158910111077e-09,5.380439688451588e-05,0.006572066340595484,178,7.95,
510,raise_a_suilen,Domination to world,258.2,8.988909939944278e-06,9.314683779848565e-08,0.003998607862740755,0.017863664776086807,172,6.78,
511,raise_a_suilen,THE WAY OF LIFE,238.2,5.690146281267516e-06,2.1254548698834697e-07,0.0001144712878158316,0.05293632671236992,159,6.68,
512,raise_a_suilen,灼熱 Bonfire!,224.8,5.0115049816668034e-05,8.714811770005326e-07,0.0016027122037485242,0.009276044555008411,150,5.78,
513,raise_a_suilen,Repaint,234.6,4.4272113882470876e-05,2.7131147817271994e-07,0.0016162022948265076,0.011016313917934895,156,5.89,
514,raise_a_suilen,Life on the Lotus,243.33,5.062411673861789e-06,2.229284845611801e-08,0.010637221857905388,0.11568868160247803,162,5.48,
515,raise_a_suilen,CORUSCATE -DNA-,287.43,7.362371434282977e-06,3.5141454191034427e-07,0.0010235192021355033,0.06979554891586304,192,7.7,
516,raise_a_suilen,That Is How I Roll!,265.87,2.5660678147687577e-05,6.942924528630101e-07,0.0013218163512647152,0.023884359747171402,177,7.61,
517,raise_a_suilen,しゅわりん☆どり～みん,265.34,6.552603008458391e-05,2.585857146186754e-06,0.01680901274085045,0.085604228079319,177,7.69,
520,raise_a_suilen,Don't be afraid!,143.9,5.3797964937984943e-05,1.1713228786902619e-06,0.02188866026699543,0.1063791960477829,95,4.69,
518,raise_a_suilen,パスパレボリューションず☆,231.72,9.094965935219079e-05,5.232184321357636e-06,0.005647400394082069,0.14372120797634125,154,6.79,
519,raise_a_suilen,えがおのオーケストラっ！,255.57,0.008725792169570923,0.00018833995272871107,0.15932677686214447,0.16772623360157013,170,6.89,
522,raise_a_suilen,Hey-day狂騒曲(カプリチオ),241.23,1.1401199117244687e-05,4.168605869381281e-07,0.0021015622187405825,0.07629813253879547,161,6.51,
521,raise_a_suilen,ゆら・ゆらRing-Dong-Dance,294.87,0.00019858959421981126,3.5420505355432397e-06,0.04387051984667778,0.17812864482402802,197,8.03,
523,raise_a_suilen,Scarlet Sky,246.47,1.6173100448213518e-05,9.378489380651445e-07,0.0007186724105849862,0.024605371057987213,164,6.49,
524,raise_a_suilen,ゴーカ！ごーかい！？ファントムシーフ！,242.37,0.0005124285817146301,2.9262719181133434e-05,0.07829337567090988,0.09907019138336182,161,6.31,
526,raise_a_suilen,That Is How I Roll! (ライブ / アンコール),283.0,4.611600161297247e-06,1.948676811025507e-07,0.0040145013481378555,0.11710122972726822,189,7.19,
527,raise_a_suilen,R･I･O･T (ライブ / アンコール),348.13,7.051613010844449e-06,7.758642794897241e-08,0.035798296332359314,0.1387738138437271,232,7.72,
529,raise_a_suilen,TWIN TALE,217.51,2.248271186999773e-07,4.069163228592743e-09,0.00506424019113183,0.030294083058834076,145,5.7,
528,raise_a_suilen,Apocalypse,252.6,8.030891876842361e-06,2.6936206154459796e-08,0.0011287874076515436,0.006319550797343254,168,6.98,
531,raise_a_suilen,BERSER-KEY,230.97,0.000126621249364689,1.2881891962024383e-06,0.005569026805460453,0.11743167042732239,154,6.56,
530,raise_a_suilen,STRAY CERBERUS,256.13,2.5085850211326033e-05,2.3764351908539538e-07,0.01115270797163248,0.1524086743593216,171,7.25,
532,raise_a_suilen,POLARIS,271.63,8.657028956804425e-06,9.850412396872343e-08,0.0033687425311654806,0.028852811083197594,181,6.94,
533,raise_a_suilen,HOWLING AMBITION,258.57,6.59769170852087e-07,4.1513100512702295e-08,2.0135616068728268e-05,0.010507825762033463,172,6.85,
534,raise_a_suilen,VIVID FIRST TIME,229.97,6.308071078819921e-07,5.08031894330685e-10,6.343786662910134e-05,0.006861598696559668,153,6.52,
536,raise_a_suilen,Drown Out the Noise and Push Through the Trash,216.04,9.631159628042951e-06,1.8534126411395846e-07,0.0028042891062796116,0.06336264312267303,144,5.6,
535,raise_a_suilen,'FIGHT' ADDICT,231.6,3.3019873626471963e-06,2.0827059188377461e-07,0.018240459263324738,0.1657973825931549,154,6.33,
537,raise_a_suilen,FIVE as ONE,255.16,6.266358832363039e-05,6.160808538879792e-07,0.7959511280059814,0.29856568574905396,170,6.54,
538,raise_a_suilen,EXPOSE 'Burn out!!!' (English),283.73,1.2782115845766384e-06,4.169111988971963e-08,4.138365329708904e-05,0.017733128741383553,189,6.98,
539,raise_a_suilen,Takin' my Heart (English),285.0,1.5626224922016263e-05,1.9657352368085412e-07,0.012480299919843674,0.04468142241239548,190,8.18,
541,raise_a_suilen,WHAT AN EXPLOSION,190.9,9.384502277498541e-07,1.2236267110665722e-08,1.8786271539283916e-05,0.007349890656769276,127,5.48,
540,raise_a_suilen,WELCOME TO PANDEMONIUM,254.83,9.095902555600333e-07,4.452757096373716e-08,4.885320959147066e-05,0.006195754744112492,170,7.29,
542,raise_a_suilen,RUNAWAY STAR,228.9,4.1588718886487186e-05,1.0058349744213047e-06,0.001201789709739387,0.06776214390993118,152,6.54,
543,raise_a_suilen,Bad Kids All Bet,228.2,1.9196668290533125e-06,3.3330479709547944e-08,0.0038175536319613457,0.06856480240821838,152,6.22,
544,raise_a_suilen,Light a fire,269.0,0.01042598020285368,8.814398461254314e-05,0.9420207142829895,0.3648965358734131,179,6.54,
548,raise_a_suilen,ラスハピーポー！,200.37,0.00013963686069473624,3.2968698633339955e-06,0.005163282621651888,0.02559589222073555,133,5.66,
545,raise_a_suilen,Embrace of light,271.97,0.02733348123729229,3.685456977109425e-05,0.9625577330589294,0.40003037452697754,181,7.63,
546,raise_a_suilen,OUTSIDER RODEO,269.07,4.8323104238079395e-06,1.1224938845089127e-07,0.0002469512983225286,0.007461543194949627,179,7.59,
549,raise_a_suilen,1/3の純情な感情 (Cover),222.9,1.0230294719804078e-05,7.142558615669259e-07,0.0019305329769849777,0.11962078511714935,148,6.46,
547,raise_a_suilen,JUST THE WAY I AM,258.7,6.14846885582665e-06,1.1637294505817408e-07,0.00014796217146795243,0.004982304759323597,172,6.99,
550,raise_a_suilen,ヒトリノ夜 (Cover),237.8,1.1845040717162192e-05,6.579231239811634e-07,0.0002512940263841301,0.006475584581494331,158,6.11,
553,raise_a_suilen,Bling-Bang-Bang-Born (Cover),168.7,7.000464279371954e-07,4.6367684802817166e-08,0.00021474005188792944,0.0005570209468714893,112,3.64,
554,raise_a_suilen,第六感 (Cover),193.27,2.4253226001746953e-05,1.7821743369950127e-07,0.0017804305534809828,0.08033860474824905,128,5.2,
555,raise_a_suilen,革命道中 (Cover),198.17,7.084777462296188e-05,1.9018297052753041e-06,0.032807983458042145,0.10396178066730499,132,5.16,
552,raise_a_suilen,メギツネ (Cover),250.83,9.263059155273368e-07,5.554901871818174e-09,6.612959259655327e-05,0.006919620092958212,167,6.05,
556,raise_a_suilen,Get Wild (Cover),199.63,1.2803050140064443e-06,3.4922347680321764e-08,0.0009823632426559925,0.03563012182712555,133,5.53,
551,raise_a_suilen,激動 (Cover),333.6,8.081234227574896e-06,1.1675068378735887e-07,0.0040094926953315735,0.06683024019002914,223,8.64,
557,raise_a_suilen,ボッカデラべリタ (Cover),201.84,1.7687747458694503e-05,4.353093885356429e-09,0.001660173642449081,0.0016757156699895859,134,5.13,
560,raise_a_suilen,Just Awake (Cover),222.97,5.392220828071004e-06,1.1437818869808325e-07,0.000699463824275881,0.1275787353515625,148,5.36,
559,raise_a_suilen,劣等上等 (Cover),237.07,3.816900425590575e-05,1.011652216220682e-06,0.001485601649619639,0.009073253720998764,158,6.16,
561,raise_a_suilen,Keep the Heat and Fire Yourself Up (Cover),205.84,5.237783625489101e-06,5.680158565724014e-08,0.0029565782751888037,0.11586903035640717,137,5.52,
558,raise_a_suilen,第ゼロ感 (Cover),288.77,6.39125710222288e-06,3.4804585880010563e-08,0.0007523305830545723,0.06688325107097626,193,8.37,
562,raise_a_suilen,ボッカデラベリタ (Cover),202.0,2.0083185518160462e-05,1.6949186942838423e-08,0.0015200225170701742,0.002282831585034728,134,6.18,
563,raise_a_suilen,VORACITY (Cover),207.53,6.253458559513092e-05,1.51319522956328e-06,0.0024401163682341576,0.12945786118507385,138,5.88,
564,raise_a_suilen,神っぽいな (Cover),204.3,3.228346031391993e-05,1.7214331364812097e-06,0.001452223164960742,0.04550756886601448,136,4.92,
565,raise_a_suilen,狂乱 Hey Kids!! (Cover),249.9,1.6484900697832927e-06,2.9561372016928544e-08,8.581862493883818e-05,0.003114088671281934,166,6.02,
566,raise_a_suilen,SAVIOR OF SONG (Cover),249.2,0.0002313678851351142,3.881905286107212e-06,0.14520958065986633,0.18824033439159393,166,6.03,
567,raise_a_suilen,恋しさとせつなさと心強さと (Cover),250.73,0.0004174782952759415,2.9365251066337805e-06,0.013757293112576008,0.04308779165148735,167,6.18,
569,raise_a_suilen,CORE PRIDE (Cover),257.23,7.889564585639164e-06,1.081224922927504e-07,0.0002382460079388693,0.05515609309077263,171,6.66,
568,raise_a_suilen,DEPARTURES (Cover),332.93,0.115804523229599,0.0002022901171585545,0.9189072847366333,0.3588634431362152,222,8.06,
570,roselia,Neo-Aspect,307.29,5.589836746366927e-06,1.3205320215092797e-07,0.06358776241540909,0.2285466343164444,205,8.22,
571,roselia,BLACK SHOUT,247.05,0.00018526214989833534,5.0850503612309694e-06,0.45582127571105957,0.23772022128105164,165,7.01,
572,roselia,Opera of the wasteland,284.8,0.00019652015180326998,2.1427943863727705e-07,0.20183737576007843,0.22894230484962463,190,8.25,
574,roselia,ONENESS,239.23,4.610448286257451e-06,3.159084940307366e-07,0.2328995317220688,0.24393747746944427,159,7.28,
573,roselia,陽だまりロードナイト,289.84,2.4090455553960055e-05,4.706439256096928e-07,0.01842447556555271,0.18784725666046143,193,8.35,
575,roselia,Re:birth day,268.73,0.00032990670297294855,5.3420835683937185e-06,0.05323152616620064,0.1854545921087265,179,7.77,
577,roselia,- HEROIC ADVENT -,222.1,4.08313462685328e-05,4.533275443918683e-07,0.008886757306754589,0.12020284682512283,148,6.3,
576,roselia,Legendary,291.98,0.0014610487269237638,3.9554430259158835e-05,0.05481485277414322,0.138926163315773,195,7.61,
578,roselia,Determination Symphony,281.89,7.166745035647182e-06,3.152695171593223e-07,0.0014586037723347545,0.15825924277305603,188,7.38,
581,roselia,LOUDER,216.22,0.00013622711412608624,4.945059686178865e-07,0.09653221070766449,0.21913744509220123,144,5.96,
579,roselia,熱色スターマイン,280.28,1.4519518117594998e-05,6.804089025536086e-08,0.37043479084968567,0.1833769530057907,187,7.65,
580,roselia,軌跡,312.53,0.1642947793006897,0.0012977506266906857,0.9699608087539673,0.4013324975967407,209,8.64,
582,roselia,R,285.3,3.593987457861658e-06,6.820039288868429e-08,0.023205924779176712,0.20190344750881195,190,7.74,
583,roselia,BRAVE JEWEL,247.46,6.208932609297335e-05,8.970638987193524e-07,0.051216304302215576,0.17517322301864624,165,7.14,
585,roselia,Safe and Sound,258.53,0.0012006789911538363,2.1915351680945605e-05,0.22239428758621216,0.23002590239048004,172,6.36,
587,roselia,Break your desire,261.37,0.00016344782488886267,4.010258180642268e-06,0.006736538372933865,0.05515860766172409,174,7.1,
586,roselia,Avant-garde HISTORY,306.8,0.0002269555116072297,1.6274153722406481e-06,0.031249715015292168,0.096622996032238,205,8.32,
584,roselia,FIRE BIRD,360.33,6.894172838656232e-05,2.3856619009166025e-06,0.9408286809921265,0.355309396982193,241,10.29,
589,roselia,約束,304.6,0.0002908199967350811,4.166560756857507e-06,0.04360521212220192,0.13539555668830872,203,8.27,
590,roselia,"""UNIONS"" Road",309.27,0.0001951079466380179,2.10969255931559e-06,0.01993505284190178,0.1651477962732315,206,8.56,
591,roselia,Song I am.,242.57,1.6249796317424625e-06,2.802647891542165e-08,0.0018256909679621458,0.11336477100849152,162,6.68,
592,roselia,Sage der Rosen,244.97,0.0006362003041431308,1.5910413821984548e-06,0.06144619360566139,0.14711004495620728,163,6.5,
593,roselia,覚悟のLiberation,260.83,6.279363879002631e-05,3.118873792118393e-06,0.0034722094424068928,0.15275534987449646,174,7.58,
594,roselia,Keep Heart,246.0,6.289606972131878e-05,1.0606057685436099e-06,0.007901441305875778,0.0957534909248352,164,6.71,
595,roselia,Original Call,225.33,3.9933227526489645e-05,3.078958457081171e-07,0.3057291805744171,0.23505918681621552,150,6.1,
596,roselia,Always recall.,252.33,7.176329745561816e-06,1.9080376389979392e-08,0.049681566655635834,0.17135809361934662,168,6.35,
597,roselia,Floral Haven,281.93,1.77013916982105e-05,1.279241701013234e-06,0.9773227572441101,0.40530380606651306,188,7.02,
599,roselia,閃光,218.6,0.004298778250813484,0.00018891191575676203,0.059248484671115875,0.09918056428432465,145,5.53,
600,roselia,THE HISTORIC...,271.3,3.5952668895333773e-06,3.419224370304619e-08,0.0008174356771633029,0.11149809509515762,181,7.12,
598,roselia,Sprechchor,310.0,0.00014448384172283113,1.5385820688607055e-06,0.7538172602653503,0.29364103078842163,207,8.41,
602,roselia,廻廻奇譚,221.24,2.4543503968743607e-05,2.4616346649963816e-07,0.007280219811946154,0.1726737767457962,147,6.4,
601,roselia,ROZEN HORIZON,366.57,4.509694917942397e-05,9.61574869506876e-07,0.8778031468391418,0.31693241000175476,245,8.36,
604,roselia,Synchrogazer,266.74,7.853328497731127e-06,3.140518245459134e-08,0.0008427482680417597,0.14671951532363892,178,8.23,
606,roselia,Dazzle the Destiny,241.17,7.80025075073354e-05,3.0510439046338433e-06,0.004862216301262379,0.154571995139122,161,7.54,
603,roselia,鳥の詩,356.8,0.0005725956289097667,5.337966285878792e-06,0.5259889960289001,0.26281946897506714,238,10.8,
607,roselia,Grateful Melting,217.27,0.0005427942960523069,1.3796094208373688e-05,0.9222155213356018,0.32158276438713074,145,6.7,
605,roselia,名前のない怪物,301.27,0.00032880864455364645,4.583303052640986e-06,0.5383623838424683,0.2781625986099243,201,8.71,
608,roselia,Second to None,233.73,6.333122291835025e-05,1.6492446519578152e-08,0.00292795873247087,0.04555768147110939,156,7.1,
609,roselia,Steadfast Spirits,224.89,0.00024925521574914455,9.797222446650267e-07,0.0037675632629543543,0.016629120334982872,150,6.29,
610,roselia,紫炎,221.37,1.56551759573631e-05,4.826185318052012e-07,0.000426869752118364,0.0023638892453163862,147,5.87,
611,roselia,XV,235.07,1.1193309546797536e-05,5.105710556563281e-07,0.1299545168876648,0.23206031322479248,156,6.08,
613,roselia,Fear Nothing,228.97,1.1458856533863582e-05,3.484280739485257e-07,0.0022971576545387506,0.008500874042510986,152,6.64,
612,roselia,Blessing Chord,277.2,0.0005463368725031614,4.118316610401962e-06,0.02719930000603199,0.10180213302373886,185,7.78,
614,roselia,PASSIONATE ANTHEM,242.97,4.878057006862946e-05,1.216384475810628e-06,0.0008955220691859722,0.052133407443761826,162,6.39,
615,roselia,Requiem for Fate,238.37,1.7258775187656283e-05,8.752872560080505e-08,0.002239450579509139,0.11479151993989944,159,5.74,
617,roselia,Sunlit Musical,232.07,1.82378262252314e-05,1.9264794559603615e-07,0.012103536166250706,0.14710979163646698,154,6.14,
619,roselia,一逢のFull Glory,232.43,0.0010429834946990013,2.177244095946662e-05,0.8349136710166931,0.3193729519844055,155,6.7,
616,roselia,Sanctuary,310.93,0.0017767653334885836,8.541313582099974e-05,0.41105613112449646,0.26119282841682434,207,8.91,
618,roselia,Talk to My Tone,245.97,0.0003995186707470566,6.2927497310738545e-06,0.9709999561309814,0.34250354766845703,164,6.99,
620,roselia,礎の花冠,246.93,1.7530297554912977e-05,3.581025964649598e-07,0.04262716323137283,0.15829090774059296,164,6.84,
621,roselia,FRONTIER FANTASIA,262.53,0.001086801290512085,7.789458322804421e-06,0.3825044333934784,0.23670804500579834,175,6.56,
622,roselia,Dear Gleam,253.47,0.00012995062570553273,5.098057158647862e-07,0.006829214747995138,0.16753505170345306,169,6.25,
623,roselia,Call the shots,265.33,1.376713680656394e-05,6.049738772162527e-07,0.0002108934277202934,0.010741990990936756,177,6.75,
625,roselia,VIOLET LINE,290.73,1.4378945706994273e-05,2.547968449562177e-07,0.0035460274666547775,0.05875692144036293,194,7.44,
624,roselia,THRONE OF ROSE,312.37,0.00024502910673618317,1.8662436787053593e-06,0.04979967698454857,0.16502779722213745,208,7.87,
626,roselia,Ringing Bloom,334.87,8.182549208868295e-06,4.848225287901187e-08,0.002208833582699299,0.09330423921346664,224,8.88,
627,roselia,ZEAL of proud,279.07,9.128195870289346e-07,1.2033925855803318e-08,0.00012822134885936975,0.07130039483308792,186,7.74,
628,roselia,Singing “OURS”,316.2,0.018217245116829872,0.00027016730746254325,0.9785314798355103,0.40839359164237976,211,9.41,
629,roselia,競宴Red×Violet,263.47,6.382910214597359e-05,7.794682232997729e-07,0.0031899830792099237,0.012801261618733406,176,7.66,
630,roselia,overtuRe,244.13,2.979572491312865e-05,4.921515142086719e-07,0.0027245001401752234,0.037878017872571945,163,6.91,
631,roselia,Proud of oneself,235.77,0.00010058453335659578,2.419589236524189e-06,0.02787073142826557,0.20466876029968262,157,6.72,
632,roselia,Sing Alive,315.4,7.020382327027619e-05,4.613767430328153e-07,0.16590437293052673,0.23318468034267426,210,8.22,
633,roselia,Swear ～Night & Day～,304.02,0.0006480757729150355,1.243209499079967e-05,0.549583375453949,0.23938849568367004,203,8.92,
634,roselia,Reweave (Cover),238.13,2.8893304261146113e-05,4.5642798340850277e-07,0.0008824203978292644,0.041420817375183105,159,7.08,
635,roselia,ヒバナ -Reloaded- (Cover),205.27,4.997346536583791e-07,6.071849689703868e-09,3.739473322639242e-05,0.0007266720058396459,136,6.16,
636,roselia,ファタール (Cover),220.84,0.00025740053388290107,9.04685293789953e-06,0.03586004301905632,0.15478651225566864,147,6.52,
637,roselia,HONEY (Cover),227.6,5.608512583421543e-05,1.4217303032637574e-06,0.020928699523210526,0.10173790156841278,151,6.52,
638,roselia,悪魔の子 (Cover),227.17,0.0034579639323055744,6.857218977529556e-05,0.9260929226875305,0.3274058401584625,151,5.38,
639,roselia,slash (Cover),241.13,0.000238478954997845,2.9268553589645308e-06,0.6987866163253784,0.28114038705825806,161,6.33,
641,roselia,乙女解剖 (Cover),224.1,2.5858107619569637e-05,2.1850714801985305e-06,0.001237890450283885,0.005585859529674053,149,5.87,
642,roselia,六兆年と一夜物語 (Cover),216.37,7.866229861974716e-05,9.666868550084473e-08,0.323233962059021,0.225526824593544,144,5.94,
640,roselia,右肩の蝶 (Cover),276.5,4.045597597723827e-05,4.245984825956839e-07,0.013217275962233543,0.1379198580980301,184,7.27,
643,roselia,残酷な天使のテーゼ (Cover),261.8,0.00011425499542383477,1.1237373200856382e-06,0.30322110652923584,0.2545248866081238,174,6.58,
644,roselia,海色 (Cover),256.83,0.00040142881334759295,1.3339996257855091e-05,0.2655513286590576,0.21354544162750244,171,6.35,
646,roselia,魂のルフラン (Cover),269.53,0.0012001071590930223,4.1839693949441426e-06,0.9270759224891663,0.3184185028076172,180,6.79,
649,roselia,シャルル (Cover),232.63,0.000693316338583827,1.8605709556140937e-05,0.3780510127544403,0.22616562247276306,155,6.82,
647,roselia,This game (Cover),283.63,0.0001011854037642479,5.25163886777591e-06,0.08889368921518326,0.1666102260351181,189,7.94,
645,roselia,ETERNAL BLAZE (Cover),309.2,1.570587483001873e-05,3.7087363580212696e-07,0.33316153287887573,0.24726322293281555,206,8.93,
648,roselia,スカイクラッドの観測者 (Cover),273.8,2.0890731320832856e-05,2.1202021116550895e-07,0.1462155431509018,0.18346121907234192,183,7.87,
650,roselia,新時代 (Cover),226.63,0.0004040826461277902,1.5075556802912615e-05,0.01981276459991932,0.17843128740787506,151,6.67,
652,roselia,Red fraction (Cover),201.0,6.208287004483282e-07,2.24593872388823e-08,0.00014839418872725219,0.019460733979940414,134,4.33,
651,roselia,革命デュアリズム (Cover),237.43,0.000614721910096705,2.999829348482308e-06,0.047821979969739914,0.10986011475324631,158,5.83,
654,roselia,Paradisus‐Paradoxum (Cover),232.67,0.00032089947490021586,8.145163974404568e-07,0.4852822422981262,0.23999057710170746,155,6.38,
653,roselia,深愛 (Cover),273.23,0.00034956791205331683,9.451249752601143e-06,0.45940449833869934,0.24432560801506042,182,7.01,
655,roselia,Realize (Cover),246.13,1.8431651369610336e-06,1.1294757129576283e-08,0.40913018584251404,0.22041761875152588,164,6.57,
656,roselia,Preserved Roses (Cover),210.63,2.9660195650649257e-06,1.822995443490072e-07,0.00012018372217426077,0.02576199173927307,140,6.1,
659,roselia,KING (Cover),134.73,1.1945211326747085e-06,3.57675156159587e-09,0.0004554784682113677,0.004817773588001728,89,2.86,
658,roselia,Shangri-La (Cover),239.0,1.3075880815449636e-05,2.854731917523168e-07,0.023179074749350548,0.2658376097679138,159,5.57,
660,mygo,素寄曲,238.73,0.006113812793046236,0.0007018359028734267,0.0692894384264946,0.06578835844993591,159,6.13,
657,roselia,My Dearest (Cover),337.13,0.0022758226841688156,7.717881999269594e-06,0.879243791103363,0.32374557852745056,225,9.29,
662,mygo,騒混出,227.31,9.714071893540677e-06,3.2278791195494705e-07,0.0028203027322888374,0.0393768846988678,151,6.13,
661,mygo,羅永線,233.64,0.00012257802882231772,5.73357283428777e-06,0.005680668167769909,0.08549173921346664,156,6.21,
663,morfonica,深海少女 (Cover),218.13,0.00018829193140845746,2.7802466320281383e-06,0.18955141305923462,0.19976229965686798,145,7.03,
664,mugendai_mutype,等身大あんりみてっど,168.73,5.4142059525474906e-05,1.123414790527022e-06,0.0007366674835793674,0.00523503590375185,112,5.76,
665,mugendai_mutype,好きになっちゃえ！,207.77,4.090390120836673e-06,1.190498082337399e-07,0.00086318573448807,0.030261792242527008,138,6.43,
666,mugendai_mutype,YoU kNOw the overture,174.0,2.4080693037831225e-05,1.3248032360024808e-07,0.00041047949343919754,0.0003921106399502605,115,4.82,
667,mugendai_mutype,唱 (Cover),194.61,0.00010990161536028609,1.8369178178545553e-06,0.02113829366862774,0.11625993251800537,129,5.22,
668,mugendai_mutype,インキャのキャキャキャ (Cover),220.61,4.4356300350045785e-05,3.035440613530227e-06,0.0009414578089490533,0.007946902886033058,147,6.6,
669,mugendai_mutype,デビルじゃないもん (Cover),164.0,0.0007278072880581021,2.071892777166795e-05,0.006638864520937204,0.11662063747644424,109,4.91,
670,mugendai_mutype,エイリアンエイリアン (Cover),197.63,1.908811645989772e-05,5.535729314942728e-07,0.0023218875285238028,0.040771085768938065,131,6.0,
671,mugendai_mutype,ぼくたちいつでも しゅわっしゅわ！ (Cover),184.62,0.0008399079670198262,1.2363577297946904e-05,0.023624852299690247,0.041011955589056015,123,5.64,
673,mugendai_mutype,ビッグマウス feat.りむる (Cover),173.76,2.8558558824443026e-06,2.8884787184324523e-07,9.996959124691784e-05,0.018254242837429047,115,5.7,
672,mugendai_mutype,回レ!雪月花 (Cover),234.52,0.0008919162210077047,3.839659984805621e-05,0.053396712988615036,0.0820850282907486,156,6.98,
675,mugendai_mutype,君が飛び降りるのならば (Cover),173.78,2.535882595111616e-05,1.6296925196002121e-06,0.00033813578193075955,0.001432457473129034,115,5.2,
674,mugendai_mutype,KiLLKiSS (Cover),207.66,0.00033263774821534753,1.42664612212684e-05,0.04354329779744148,0.05312421917915344,138,6.21,
677,mugendai_mutype,パラレルラルラ (Cover),157.99,0.0013566433917731047,1.0616906365612522e-05,0.025595150887966156,0.055741362273693085,105,4.57,
676,mugendai_mutype,地球最後の告白を (Cover),267.18,0.0010638991370797157,1.5666417311877012e-05,0.4276930093765259,0.24784506857395172,178,8.03,
679,mugendai_mutype,ジレンマ (Cover),167.26,0.0002658384037204087,3.069600097660441e-06,0.015825459733605385,0.035546522587537766,111,5.65,
678,mugendai_mutype,夜もすがら君想ふ (Cover),236.77,0.0018250549910590053,3.072804247494787e-05,0.018330182880163193,0.016774050891399384,158,7.09,
681,mugendai_mutype,メンタルチェンソー (Cover),177.6,0.002183533739298582,6.13727534073405e-05,0.026234332472085953,0.0671277865767479,118,5.09,
680,mugendai_mutype,glow (Cover),287.63,0.07917022705078125,0.0005565649480558932,0.8516135215759277,0.3309859335422516,192,8.73,
683,mugendai_mutype,フォニイ (Cover),189.56,8.643823093734682e-05,2.0694071167781658e-07,0.02247418835759163,0.10637276619672775,126,5.95,
682,mugendai_mutype,ホシアイ (Cover),286.67,0.02248096466064453,0.0002920684346463531,0.5581461191177368,0.26025980710983276,191,8.25,
684,mugendai_mutype,ELECT (Cover),193.4,2.8991362341912463e-05,4.0677542756384355e-07,0.004494645167142153,0.015344162471592426,128,5.87,
686,mugendai_mutype,スイートマジック (Cover),216.56,0.00011717123561538756,3.503578454910894e-06,0.0033126475755125284,0.009433749131858349,144,7.5,
685,mugendai_mutype,ユキトキ (Cover),273.11,0.02433660998940468,0.0007884231745265424,0.3923984467983246,0.2276357263326645,182,8.98,
688,mugendai_mutype,One Last Kiss (Cover),259.56,0.012705625966191292,6.69518340146169e-05,0.8556880950927734,0.32809680700302124,173,9.32,
689,mugendai_mutype,ミルククラウン・オン・ソーネチカ (Cover),215.23,0.0009737831423990428,3.896123234881088e-05,0.022198844701051712,0.016705326735973358,143,7.32,
687,mugendai_mutype,少年よ我に帰れ (Cover),390.02,0.42498886585235596,0.035320937633514404,0.9174388647079468,0.32647737860679626,261,13.08,
690,mugendai_mutype,決戦スピリット (Cover),272.56,0.00015147252997849137,3.3899723348440602e-06,0.013981143943965435,0.12305533140897751,182,9.1,
691,mugendai_mutype,ティアドロップス (Cover),216.55,1.99596252059564e-05,3.1754609608469764e-07,0.0004542181268334389,0.001018517417833209,144,6.16,
692,mugendai_mutype,ロウワー (Cover),230.93,0.00025872973492369056,2.3444411567652423e-07,0.0701202005147934,0.11557391285896301,154,5.47,
693,mugendai_mutype,ハイドアンド・シーク (Cover),265.53,0.0027309509459882975,0.0003035634581465274,0.14543601870536804,0.17001011967658997,177,6.36,
694,mugendai_mutype,不可解 (Cover),277.76,0.001723070745356381,2.5121662474703044e-05,0.05628632381558418,0.06853928416967392,185,6.01,
695,mugendai_mutype,GURU (Cover),191.51,1.7362082871841267e-05,9.730056262924336e-07,0.00027539883740246296,0.004048206377774477,127,4.21,
696,mugendai_mutype,経験値上昇中☆ (Cover),231.84,0.006244834512472153,8.11048157629557e-05,0.14324399828910828,0.12092657387256622,154,4.89,
697,mugendai_mutype,翼をください (Cover),218.99,0.9871361255645752,0.3568524122238159,0.9983954429626465,0.26879289746284485,146,4.66,
699,mugendai_mutype,ハッピー☆マテリアル (Cover),224.87,2.7353138648322783e-05,1.4611222241001087e-06,0.0007530819275416434,0.10376617312431335,150,4.61,
698,mugendai_mutype,元気を出して (Cover),290.01,0.40136510133743286,0.035184748470783234,0.978351891040802,0.3413776457309723,193,6.14,
700,mugendai_mutype,時をかける少女 (Cover),232.04,0.216726616024971,0.02178053930401802,0.5991612672805786,0.23766909539699554,154,4.82,
701,mugendai_mutype,TOMORROW (Cover),289.37,0.07937394082546234,0.003445271635428071,0.4493454396724701,0.18324686586856842,193,5.74,
703,mugendai_mutype,CH4NGE (Cover),139.41,1.8977111722051632e-06,7.017607117631997e-08,0.003888876875862479,0.010712645016610622,92,2.78,
704,mugendai_mutype,絶え間なく藍色 (Cover),221.1,0.1851007640361786,0.0018439319683238864,0.7154572010040283,0.2687794268131256,147,5.11,
702,mugendai_mutype,PARTY☆NIGHT（D-POP version） (Cover),320.39,0.000721287913620472,1.979298986043432e-06,0.038422249257564545,0.1794799417257309,214,7.32,
706,mugendai_mutype,なにやってもうまくいかない (Cover),151.04,0.00019443950441200286,1.5059412362461444e-05,0.0032939661759883165,0.040226422250270844,100,3.91,
705,mugendai_mutype,撫でんな (Cover),187.45,0.0001618957321625203,7.434940130224277e-08,0.02035480923950672,0.12111397832632065,124,4.54,
707,mugendai_mutype,マーシャル・マキシマイザー (Cover),162.12,0.0004264586023055017,3.525503643686534e-06,0.03801579400897026,0.050622109323740005,107,2.3,
709,mugendai_mutype,繰り返し一粒 (Cover),256.0,0.0003654097090475261,5.324204721546266e-06,0.5439904928207397,0.248871847987175,171,4.66,
708,mugendai_mutype,ZEAL of proud (Cover),279.23,5.1737268222495914e-05,4.4552359668159625e-07,0.0019943821243941784,0.10784584283828735,186,5.5,
710,poppin_party,乙女はサイコパス (Cover),256.88,0.000522762886248529,9.180626875604503e-06,0.09508605301380157,0.1606951504945755,171,5.1,
711,roselia,Neo-Aspect,310.3,1.0942681910819374e-05,1.8697872405937233e-07,0.07438838481903076,0.21127107739448547,207,6.49,
713,mugendai_mutype,唱 (Cover),194.61,0.00010990161536028609,1.8369178178545553e-06,0.02113829366862774,0.11625993251800537,129,4.49,
712,millsage,カーネーションの咲く日に,238.0,0.00650564581155777,8.00917623564601e-05,0.7688856720924377,0.29823219776153564,158,5.17,
714,mugendai_mutype,インキャのキャキャキャ (Cover),220.61,4.4356300350045785e-05,3.035440613530227e-06,0.0009414578089490533,0.007946902886033058,147,4.78,
715,mugendai_mutype,デビルじゃないもん (Cover),164.0,0.0007278072880581021,2.071892777166795e-05,0.006638864520937204,0.11662063747644424,109,3.16,
717,mugendai_mutype,ぼくたちいつでも しゅわっしゅわ！ (Cover),184.62,0.0008399079670198262,1.2363577297946904e-05,0.023624852299690247,0.041011955589056015,123,3.46,
716,mugendai_mutype,エイリアンエイリアン (Cover),197.63,1.908811645989772e-05,5.535729314942728e-07,0.0023218875285238028,0.040771085768938065,131,3.82,
718,mugendai_mutype,回レ!雪月花 (Cover),234.52,0.0008919162210077047,3.839659984805621e-05,0.053396712988615036,0.0820850282907486,156,4.77,
719,mugendai_mutype,ビッグマウス feat.りむる (Cover),173.76,2.8558558824443026e-06,2.8884787184324523e-07,9.996959124691784e-05,0.018254242837429047,115,3.78,
721,mygo,二息歩行 (Reloaded) (Cover),198.01,0.0028420398011803627,2.2334454570227535e-06,0.10962212830781937,0.16767390072345734,132,3.71,
720,mugendai_mutype,KiLLKiSS (Cover),215.32,0.00031847378704696894,1.4187698070600163e-05,0.04738527536392212,0.052691686898469925,143,4.19,
722,mygo,社会距離 (Cover),243.25,0.02098647691309452,0.001561179873533547,0.3860338032245636,0.20683275163173676,162,4.49,
723,mygo,君の神様になりたい。 (Cover),253.33,0.05400962010025978,0.0026200178544968367,0.321311354637146,0.16977162659168243,169,4.74,
725,mygo,ティアドロップス (Cover),215.05,0.00020673881226684898,4.971943212694896e-07,0.012463544495403767,0.05446643754839897,143,4.38,
724,mygo,Henceforth (Cover),234.3,0.20862457156181335,0.004789372906088829,0.9480105638504028,0.36653932929039,156,4.81,
726,mygo,遠心力 (Cover),197.48,4.993771653971635e-05,3.084267063968582e-07,0.0025045222137123346,0.024956397712230682,131,4.14,
727,mygo,ないばいたりてぃ (Cover),213.02,0.007575159426778555,0.00010313504753867164,0.3404546082019806,0.21527086198329926,142,4.3,
729,mygo,もしも命が描けたら (Cover),201.94,0.06242040544748306,0.0008249746169894934,0.891174852848053,0.32332712411880493,134,4.02,
728,mygo,キリトリセン (Cover),237.25,0.0904487818479538,0.010753613896667957,0.6333147883415222,0.2585151195526123,158,4.67,
731,mygo,パメラ (Cover),194.6,0.003908959683030844,3.558992830221541e-05,0.11558046191930771,0.10210776329040527,129,4.06,
730,mygo,TEENAGE RIOT (Cover),223.77,0.04124251753091812,5.7905519497580826e-05,0.4547523856163025,0.20258405804634094,149,4.47,
732,mygo,栞 (Cover),262.97,0.013694494031369686,0.00021161773474887013,0.33527320623397827,0.21575985848903656,175,4.87,
733,mygo,シンデレラボーイ (Cover),231.64,0.004481315612792969,4.179681127425283e-05,0.5759758353233337,0.23136016726493835,154,4.6,
735,mygo,正しくなれない (Cover),241.65,0.32000964879989624,0.013386712409555912,0.9157388210296631,0.3430749177932739,161,4.63,
734,mygo,少女レイ (Cover),288.8,0.23562486469745636,0.00966130755841732,0.916671872138977,0.3426969349384308,193,5.73,
737,roselia,擬態ごっこ (Cover),147.55,3.0587486889999127e-06,1.499661692605514e-07,0.005997002124786377,0.11460608243942261,98,3.23,
736,mygo,恋してる自分すら愛せるんだ (Cover),223.6,0.5000049471855164,0.043139632791280746,0.925054132938385,0.33236318826675415,149,4.34,
