idx,band,song,m1-duration_sec,m1-bpm_madmom,m1-beat_count,expected_beat_count,diff_beat_count,abs_diff_beat_count
0,afterglow,ON YOUR MARK,241.35,187.49999999999568,745.0,754.2187499999826,-9.218749999982606,9.218749999982606
1,afterglow,That Is How I Roll!,239.31,181.8181818181749,720.0,725.1818181817906,-5.181818181790618,5.181818181790618
2,afterglow,SENSENFUKOKU,246.27,200.0000000000007,821.0,820.9000000000029,0.09999999999706688,0.09999999999706688
3,afterglow,I knew it!,291.03,199.99999999999952,970.0,970.0999999999975,-0.09999999999752163,0.09999999999752163
4,afterglow,ツナグ、ソラモヨウ,248.73,193.5483870967728,796.0,802.3548387096718,-6.354838709671753,6.354838709671753
5,afterglow,Hey-day狂騒曲(カプリチオ),233.42,157.89473684210716,616.0,614.2631578947442,1.736842105255846,1.736842105255846
6,afterglow,"Easy come, Easy go!",243.39,136.36363636363706,677.0,553.1590909090937,123.84090909090628,123.84090909090628
7,afterglow,Sasanqua,236.61,199.9999999999924,781.0,788.6999999999701,-7.699999999970146,7.699999999970146
8,afterglow,RED RED RED,224.08,187.500000000004,703.0,700.250000000015,2.7499999999849933,2.7499999999849933
9,afterglow,ONE OF US,282.0,206.8965517241436,986.0,972.4137931034749,13.586206896525141,13.586206896525141
10,afterglow,Y.O.L.O!!!!!,270.64,206.8965517241436,935.0,933.2413793103702,1.7586206896297654,1.7586206896297654
11,afterglow,Scarlet Sky,228.85,181.8181818181749,688.0,693.4848484848221,-5.484848484822123,5.484848484822123
12,afterglow,Off we go.,251.64,181.8181818181749,757.0,762.5454545454255,-5.545454545425514,5.545454545425514
13,afterglow,いつも通りのBrand new days,237.08,193.5483870967728,759.0,764.7741935483816,-5.774193548381618,5.774193548381618
14,afterglow,SWITCH ON NOW,207.03,200.0000000000007,688.0,690.1000000000024,-2.10000000000241,2.10000000000241
15,afterglow,ランブリングメモリー,324.56,125.0000000000008,682.0,676.1666666666711,5.833333333328937,5.833333333328937
16,afterglow,COMIC PANIC!!!,280.31,206.8965517241436,980.0,966.5862068965781,13.413793103421881,13.413793103421881
17,afterglow,Trouble Joyful!!,237.65,193.5483870967728,769.0,766.612903225801,2.3870967741989944,2.3870967741989944
18,afterglow,Jamboree!Journey!,259.57,157.89473684209534,676.0,683.0789473683781,-7.078947368378067,7.078947368378067
19,afterglow,カナユメ,307.22,124.99999999999989,641.0,640.0416666666662,0.958333333333826,0.958333333333826
20,afterglow,独創収差,276.29,125.00000000000269,582.0,575.604166666679,6.395833333320979,6.395833333320979
21,afterglow,極彩色,238.29,187.49999999999568,735.0,744.6562499999828,-9.656249999982833,9.656249999982833
22,afterglow,サクラゼンセン,249.07,142.85714285714226,702.0,593.023809523807,108.97619047619298,108.97619047619298
23,afterglow,True color,253.03,162.16216216216017,680.0,683.8648648648565,-3.864864864856486,3.864864864856486
24,afterglow,Crow Song,244.03,171.4285714285742,710.0,697.2285714285827,12.771428571417346,12.771428571417346
25,afterglow,カサブタ,196.59,171.4285714285742,565.0,561.6857142857233,3.314285714276707,3.314285714276707
26,afterglow,アイのシナリオ,259.66,181.8181818181749,780.0,786.848484848455,-6.848484848454973,6.848484848454973
27,afterglow,Northern lights,208.64,136.36363636363265,470.0,474.1818181818052,-4.181818181805227,4.181818181805227
28,afterglow,トーキョーワンダー。,153.29,136.36363636363706,352.0,348.3863636363654,3.613636363634612,3.613636363634612
29,afterglow,Reach Out To The Truth,171.18,171.4285714285707,486.0,489.08571428571224,-3.0857142857122426,3.0857142857122426
30,afterglow,Listen!!,227.32,176.47058823529235,665.0,668.588235294111,-3.588235294110973,3.588235294110973
31,afterglow,青い栞,336.32,133.33333333332828,740.0,747.3777777777494,-7.377777777749429,7.377777777749429
32,afterglow,イマジネーション,177.7,206.89655172413347,606.0,612.7586206896419,-6.75862068964193,6.75862068964193
33,afterglow,Butter-Fly,250.03,171.4285714285742,714.0,714.3714285714401,-0.37142857144010577,0.37142857144010577
34,afterglow,燦々,194.62,193.548387096775,636.0,627.8064516129058,8.19354838709421,8.19354838709421
35,afterglow,That's why I'm here.,261.59,187.49999999999568,807.0,817.4687499999811,-10.468749999981128,10.468749999981128
36,afterglow,IGNITE GLOW,267.1,133.33333333332828,588.0,593.5555555555331,-5.555555555533147,5.555555555533147
37,afterglow,ペトリコール・オベーション,218.95,187.49999999999568,676.0,684.2187499999842,-8.218749999984198,8.218749999984198
38,afterglow,Made My Day,243.91,187.500000000004,703.0,762.2187500000163,-59.21875000001626,59.21875000001626
39,afterglow,Glowing After,254.3,199.9999999999924,839.0,847.6666666666346,-8.666666666634569,8.666666666634569
40,afterglow,A Sunset So Bright,231.1,187.500000000004,732.0,722.1875000000153,9.812499999984652,9.812499999984652
41,afterglow,Start as Usual,275.96,181.8181818181749,824.0,836.2424242423924,-12.242424242392417,12.242424242392417
42,afterglow,“Say cheese!!!!!”,260.59,120.0,523.0,521.18,1.82000000000005,1.82000000000005
43,afterglow,花笑みのデュオ,250.1,200.0000000000007,834.0,833.6666666666696,0.33333333333041537,0.33333333333041537
44,afterglow,READY STEADY GO (Cover),220.86,142.85714285714468,529.0,525.8571428571496,3.142857142850403,3.142857142850403
45,afterglow,abnormalize (Cover),219.03,176.47058823529235,640.0,644.2058823529347,-4.2058823529347364,4.2058823529347364
46,afterglow,メンタルチェンソー (Cover),177.1,187.5,556.0,553.4375,2.5625,2.5625
47,afterglow,Bunny Girl (Cover),216.92,162.16216216216017,580.0,586.270270270263,-6.27027027026304,6.27027027026304
48,afterglow,オレンジ (Cover),235.31,199.9999999999924,627.0,784.366666666637,-157.366666666637,157.366666666637
49,afterglow,カゲロウデイズ (Cover),233.48,200.00000000000043,779.0,778.2666666666682,0.7333333333317569,0.7333333333317569
50,afterglow,DAY×DAY (Cover),218.77,193.5483870967728,704.0,705.7096774193499,-1.7096774193498732,1.7096774193498732
51,afterglow,ロキ (Cover),229.61,149.99999999999787,572.0,574.0249999999919,-2.0249999999919055,2.0249999999919055
52,afterglow,CHAINSAW BLOOD (Cover),202.68,146.34146341463537,497.0,494.3414634146383,2.6585365853616736,2.6585365853616736
53,afterglow,チルドレンレコード (Re:boot) (Cover),189.42,206.89655172413347,584.0,653.1724137930893,-69.17241379308928,69.17241379308928
54,afterglow,青のすみか (Cover),197.15,153.846153846148,503.0,505.51282051280134,-2.5128205128013406,2.5128205128013406
55,afterglow,GO!!! (Cover),239.34,133.3333333333367,535.0,531.8666666666801,3.1333333333199107,3.1333333333199107
56,afterglow,天ノ弱 (Cover),187.52,200.0000000000019,625.0,625.0666666666726,-0.06666666667263144,0.06666666667263144
57,afterglow,アスノヨゾラ哨戒班 (Cover),191.76,187.49999999999568,592.0,599.2499999999861,-7.24999999998613,7.24999999998613
58,afterglow,瞬間センチメンタル (Cover),230.69,166.66666666666694,648.0,640.8055555555566,7.194444444443434,7.194444444443434
59,afterglow,プライド革命 (Cover),238.25,187.49999999999568,735.0,744.531249999983,-9.531249999982947,9.531249999982947
60,afterglow,命に嫌われている。 (Cover),273.82,199.99999999999952,821.0,912.7333333333312,-91.73333333333119,91.73333333333119
61,afterglow,Redo (Cover),261.28,187.500000000004,755.0,816.5000000000174,-61.500000000017394,61.500000000017394
62,afterglow,インフェルノ (Cover),214.04,187.49999999999568,661.0,668.8749999999847,-7.874999999984652,7.874999999984652
63,afterglow,ドラマツルギー (Cover),238.23,150.0000000000032,704.0,595.5750000000128,108.42499999998722,108.42499999998722
64,afterglow,COLORS (Cover),218.32,136.36363636363706,495.0,496.1818181818207,-1.181818181820688,1.181818181820688
65,afterglow,午夜の待ち合わせ (Cover),171.24,187.500000000004,542.0,535.1250000000115,6.874999999988518,6.874999999988518
66,afterglow,サムライハート（Some Like It Hot!!） (Cover),190.43,113.20754716981108,360.0,359.3018867924521,0.6981132075479195,0.6981132075479195
67,afterglow,ベノム (Cover),198.07,153.846153846148,502.0,507.8717948717756,-5.871794871775592,5.871794871775592
68,afterglow,Don't say “lazy” (Cover),275.52,181.81818181818275,833.0,834.9090909090952,-1.9090909090951982,1.9090909090951982
69,afterglow,Part of the Life,88.46,187.49999999999983,273.0,276.4374999999998,-3.4374999999997726,3.4374999999997726
70,afterglow,Punchline Halloween!!!,233.89,181.8181818181749,702.0,708.7575757575488,-6.757575757548807,6.757575757548807
71,afterglow,I love your way！,263.4,260.8695652173868,1117.0,1145.2173913043282,-28.217391304328203,28.217391304328203
72,ave_mujica,KiLLKiSS,208.53,199.9999999999972,663.0,695.0999999999901,-32.09999999999013,32.09999999999013
73,ave_mujica,"Georgette Me, Georgette You",234.22,142.85714285714226,554.0,557.6666666666644,-3.666666666664355,3.666666666664355
74,ave_mujica,Imprisoned XII,191.57,105.2631578947368,335.0,336.0877192982455,-1.0877192982454744,1.0877192982454744
75,ave_mujica,Crucifix X,298.51,103.44827586206674,504.0,514.6724137930923,-10.672413793092346,10.672413793092346
76,ave_mujica,八芒星ダンス,231.17,115.38461538461311,455.0,444.5576923076835,10.44230769231649,10.44230769231649
77,ave_mujica,顔,241.73,139.53488372093034,565.0,562.1627906976748,2.8372093023251637,2.8372093023251637
78,ave_mujica,天球のMúsica,279.9,98.36065573770271,455.0,458.85245901638314,-3.8524590163831363,3.8524590163831363
79,ave_mujica,黒のバースデイ,233.96,199.9999999999924,751.0,779.8666666666371,-28.866666666637116,28.866666666637116
80,ave_mujica,ふたつの月 ~Deep Into The Forest~,304.68,181.8181818181749,916.0,923.2727272726921,-7.272727272692123,7.272727272692123
81,ave_mujica,Choir ‘S’ Choir,287.66,149.99999999999787,733.0,719.1499999999899,13.85000000001014,13.85000000001014
82,ave_mujica,神さま、バカ,223.67,181.8181818181749,672.0,677.787878787853,-5.7878787878529465,5.7878787878529465
83,ave_mujica,Mas?uerade Rhapsody Re?uest,249.65,187.500000000004,744.0,780.1562500000167,-36.15625000001671,36.15625000001671
84,ave_mujica,Ave Mujica,277.68,113.2075471698126,644.0,523.9245283018928,120.07547169810721,120.07547169810721
85,ave_mujica,Symbol I : △,311.71,117.64705882353152,614.0,611.1960784313835,2.803921568616488,2.803921568616488
86,ave_mujica,Symbol II : Air,212.59,199.9999999999924,699.0,708.6333333333064,-9.633333333306382,9.633333333306382
87,ave_mujica,Symbol III : ▽,256.43,95.23809523809592,406.0,407.031746031749,-1.0317460317489804,1.0317460317489804
88,ave_mujica,Symbol IV : Earth,238.85,146.34146341463537,588.0,582.5609756097609,5.439024390239069,5.439024390239069
89,ave_mujica,Ether,285.32,187.49999999999983,858.0,891.6249999999992,-33.624999999999204,33.624999999999204
90,ave_mujica,The Whole Blue World,257.0,200.0000000000001,856.0,856.6666666666672,-0.6666666666671972,0.6666666666671972
91,ave_mujica,in your blue eyes,222.29,146.34146341463028,528.0,542.1707317073027,-14.170731707302707,14.170731707302707
92,ave_mujica,素晴らしき世界 でも どこにもない場所,269.02,100.00000000000097,449.0,448.366666666671,0.6333333333290057,0.6333333333290057
93,ave_mujica,Angles,274.19,98.36065573770271,442.0,449.49180327867845,-7.4918032786784465,7.4918032786784465
94,ave_mujica,DIVINE,257.21,230.7692307692325,811.0,989.2692307692381,-178.2692307692381,178.2692307692381
95,ave_mujica,Sophie,196.74,199.99999999999952,565.0,655.7999999999985,-90.79999999999848,90.79999999999848
96,ave_mujica,‘S/’ The Way,227.15,157.89473684210716,666.0,597.763157894744,68.23684210525596,68.23684210525596
97,ave_mujica,碧い瞳の中に,223.61,146.34146341462522,536.0,545.3902439024058,-9.390243902405814,9.390243902405814
98,ave_mujica,堕天 (Cover),183.15,206.89655172413347,510.0,631.5517241379174,-121.5517241379174,121.5517241379174
99,ave_mujica,KINGS (Cover),317.34,176.47058823529235,933.0,933.3529411764612,-0.3529411764611723,0.3529411764611723
100,ave_mujica,暗黒天国 (Cover),264.71,95.23809523809592,419.0,420.17460317460615,-1.1746031746061476,1.1746031746061476
101,various_artists,Don't be afraid!,238.52,181.81818181818176,721.0,722.7878787878785,-1.787878787878526,1.787878787878526
102,various_artists,Glee! Glee! Glee!,211.68,181.8181818181749,636.0,641.454545454521,-5.454545454521053,5.454545454521053
103,various_artists,"Be shine, shining!",95.86,115.38461538461628,187.0,184.34615384615526,2.6538461538447393,2.6538461538447393
104,various_artists,"Here, the world",262.97,122.448979591838,540.0,536.6734693877607,3.326530612239253,3.326530612239253
105,various_artists,CiRCLE THANKS MUSiC♪,313.36,122.448979591838,643.0,639.5102040816394,3.4897959183606417,3.4897959183606417
106,hello_happy_world,キミがいなくちゃっ！,243.55,124.99999999999896,504.0,507.39583333332916,-3.395833333329165,3.395833333329165
107,hello_happy_world,ハイファイブ∞あどべんちゃっ,272.28,199.9999999999924,899.0,907.5999999999655,-8.599999999965462,8.599999999965462
108,hello_happy_world,スマイルブーケで た〜まや〜！,271.96,150.00000000000054,682.0,679.9000000000025,2.0999999999975216,2.0999999999975216
109,hello_happy_world,えがお･シング･あ･ソング,248.72,149.99999999999787,620.0,621.7999999999912,-1.7999999999912006,1.7999999999912006
110,hello_happy_world,YAPPY! SCHOOL CARNIVAL☆彡,235.02,171.4285714285742,675.0,671.4857142857252,3.51428571427482,3.51428571427482
111,hello_happy_world,にこ×にこ=ハイパースマイルパワー！,233.06,187.500000000004,738.0,728.3125000000156,9.687499999984425,9.687499999984425
112,hello_happy_world,ないすみちゅっ！,256.89,176.47058823529235,748.0,755.5588235294041,-7.558823529404094,7.558823529404094
113,hello_happy_world,ゴーカ！ごーかい！？ファントムシーフ！,219.36,214.28571428571345,758.0,783.4285714285685,-25.42857142856849,25.42857142856849
114,hello_happy_world,うぃーきゃん☆フレフレっ！,239.36,181.8181818181749,717.0,725.3333333333059,-8.333333333305859,8.333333333305859
115,hello_happy_world,えがおのオーケストラっ！,229.75,139.534883720928,529.0,534.3023255813868,-5.302325581386754,5.302325581386754
116,hello_happy_world,にこにこねくと！,250.46,166.66666666666694,700.0,695.7222222222233,4.277777777776691,4.277777777776691
117,hello_happy_world,ふぁいぶスマイル◯オールインっ！,246.03,125.00000000000269,513.0,512.562500000011,0.4374999999889724,0.4374999999889724
118,hello_happy_world,せかいのっびのびトレジャー！,212.44,193.5483870967728,656.0,685.2903225806402,-29.290322580640236,29.290322580640236
119,hello_happy_world,きらっ☆と キミフェス！,230.75,127.6595744680854,493.0,490.95744680851175,2.0425531914882527,2.0425531914882527
120,hello_happy_world,うちゃパ！で ぱっぴかポーんっ！,217.46,193.5483870967728,695.0,701.483870967737,-6.483870967736948,6.483870967736948
121,hello_happy_world,はれやか すこやか ぴかりんりん♪,255.87,115.38461538461311,489.0,492.0576923076826,-3.0576923076826006,3.0576923076826006
122,hello_happy_world,ふわふわ☆ゆめいろサンドイッチ,291.53,130.43478260869338,632.0,633.7608695652063,-1.7608695652063489,1.7608695652063489
123,hello_happy_world,Happy! Happier! Happiest!,242.61,171.4285714285742,697.0,693.1714285714398,3.828571428560167,3.828571428560167
124,hello_happy_world,現るっ！大怪盗ハロハッピー！,223.79,181.8181818181906,687.0,678.1515151515479,8.84848484845213,8.84848484845213
125,hello_happy_world,わちゃ・もちゃ・ぺったん行進曲,232.9,162.16216216216017,623.0,629.4594594594518,-6.45945945945175,6.45945945945175
126,hello_happy_world,おもいでイルミネーション,252.41,166.66666666666035,696.0,701.1388888888622,-5.138888888862198,5.138888888862198
127,hello_happy_world,おもいやりハーモニー,231.03,136.36363636363046,519.0,525.0681818181591,-6.0681818181591325,6.0681818181591325
128,hello_happy_world,ハピネスっ！ハピィーマジカルっ♪,210.42,181.8181818181906,646.0,637.6363636363944,8.363636363605565,8.363636363605565
129,hello_happy_world,えがお、あーゆーれでぃ???,225.84,139.534883720928,520.0,525.209302325573,-5.209302325573049,5.209302325573049
130,hello_happy_world,ハッピーサマーウェディング,284.19,127.6595744680854,607.0,604.6595744680865,2.3404255319135245,2.3404255319135245
131,hello_happy_world,ひまわりの約束,307.01,78.94736842105358,483.0,403.96052631579437,79.03947368420563,79.03947368420563
132,hello_happy_world,ハッピー☆マテリアル,224.76,162.16216216216228,613.0,607.4594594594598,5.540540540540178,5.540540540540178
133,hello_happy_world,太陽曰く燃えよカオス,238.72,142.85714285714226,567.0,568.38095238095,-1.3809523809500206,1.3809523809500206
134,hello_happy_world,エクストラ・マジック・アワー,255.02,181.8181818181749,767.0,772.7878787878494,-5.787878787849422,5.787878787849422
135,hello_happy_world,コレカラ,214.65,162.16216216216017,582.0,580.135135135128,1.8648648648719472,1.8648648648719472
136,hello_happy_world,全力少年,241.33,133.3333333333367,539.0,536.2888888889024,2.71111111109758,2.71111111109758
137,hello_happy_world,オレンジ,277.92,139.53488372093034,648.0,646.3255813953493,1.6744186046506684,1.6744186046506684
138,hello_happy_world,Happy Girl,237.71,146.3414634146341,575.0,579.7804878048778,-4.780487804877794,4.780487804877794
139,hello_happy_world,ン・パカマーチ,155.68,117.64705882352824,305.0,305.2549019607813,-0.25490196078129657,0.25490196078129657
140,hello_happy_world,サンバロハッピ〜！,216.02,127.65957446808638,465.0,459.6170212766003,5.382978723399674,5.382978723399674
141,hello_happy_world,ボクらの夏's☆ショーたいむっ！！,206.49,176.4705882352942,614.0,607.3235294117651,6.676470588234906,6.676470588234906
142,hello_happy_world,むすんでわらって,241.5,130.43478260869338,524.0,524.9999999999908,-0.9999999999907914,0.9999999999907914
143,hello_happy_world,キミを れっつ・はぶ・ふぁん♪,234.57,157.89473684210716,616.0,617.2894736842179,-1.28947368421791,1.28947368421791
144,hello_happy_world,らいふ・いず・みゅーじかるっ♪♪♪,237.23,139.53488372093034,554.0,551.6976744186051,2.302325581394939,2.302325581394939
145,hello_happy_world,れっつ・スマイル・すとり〜みんぐっ♪,227.18,149.99999999999787,558.0,567.949999999992,-9.949999999991974,9.949999999991974
146,hello_happy_world,やっほー！いっぽ！わんだふぉー！,212.03,315.7894736842025,825.0,1115.9473684210243,-290.9473684210243,290.9473684210243
147,hello_happy_world,とーくとぅみー・とーくとぅゆー,208.21,136.36363636363706,476.0,473.2045454545479,2.7954545454521167,2.7954545454521167
148,hello_happy_world,ハイタッチ／＼びりーばーず☆,254.11,166.66666666666035,702.0,705.8611111110844,-3.8611111110843694,3.8611111110843694
149,hello_happy_world,Listen to Smile!,243.86,127.6595744680854,517.0,518.8510638297884,-1.8510638297883588,1.8510638297883588
150,hello_happy_world,スマイリーキャロル,246.78,109.09090909091248,454.0,448.690909090923,5.3090909090769856,5.3090909090769856
151,hello_happy_world,えがお、み〜っけた！,270.19,142.85714285714226,642.0,643.3095238095211,-1.3095238095211243,1.3095238095211243
152,hello_happy_world,上海ハニー (Cover),177.98,130.4347826086954,386.0,386.9130434782601,-0.9130434782600787,0.9130434782600787
153,hello_happy_world,シル・ヴ・プレジデント (Cover),193.34,176.47058823529235,569.0,568.6470588235238,0.35294117647617895,0.35294117647617895
154,hello_happy_world,ヒャダインのじょーじょーゆーじょー (Cover),250.9,200.0000000000001,835.0,836.3333333333338,-1.333333333333826,1.333333333333826
155,hello_happy_world,はいよろこんで (Cover),159.93,146.34146341463537,395.0,390.0731707317106,4.926829268289396,4.926829268289396
156,hello_happy_world,シカ色デイズ (Cover),201.9,181.81818181818275,616.0,611.818181818185,4.181818181814947,4.181818181814947
157,hello_happy_world,強風オールバック (Cover),134.65,136.36363636363487,303.0,306.02272727272396,-3.022727272723955,3.022727272723955
158,hello_happy_world,最高到達点 (Cover),226.31,133.33333333332828,498.0,502.9111111110921,-4.9111111110921115,4.9111111110921115
159,hello_happy_world,許婚っきゅん (Cover),176.99,146.34146341463537,433.0,431.68292682927193,1.3170731707280652,1.3170731707280652
160,hello_happy_world,新宝島 (Cover),250.9,157.89473684210716,662.0,660.2631578947447,1.7368421052552776,1.7368421052552776
161,hello_happy_world,ドレミファロンド (Cover),200.16,124.99999999999989,418.0,416.99999999999966,1.000000000000341,1.000000000000341
162,hello_happy_world,きゅうくらりん (Cover),214.55,222.2222222222138,786.0,794.6296296295994,-8.629629629599435,8.629629629599435
163,hello_happy_world,ロメオ (Cover),319.73,139.534883720928,746.0,743.558139534872,2.441860465128002,2.441860465128002
164,hello_happy_world,エイリアンエイリアン (Cover),182.83,153.846153846148,466.0,468.79487179485403,-2.794871794854032,2.794871794854032
165,hello_happy_world,いーあるふぁんくらぶ (Cover),239.2,146.34146341463284,576.0,583.4146341463362,-7.414634146336198,7.414634146336198
166,hello_happy_world,回レ！雪月花 (Cover),234.54,157.89473684210716,627.0,617.2105263157969,9.78947368420313,9.78947368420313
167,hello_happy_world,恋愛裁判 (Cover),222.69,133.3333333333346,498.0,494.86666666667134,3.1333333333286646,3.1333333333286646
168,hello_happy_world,TOMORROW (Cover),274.43,133.3333333333367,613.0,609.8444444444598,3.155555555540218,3.155555555540218
169,hello_happy_world,GO! GO! MANIAC (Cover),248.63,124.99999999999989,519.0,517.9791666666662,1.020833333333826,1.020833333333826
170,hello_happy_world,Dragon Night (Cover),228.38,124.99999999999896,473.0,475.7916666666627,-2.7916666666627066,2.7916666666627066
171,hello_happy_world,ようこそジャパリパークへ (Cover),205.94,171.4285714285707,587.0,588.3999999999975,-1.3999999999974762,1.3999999999974762
172,hello_happy_world,ウィーアー！ (Cover),240.84,166.66666666666694,675.0,669.0000000000011,5.999999999998863,5.999999999998863
173,hello_happy_world,おジャ魔女カーニバル!! (Cover),217.01,146.34146341463537,536.0,529.2926829268337,6.707317073166337,6.707317073166337
174,hello_happy_world,ダーリンダンス (Cover),207.17,153.8461538461536,527.0,531.2051282051274,-4.20512820512738,4.20512820512738
175,hello_happy_world,ノーポイッ！ (Cover),242.76,157.89473684210716,643.0,638.8421052631655,4.157894736834464,4.157894736834464
176,hello_happy_world,SHINY DAYS (Cover),262.05,109.09090909091248,481.0,476.4545454545603,4.545454545439725,4.545454545439725
177,hello_happy_world,シルエット (Cover),240.74,181.81818181818275,735.0,729.5151515151553,5.484848484844747,5.484848484844747
178,ikka_dumb_rock,ホーミー・タイッ！！,215.03,127.6595744680854,459.0,457.5106382978734,1.4893617021265868,1.4893617021265868
179,millsage,起死開戦,195.05,171.4285714285707,554.0,557.285714285712,-3.285714285711947,3.285714285711947
180,morfonica,Daylight -デイライト-,357.01,187.49999999998727,1095.0,1115.656249999924,-20.656249999924057,20.656249999924057
181,morfonica,メランコリックララバイ,215.91,181.81818181818275,652.0,654.2727272727305,-2.272727272730549,2.272727272730549
182,morfonica,flame of hope,252.8,187.500000000004,801.0,790.0000000000169,10.99999999998306,10.99999999998306
183,morfonica,ブルームブルーム,276.71,181.8181818181749,832.0,838.5151515151196,-6.515151515119555,6.515151515119555
184,morfonica,カラフルリバティー,218.55,187.49999999999568,675.0,682.9687499999843,-7.968749999984311,7.968749999984311
185,morfonica,fly with the night,240.48,171.4285714285707,684.0,687.0857142857113,-3.085714285711333,3.085714285711333
186,morfonica,金色へのプレリュード,270.97,176.47058823529235,792.0,796.9705882352863,-4.9705882352863,4.9705882352863
187,morfonica,The Circle Of Butterflies,258.46,176.47058823529235,751.0,760.1764705882276,-9.17647058822763,9.17647058822763
188,morfonica,ハーモニー・デイ,218.88,181.81818181818275,666.0,663.2727272727305,2.727272727269451,2.727272727269451
189,morfonica,Sweet Cheers!,223.75,109.09090909091248,410.0,406.81818181819443,3.1818181818055677,3.1818181818055677
190,morfonica,"寄る辺のSunny, Sunny",215.73,181.8181818181906,662.0,653.7272727273042,8.27272727269576,8.27272727269576
191,morfonica,誓いのWingbeat,254.71,206.89655172413347,851.0,878.3103448275673,-27.31034482756729,27.31034482756729
192,morfonica,Ever Sky Blue,240.93,193.5483870967728,648.0,777.1935483870913,-129.19354838709125,129.19354838709125
193,morfonica,Polyphonyscape,250.98,153.8461538461536,637.0,643.5384615384605,-6.538461538460524,6.538461538460524
194,morfonica,Wreath of Brave,262.9,136.36363636363265,592.0,597.4999999999836,-5.499999999983629,5.499999999983629
195,morfonica,Merry Merry Thanks!!,257.26,146.34146341463028,614.0,627.4634146341298,-13.463414634129776,13.463414634129776
196,morfonica,Sonorous,312.79,133.33333333332828,688.0,695.0888888888626,-7.088888888862584,7.088888888862584
197,morfonica,両翼のBrilliance,239.61,171.4285714285742,688.0,684.6000000000112,3.399999999988836,3.399999999988836
198,morfonica,Steer to Utopia,216.26,193.5483870967728,703.0,697.6129032258015,5.38709677419854,5.38709677419854
199,morfonica,Fateful...,286.83,133.33333333332828,631.0,637.3999999999759,-6.399999999975876,6.399999999975876
200,morfonica,ティリカモニカリラ,203.62,139.53488372093034,471.0,473.53488372093057,-2.5348837209305657,2.5348837209305657
201,morfonica,Secret Dawn,238.15,130.4347826086954,512.0,517.7173913043468,-5.717391304346847,5.717391304346847
202,morfonica,Angel's Ladder,253.17,199.9999999999924,836.0,843.899999999968,-7.899999999968031,7.899999999968031
203,morfonica,One step at a time,263.13,176.47058823529235,711.0,773.9117647058746,-62.91176470587459,62.91176470587459
204,morfonica,Tempest,251.9,200.0000000000019,847.0,839.6666666666747,7.3333333333252995,7.3333333333252995
205,morfonica,フレージング ミラージュ,263.35,187.500000000004,825.0,822.9687500000177,2.031249999982265,2.031249999982265
206,morfonica,MUGEN Reverberate!,230.15,187.500000000004,722.0,719.2187500000153,2.7812499999846523,2.7812499999846523
207,morfonica,わたしまちがいさがし,272.78,181.8181818181749,821.0,826.6060606060291,-5.606060606029132,5.606060606029132
208,morfonica,esora no clover,193.6,162.16216216216017,528.0,523.2432432432367,4.756756756763252,4.756756756763252
209,morfonica,きょうもMerry go rounD,237.6,133.3333333333367,532.0,528.0000000000133,3.9999999999866986,3.9999999999866986
210,morfonica,Feathered Dreams,226.14,176.47058823529235,661.0,665.1176470588168,-4.117647058816829,4.117647058816829
211,morfonica,Portray Empathy,253.29,171.4285714285742,727.0,723.685714285726,3.3142857142739786,3.3142857142739786
212,morfonica,ビューティ・フォー,189.03,199.9999999999924,623.0,630.0999999999761,-7.0999999999761485,7.0999999999761485
213,morfonica,胡蝶翔る星月夜,204.03,100.00000000000006,340.0,340.0500000000002,-0.0500000000001819,0.0500000000001819
214,morfonica,Color of Us,233.45,193.5483870967728,756.0,753.0645161290269,2.935483870973144,2.935483870973144
215,morfonica,Resonant Strings,240.1,193.5483870967728,781.0,774.5161290322525,6.483870967747521,6.483870967747521
216,morfonica,Shining Leaves,217.94,187.49999999999568,673.0,681.0624999999843,-8.062499999984311,8.062499999984311
217,morfonica,音がえしのセレナーデ,301.47,181.8181818181906,823.0,913.5454545454987,-90.54545454549873,90.54545454549873
218,morfonica,蒼穹へのトレイル,218.91,193.5483870967728,701.0,706.1612903225756,-5.16129032257561,5.16129032257561
219,morfonica,QUEEN (Cover),145.5,171.4285714285707,414.0,415.714285714284,-1.714285714284017,1.714285714284017
220,morfonica,again (Cover),250.79,139.53488372093034,584.0,583.2325581395354,0.7674418604646007,0.7674418604646007
221,morfonica,輪舞-revolution (Cover),273.15,127.6595744680854,583.0,581.1702127659587,1.829787234041305,1.829787234041305
222,morfonica,メロウ (Cover),248.9,146.34146341463284,601.0,607.073170731702,-6.073170731702021,6.073170731702021
223,morfonica,祝福 (Cover),194.01,171.4285714285707,551.0,554.3142857142833,-3.314285714283301,3.314285714283301
224,morfonica,Overdose (Cover),193.7,117.64705882352987,382.0,379.8039215686289,2.19607843137112,2.19607843137112
225,morfonica,かくれんぼ (Cover),298.45,181.8181818181749,896.0,904.393939393905,-8.393939393905043,8.393939393905043
226,morfonica,chAngE (Cover),249.29,166.66666666666035,688.0,692.4722222221959,-4.47222222219591,4.47222222219591
227,morfonica,ALIVE (Cover),215.88,181.8181818181749,645.0,654.1818181817932,-9.181818181793233,9.181818181793233
228,morfonica,Nameless Story (Cover),242.85,193.5483870967728,790.0,783.387096774188,6.612903225812033,6.612903225812033
229,morfonica,青空のラプソディ (Cover),277.13,136.3636363636354,625.0,629.8409090909047,-4.840909090904688,4.840909090904688
230,morfonica,Nevereverland (Cover),286.91,200.0000000000019,739.0,956.3666666666759,-217.36666666667588,217.36666666667588
231,morfonica,メリッサ (Cover),256.61,171.4285714285707,729.0,733.1714285714255,-4.171428571425508,4.171428571425508
232,morfonica,COLORFUL BOX (Cover),238.39,162.16216216216017,644.0,644.2972972972893,-0.2972972972893331,0.2972972972893331
233,morfonica,unravel (Cover),237.13,136.36363636362827,533.0,538.9318181817862,-5.931818181786184,5.931818181786184
234,morfonica,アゲハ蝶 (Cover),280.19,115.38461538461628,542.0,538.8269230769273,3.173076923072699,3.173076923072699
235,morfonica,V.I.P (Cover),193.32,187.49999999999568,597.0,604.124999999986,-7.1249999999860165,7.1249999999860165
236,morfonica,CQCQ (Cover),221.29,142.85714285714712,530.0,526.8809523809681,3.119047619031903,3.119047619031903
237,mugendai_mutype,アイの夢限,200.19,122.44897959183535,487.0,408.55102040815865,78.44897959184135,78.44897959184135
238,mugendai_mutype,どんがらがっしゃん,196.08,133.33333333332828,432.0,435.73333333331686,-3.733333333316864,3.733333333316864
239,mugendai_mutype,みゅーたんとミュータント,219.85,149.99999999999787,550.0,549.6249999999922,0.3750000000078444,0.3750000000078444
240,mugendai_mutype,チューニング,195.77,96.7741935483886,319.0,315.75806451613397,3.2419354838660297,3.2419354838660297
241,mugendai_mutype,Dream Voyage,261.96,157.8947368421057,685.0,689.3684210526334,-4.36842105263338,4.36842105263338
242,mugendai_mutype,グラディエント,201.01,120.0,403.0,402.0199999999999,0.980000000000075,0.980000000000075
243,mugendai_mutype,LET'Sあちあちトレーニング！,206.29,176.47058823529605,595.0,606.7352941176537,-11.735294117653666,11.735294117653666
244,mugendai_mutype,真夜中遊園地,229.73,193.5483870967728,747.0,741.064516129027,5.93548387097303,5.93548387097303
245,mugendai_mutype,テレパシー,253.7,176.4705882352942,755.0,746.1764705882356,8.823529411764412,8.823529411764412
246,mugendai_mutype,TRASH LIFE,212.74,176.47058823529972,564.0,625.705882352961,-61.705882352961,61.705882352961
247,mugendai_mutype,新人類は仮想世界の夢を見るか?,233.86,181.8181818181749,702.0,708.6666666666398,-6.666666666639799,6.666666666639799
248,mugendai_mutype,コミュ着火Fire!,184.71,200.0000000000007,616.0,615.7000000000022,0.2999999999977945,0.2999999999977945
249,mugendai_mutype,Calling,182.22,176.47058823529235,532.0,535.941176470583,-3.9411764705829455,3.9411764705829455
250,mugendai_mutype,Hi-Vision,179.91,200.0000000000019,491.0,599.7000000000057,-108.70000000000573,108.70000000000573
251,mugendai_mutype,コハク,219.72,98.36065573770502,423.0,360.19672131147576,62.803278688524244,62.803278688524244
252,mugendai_mutype,✞animaるパーティ✞開催中✞,176.9,193.5483870967728,575.0,570.6451612903185,4.35483870968153,4.35483870968153
253,mugendai_mutype,エンプティパペット,185.85,124.99999999999989,388.0,387.18749999999966,0.8125000000003411,0.8125000000003411
254,mugendai_mutype,限界現実サバイブ天使,195.78,187.500000000004,617.0,611.8125000000131,5.187499999986926,5.187499999986926
255,mugendai_mutype,ビッグマウス,172.71,146.34146341463284,418.0,421.24390243902064,-3.243902439020644,3.243902439020644
256,mugendai_mutype,夢現妄想世界,211.92,193.5483870967728,689.0,683.6129032258016,5.387096774198426,5.387096774198426
257,mugendai_mutype,やわやわNERD 超FreQuency,187.32,146.34146341463537,462.0,456.8780487804916,5.121951219508389,5.121951219508389
258,mugendai_mutype,超惑星Xへの旅,173.27,136.36363636363706,394.0,393.7954545454566,0.20454545454339268,0.20454545454339268
259,mugendai_mutype,これはぼくたちの生存のあらすじ,234.49,193.5483870967728,747.0,756.4193548387043,-9.419354838704294,9.419354838704294
260,mygo,迷星叫,211.19,187.500000000004,669.0,659.9687500000141,9.031249999985903,9.031249999985903
261,mygo,壱雫空,188.95,200.0000000000019,546.0,629.8333333333393,-83.83333333333928,83.83333333333928
262,mygo,碧天伴走,218.58,193.5483870967728,700.0,705.0967741935434,-5.0967741935434105,5.0967741935434105
263,mygo,影色舞,209.15,166.66666666666694,580.0,580.9722222222232,-0.9722222222231949,0.9722222222231949
264,mygo,歌いましょう鳴らしましょう,176.31,222.22222222222257,653.0,653.000000000001,-1.0231815394945443e-12,1.0231815394945443e-12
265,mygo,潜在表明,261.67,136.36363636363487,590.0,594.7045454545389,-4.704545454538902,4.704545454538902
266,mygo,音一会,282.01,199.99999999999952,936.0,940.033333333331,-4.033333333331029,4.033333333331029
267,mygo,春日影 (MyGO!!!!! ver.),256.32,193.5483870967728,829.0,826.8387096774134,2.1612903225866376,2.1612903225866376
268,mygo,詩超絆,236.34,187.49999999999983,612.0,738.5624999999994,-126.56249999999943,126.56249999999943
269,mygo,迷路日々,215.27,133.33333333332828,558.0,478.37777777775966,79.62222222224034,79.62222222224034
270,mygo,無路矢,222.58,120.0,446.0,445.16,0.839999999999975,0.839999999999975
271,mygo,名無声,271.65,187.500000000004,860.0,848.9062500000181,11.093749999981924,11.093749999981924
272,mygo,栞,265.58,88.23529411764618,387.0,390.55882352940785,-3.558823529407846,3.558823529407846
273,mygo,歩拾道,260.27,130.43478260869338,564.0,565.8043478260771,-1.8043478260771053,1.8043478260771053
274,mygo,明弦音,243.73,187.49999999999568,753.0,761.6562499999824,-8.656249999982379,8.656249999982379
275,mygo,孤壊牢,215.32,181.81818181818275,655.0,652.4848484848518,2.5151515151482045,2.5151515151482045
276,mygo,霧周途,221.9,222.2222222222138,812.0,821.8518518518207,-9.851851851820697,9.851851851820697
277,mygo,端程山,260.77,181.8181818181749,784.0,790.2121212120911,-6.21212121209112,6.21212121209112
278,mygo,処救生,217.19,193.5483870967728,692.0,700.6129032258015,-8.61290322580146,8.61290322580146
279,mygo,輪符雨,207.23,153.8461538461536,532.0,531.3589743589735,0.6410256410265447,0.6410256410265447
280,mygo,夜隠染,200.38,111.11111111111276,373.0,371.0740740740796,1.92592592592041,1.92592592592041
281,mygo,過惰幻,237.44,166.6666666666735,541.0,659.5555555555826,-118.5555555555826,118.5555555555826
282,mygo,回層浮,260.75,98.3606557377073,431.0,427.459016393453,3.5409836065470017,3.5409836065470017
283,mygo,砂寸奏,223.57,181.81818181818275,679.0,677.4848484848519,1.5151515151480908,1.5151515151480908
284,mygo,焚音打,242.45,187.500000000004,757.0,757.6562500000161,-0.6562500000161435,0.6562500000161435
285,mygo,残痕字,255.06,176.47058823529235,746.0,750.1764705882277,-4.176470588227744,4.176470588227744
286,mygo,掌心正銘,221.18,181.81818181818275,676.0,670.2424242424277,5.75757575757234,5.75757575757234
287,mygo,証命讃歌,191.91,206.8965517241436,671.0,661.7586206896733,9.241379310326693,9.241379310326693
288,mygo,エガクミライ,238.93,88.23529411764618,353.0,351.36764705882,1.6323529411799882,1.6323529411799882
289,mygo,静降想,277.61,93.75000000000097,435.0,433.7656250000045,1.2343749999955094,1.2343749999955094
290,mygo,聿日箋秋,236.07,181.81818181818275,717.0,715.36363636364,1.636363636359988,1.636363636359988
291,mygo,往欄印,297.87,181.8181818181749,876.0,902.6363636363293,-26.636363636329293,26.636363636329293
292,mygo,だれかの心臓になれたなら (Cover),235.88,146.34146341462522,538.0,575.3170731706966,-37.31707317069663,37.31707317069663
293,mygo,遥か彼方 (Cover),248.76,171.4285714285742,653.0,710.7428571428686,-57.742857142868615,57.742857142868615
294,mygo,雑踏、僕らの街 (Cover),187.95,171.42857142857247,542.0,537.0000000000032,4.999999999996817,4.999999999996817
295,mygo,過去を喰らう (Cover),240.32,187.49999999999983,749.0,750.9999999999993,-1.9999999999993179,1.9999999999993179
296,mygo,君の神様になりたい。 (Cover),248.73,98.36065573770492,406.0,407.75409836065575,-1.754098360655746,1.754098360655746
297,mygo,ノンブレス・オブリージュ (Cover),206.82,146.34146341463537,510.0,504.4390243902481,5.5609756097518925,5.5609756097518925
298,mygo,swim (Cover),209.33,193.5483870967728,679.0,675.2580645161244,3.7419354838756362,3.7419354838756362
299,mygo,猛独が襲う (Cover),254.31,157.89473684210125,664.0,669.2368421052462,-5.236842105246183,5.236842105246183
300,mygo,春日影,122.7,187.49999999999568,274.0,383.43749999999113,-109.43749999999113,109.43749999999113
301,pastel_palettes,TITLE IDOL,267.89,146.34146341463284,647.0,653.3902439024332,-6.3902439024332125,6.3902439024332125
302,pastel_palettes,ワクワクmeetsトリップ,246.83,136.36363636363706,564.0,560.9772727272756,3.02272727272441,3.02272727272441
303,pastel_palettes,ゆら・ゆらRing-Dong-Dance,264.84,171.4285714285742,760.0,756.6857142857265,3.314285714273524,3.314285714273524
304,pastel_palettes,もういちど ルミナス,259.77,171.4285714285603,733.0,742.1999999999517,-9.199999999951729,9.199999999951729
305,pastel_palettes,あっつあつ 常夏 らぶ☆サマー！,246.86,171.4285714285742,710.0,705.3142857142972,4.685714285702829,4.685714285702829
306,pastel_palettes,天下トーイツ A to Z☆,218.14,153.8461538461536,556.0,559.3333333333325,-3.3333333333324617,3.3333333333324617
307,pastel_palettes,しゅわりん☆どり〜みん,236.08,176.47058823529235,694.0,694.3529411764637,-0.3529411764636734,0.3529411764636734
308,pastel_palettes,Power of LOVE!!!,231.53,176.47058823529235,678.0,680.9705882352872,-2.9705882352872095,2.9705882352872095
309,pastel_palettes,きゅ～まい＊flower,220.29,181.81818181818275,672.0,667.5454545454579,4.454545454542085,4.454545454542085
310,pastel_palettes,Winking☆Cheer,309.58,100.00000000000097,516.0,515.9666666666716,0.03333333332841448,0.03333333332841448
311,pastel_palettes,ゆめゆめグラデーション,284.26,136.36363636363487,639.0,646.0454545454473,-7.045454545447342,7.045454545447342
312,pastel_palettes,はなまる◎アンダンテ,226.25,166.66666666666694,628.0,628.4722222222232,-0.4722222222231949,0.4722222222231949
313,pastel_palettes,パスパレボリューションず☆,231.04,176.47058823529235,674.0,679.529411764699,-5.529411764699034,5.529411764699034
314,pastel_palettes,SURVIVOR ねばーぎぶあっぷ!,248.46,200.0,828.0,828.2,-0.20000000000004547,0.20000000000004547
315,pastel_palettes,Wonderland Girl,270.76,136.36363636363706,619.0,615.3636363636394,3.6363636363605565,3.6363636363605565
316,pastel_palettes,ゼッタイ宣言～Recital～,241.26,176.47058823529235,713.0,709.5882352941105,3.4117647058894818,3.4117647058894818
317,pastel_palettes,ぎゅっDAYS♪,251.44,171.42857142857162,714.0,718.4000000000008,-4.400000000000773,4.400000000000773
318,pastel_palettes,Wonderful Sweet!,247.1,166.66666666666694,690.0,686.38888888889,3.611111111109949,3.611111111109949
319,pastel_palettes,るんっ♪てぃてぃー！,229.13,162.16216216216174,624.0,619.2702702702686,4.729729729731389,4.729729729731389
320,pastel_palettes,パッパレ☆人生！バーン万歳！,239.33,171.4285714285707,681.0,683.7999999999972,-2.799999999997226,2.799999999997226
321,pastel_palettes,Brand new Pastel Road!,255.28,171.4285714285742,730.0,729.3714285714403,0.6285714285596669,0.6285714285596669
322,pastel_palettes,あこがれacross,234.29,187.500000000004,539.0,732.1562500000157,-193.1562500000157,193.1562500000157
323,pastel_palettes,ハレハレ☆フォーチュン,270.01,146.34146341463537,650.0,658.5609756097616,-8.560975609761613,8.560975609761613
324,pastel_palettes,ハナヒバナ,273.51,95.23809523809592,433.0,434.1428571428603,-1.1428571428602936,1.1428571428602936
325,pastel_palettes,そばかす,250.27,171.4285714285714,712.0,715.0571428571427,-3.0571428571427077,3.0571428571427077
326,pastel_palettes,気まぐれロマンティック,243.46,171.42857142857156,691.0,695.6000000000006,-4.600000000000591,4.600000000000591
327,pastel_palettes,ドリームパレード,234.5,171.4285714285742,674.0,670.0000000000108,3.9999999999891998,3.9999999999891998
328,pastel_palettes,ラムのラブソング,162.14,181.8181818181819,487.0,491.33333333333354,-4.333333333333542,4.333333333333542
329,pastel_palettes,DANCE! おジャ魔女,196.26,153.846153846148,502.0,503.2307692307501,-1.230769230750127,1.230769230750127
330,pastel_palettes,DISCOTHEQUE,242.81,142.85714285714226,578.0,578.1190476190453,-0.11904761904531824,0.11904761904531824
331,pastel_palettes,ゆりゆららららゆるゆり大事件,229.07,176.47058823529235,669.0,673.7352941176403,-4.735294117640251,4.735294117640251
332,pastel_palettes,SAKURAスキップ,228.56,166.66666666666035,630.0,634.8888888888648,-4.8888888888648125,4.8888888888648125
333,pastel_palettes,Stay Alive,263.61,139.53488372093034,616.0,613.0465116279075,2.9534883720924654,2.9534883720924654
334,pastel_palettes,秘密の扉から会いにきて,218.31,181.8181818181906,671.0,661.5454545454865,9.45454545451355,9.45454545451355
335,pastel_palettes,トリドリ＊パレット,252.04,176.4705882352942,749.0,741.2941176470591,7.7058823529408755,7.7058823529408755
336,pastel_palettes,ドラマチック！アライブ,259.25,187.49999999999568,800.0,810.1562499999814,-10.156249999981355,10.156249999981355
337,pastel_palettes,Radiate Warriors,240.33,130.43478260869338,521.0,522.4565217391214,-1.4565217391213992,1.4565217391213992
338,pastel_palettes,ReReReエボリューションず☆,214.27,187.5000000000019,665.0,669.5937500000068,-4.593750000006821,4.593750000006821
339,pastel_palettes,everyday flower,239.84,136.36363636363706,542.0,545.0909090909119,-3.0909090909118504,3.0909090909118504
340,pastel_palettes,With〜きみとわたしたちの物語〜,245.26,93.74999999999991,379.0,383.21874999999966,-4.218749999999659,4.218749999999659
341,pastel_palettes,フレっとパレットFight Song!!,241.53,146.34146341463284,584.0,589.0975609756044,-5.097560975604438,5.097560975604438
342,pastel_palettes,デイオフ・ラフ・ラブ・サンクス,243.23,139.53488372093034,567.0,565.6511627906981,1.3488372093019052,1.3488372093019052
343,pastel_palettes,ホワイト ノスタルジア,283.36,139.534883720928,651.0,658.9767441860361,-7.976744186036058,7.976744186036058
344,pastel_palettes,Y.O.L.O！！！！！(パスパレver.),268.28,105.26315789473728,473.0,470.66666666666856,2.3333333333314386,2.3333333333314386
345,pastel_palettes,奏（かなで） (Cover),294.09,149.99999999999787,734.0,735.2249999999894,-1.2249999999894499,1.2249999999894499
346,pastel_palettes,Sparkling Daydream (Cover),248.94,176.47058823529235,728.0,732.176470588228,-4.176470588227971,4.176470588227971
347,pastel_palettes,春を告げる (Cover),198.46,120.0,398.0,396.92,1.079999999999984,1.079999999999984
348,pastel_palettes,だから、ひとりじゃない (Cover),229.83,181.8181818181749,690.0,696.454545454519,-6.454545454519007,6.454545454519007
349,pastel_palettes,サインはB (Cover),215.17,176.47058823529235,630.0,632.8529411764642,-2.852941176464242,2.852941176464242
350,pastel_palettes,愛包ダンスホール (Cover),222.35,139.53488372093724,522.0,517.09302325584,4.906976744160033,4.906976744160033
351,pastel_palettes,最上級にかわいいの！ (Cover),191.23,166.66666666666694,537.0,531.1944444444454,5.805555555554633,5.805555555554633
352,pastel_palettes,♡桃色片想い♡ (Cover),257.13,153.8461538461536,659.0,659.3076923076914,-0.30769230769135447,0.30769230769135447
353,pastel_palettes,金曜日のおはよう (Cover),241.28,149.99999999999787,602.0,603.1999999999914,-1.1999999999914053,1.1999999999914053
354,pastel_palettes,魔法少女とチョコレゐト (Cover),187.53,149.99999999999787,470.0,468.82499999999334,1.175000000006662,1.175000000006662
355,pastel_palettes,可愛くてごめん (Cover),219.99,162.16216216216017,589.0,594.5675675675603,-5.5675675675603316,5.5675675675603316
356,pastel_palettes,からくりピエロ (Cover),251.7,101.6949152542367,428.0,426.610169491523,1.3898305084770186,1.3898305084770186
357,pastel_palettes,みくみくにしてあげる♪【してやんよ】 (Cover),103.23,162.16216216216017,278.0,278.9999999999966,-0.9999999999965894,0.9999999999965894
358,pastel_palettes,ルカルカ★ナイトフィーバー (Cover),241.81,162.16216216216017,648.0,653.5405405405326,-5.540540540532561,5.540540540532561
359,pastel_palettes,アイドル (Cover),214.18,166.66666666666694,585.0,594.9444444444455,-9.94444444444548,9.94444444444548
360,pastel_palettes,secret base ～君がくれたもの～ (Cover),321.52,142.85714285714226,683.0,765.5238095238062,-82.52380952380622,82.52380952380622
361,pastel_palettes,ふわふわ時間 (Cover),245.21,181.8181818181749,737.0,743.0606060605779,-6.060606060577925,6.060606060577925
362,pastel_palettes,Fantastic future (Cover),246.76,171.4285714285742,709.0,705.0285714285827,3.9714285714172775,3.9714285714172775
363,pastel_palettes,Baby Sweet Berry Love (Cover),243.96,171.42857142856724,693.0,697.0285714285544,-4.0285714285544145,4.0285714285544145
364,pastel_palettes,Q＆A　リサイタル！ (Cover),290.98,181.81818181818275,884.0,881.7575757575803,2.242424242419702,2.242424242419702
365,pastel_palettes,ヒトリゴト (Cover),235.05,166.66666666666035,649.0,652.916666666642,-3.9166666666419587,3.9166666666419587
366,pastel_palettes,惑星ループ (Cover),206.46,171.4285714285707,586.0,589.8857142857119,-3.885714285711856,3.885714285711856
367,pastel_palettes,世界は恋に落ちている (Cover),312.89,130.43478260869338,678.0,680.1956521739012,-2.1956521739011805,2.1956521739011805
368,pastel_palettes,ハッピーシンセサイザ (Cover),237.53,127.6595744680854,504.0,505.3829787234054,-1.3829787234054152,1.3829787234054152
369,pastel_palettes,春擬き (Cover),268.85,176.47058823529235,782.0,790.7352941176392,-8.735294117639228,8.735294117639228
370,pastel_palettes,Make it! (Cover),252.2,171.4285714285742,725.0,720.5714285714402,4.428571428559849,4.428571428559849
371,pastel_palettes,花ハ踊レヤいろはにほ (Cover),250.89,162.16216216216017,671.0,678.0810810810727,-7.081081081072739,7.081081081072739
372,pastel_palettes,夜に駆ける (Cover),262.28,130.43478260869338,569.0,570.1739130434684,-1.1739130434683602,1.1739130434683602
373,pastel_palettes,徒花ネクロマンシー (Cover),242.53,171.4285714285742,697.0,692.9428571428684,4.057142857131566,4.057142857131566
374,pastel_palettes,ノスタルジックレインフォール (Cover),236.9,166.66666666666035,653.0,658.0555555555306,-5.0555555555306455,5.0555555555306455
375,poppin_party,Yes! BanG_Dream!,309.68,187.49999999998727,952.0,967.7499999999343,-15.749999999934289,15.749999999934289
376,poppin_party,STAR BEAT!～ホシノコドウ～,320.51,193.5483870967728,1000.0,1033.9032258064442,-33.9032258064442,33.9032258064442
377,poppin_party,走り始めたばかりのキミに,260.71,125.00000000000269,610.0,543.145833333345,66.85416666665503,66.85416666665503
378,poppin_party,ティアドロップス,217.02,187.500000000004,688.0,678.1875000000146,9.812499999985448,9.812499999985448
379,poppin_party,ときめきエクスペリエンス！,257.39,181.8181818181749,774.0,779.9696969696672,-5.969696969667211,5.969696969667211
380,poppin_party,キラキラだとか夢だとか ～Sing Girls～,305.61,181.8181818181749,918.0,926.0909090908739,-8.090909090873879,8.090909090873879
381,poppin_party,私の心はチョココロネ,252.43,133.3333333333346,564.0,560.955555555561,3.044444444439023,3.044444444439023
382,poppin_party,前へススメ！,309.19,181.81818181817883,891.0,936.9393939393784,-45.93939393937842,45.93939393937842
383,poppin_party,夢みるSunflower,279.6,162.16216216217262,768.0,755.6756756757244,12.324324324275608,12.324324324275608
384,poppin_party,ティアドロップス ～Popipa Acoustic Ver.～,232.48,181.8181818181749,694.0,704.4848484848218,-10.484848484821782,10.484848484821782
385,poppin_party,走り始めたばかりのキミに ～Popipa Acoustic Ver.～,295.69,107.14285714285806,532.0,528.0178571428617,3.982142857138342,3.982142857138342
386,poppin_party,Time Lapse,248.72,193.5483870967728,795.0,802.3225806451555,-7.32258064515554,7.32258064515554
387,poppin_party,八月のif,275.26,120.0,551.0,550.52,0.4800000000000182,0.4800000000000182
388,poppin_party,クリスマスのうた,276.89,139.53488372093034,744.0,643.93023255814,100.06976744186,100.06976744186
389,poppin_party,B.O.F,218.72,176.47058823529235,639.0,643.2941176470524,-4.294117647052417,4.294117647052417
390,poppin_party,CiRCLING,261.03,162.16216216216017,700.0,705.4864864864777,-5.486486486477702,5.486486486477702
391,poppin_party,二重の虹(ダブル レインボウ),245.93,187.500000000004,771.0,768.5312500000165,2.4687499999835154,2.4687499999835154
392,poppin_party,最高(さあ行こう)！,228.57,181.8181818181749,689.0,692.6363636363373,-3.6363636363372507,3.6363636363372507
393,poppin_party,ガールズコード,324.94,124.99999999999989,677.0,676.9583333333327,0.04166666666731089,0.04166666666731089
394,poppin_party,Yes! BanG_Dream! ～Popipa Acoustic Ver.～,307.93,171.42857142856724,864.0,879.7999999999786,-15.799999999978581,15.799999999978581
395,poppin_party,夏空 SUN! SUN! SEVEN! ～Popipa Acoustic Ver.～,299.74,162.16216216216017,802.0,810.1081081080981,-8.108108108098122,8.108108108098122
396,poppin_party,STAR BEAT!～ホシノコドウ～ ～Popipa Acoustic Ver.～,327.24,87.59124087591212,479.0,477.72262773722474,1.277372262775259,1.277372262775259
397,poppin_party,Breakthrough!,275.51,181.8181818181906,846.0,834.8787878788281,11.12121212117188,11.12121212117188
398,poppin_party,NO GIRL NO CRY/Poppin'Party Ver.,312.52,187.500000000004,991.0,976.6250000000208,14.374999999979195,14.374999999979195
399,poppin_party,イニシャル,294.94,193.5483870967728,949.0,951.4193548387029,-2.4193548387029296,2.4193548387029296
400,poppin_party,Hello! Wink!,281.46,153.8461538461424,711.0,721.692307692254,-10.692307692253962,10.692307692253962
401,poppin_party,Step×Step!,248.54,146.34146341463537,611.0,606.1951219512246,4.804878048775436,4.804878048775436
402,poppin_party,Jumpin',247.86,193.5483870967728,781.0,799.5483870967686,-18.54838709676858,18.54838709676858
403,poppin_party,White Afternoon,299.56,146.34146341462522,723.0,730.6341463414188,-7.634146341418841,7.634146341418841
404,poppin_party,キラキラスター！,275.49,149.99999999999787,686.0,688.7249999999901,-2.724999999990132,2.724999999990132
405,poppin_party,Returns,322.58,181.8181818181906,849.0,977.5151515151987,-128.51515151519868,128.51515151519868
406,poppin_party,Dreamers Go!,257.77,187.49999999999568,796.0,805.5312499999814,-9.531249999981355,9.531249999981355
407,poppin_party,キズナミュージック♪,315.26,187.500000000004,993.0,985.187500000021,7.812499999978968,7.812499999978968
408,poppin_party,ミライトレイン,355.58,176.47058823529235,1043.0,1045.8235294117542,-2.82352941175418,2.82352941175418
409,poppin_party,夢を撃ち抜く瞬間に！,280.05,199.9999999999924,688.0,933.4999999999646,-245.49999999996464,245.49999999996464
410,poppin_party,ぽっぴん'しゃっふる,277.71,222.2222222222138,852.0,1028.5555555555163,-176.55555555551632,176.55555555551632
411,poppin_party,夏空 SUN! SUN! SEVEN!,270.88,176.47058823529235,796.0,796.7058823529333,-0.7058823529332585,0.7058823529332585
412,poppin_party,1000回潤んだ空,330.48,181.8181818181749,852.0,1001.4545454545074,-149.4545454545074,149.4545454545074
413,poppin_party,HAPPY HAPPY PARTY!,282.08,139.53488372093034,658.0,656.0000000000005,1.9999999999995453,1.9999999999995453
414,poppin_party,夏のドーン！,221.04,162.16216216216017,593.0,597.405405405398,-4.405405405398028,4.405405405398028
415,poppin_party,キミにもらったもの,235.0,146.34146341463537,572.0,573.1707317073218,-1.1707317073218064,1.1707317073218064
416,poppin_party,Light Delight,308.55,181.8181818181749,837.0,934.9999999999644,-97.99999999996442,97.99999999996442
417,poppin_party,切ないSandglass,246.16,181.81818181818275,752.0,745.9393939393977,6.060606060602254,6.060606060602254
418,poppin_party,Home Street,227.43,105.2631578947368,397.0,398.9999999999999,-1.9999999999998863,1.9999999999998863
419,poppin_party,What's the POPIPA!?,278.51,187.49999999999983,864.0,870.3437499999992,-6.343749999999204,6.343749999999204
420,poppin_party,SAKURA MEMORIES,254.42,176.47058823529235,749.0,748.2941176470514,0.7058823529486062,0.7058823529486062
421,poppin_party,アニバーサリー,273.53,171.4285714285707,777.0,781.5142857142823,-4.514285714282323,4.514285714282323
422,poppin_party,Tomorrow's Door,247.29,176.47058823529235,731.0,727.3235294117574,3.676470588242637,3.676470588242637
423,poppin_party,イントロダクション,221.23,166.66666666666035,610.0,614.5277777777544,-4.527777777754409,4.527777777754409
424,poppin_party,TARINAI,219.35,187.500000000004,695.0,685.4687500000147,9.531249999985334,9.531249999985334
425,poppin_party,DOKI DOKI SCARY,239.92,142.85714285714226,568.0,571.2380952380929,-3.23809523809291,3.23809523809291
426,poppin_party,Photograph,257.6,150.0000000000032,747.0,644.0000000000139,102.99999999998613,102.99999999998613
427,poppin_party,夏に閉じこめて,261.46,187.500000000004,801.0,817.0625000000174,-16.062500000017394,16.062500000017394
428,poppin_party,ぽっぴん'どりーむ！,269.46,200.0,898.0,898.1999999999999,-0.1999999999999318,0.1999999999999318
429,poppin_party,星の約束,244.89,176.47058823529235,717.0,720.2647058823458,-3.2647058823457655,3.2647058823457655
430,poppin_party,新しい季節に,211.27,124.99999999999989,438.0,440.145833333333,-2.1458333333329733,2.1458333333329733
431,poppin_party,トレモロアイズ,241.09,166.66666666666364,666.0,669.6944444444323,-3.6944444444322926,3.6944444444322926
432,poppin_party,雨上がり、キミと,265.64,187.500000000004,833.0,830.1250000000177,2.874999999982265,2.874999999982265
433,poppin_party,花咲く未来に,275.85,139.53488372093034,643.0,641.5116279069773,1.48837209302269,1.48837209302269
434,poppin_party,Live Beyond!!,314.41,187.500000000004,996.0,982.5312500000211,13.468749999978854,13.468749999978854
435,poppin_party,Sweets BAN!,255.64,157.89473684210125,668.0,672.736842105246,-4.736842105245955,4.736842105245955
436,poppin_party,キミが始まる！,218.07,176.47058823529235,644.0,641.38235294117,2.6176470588300162,2.6176470588300162
437,poppin_party,Moonlight Walk,226.31,187.500000000004,717.0,707.2187500000151,9.78124999998488,9.78124999998488
438,poppin_party,ここから先は歌にならない,277.31,187.500000000004,878.0,866.5937500000185,11.406249999981469,11.406249999981469
439,poppin_party,青春 To Be Continued,256.08,193.5483870967741,773.0,826.0645161290319,-53.06451612903186,53.06451612903186
440,poppin_party,Future Place,232.72,181.81818181818275,710.0,705.2121212121249,4.7878787878751154,4.7878787878751154
441,poppin_party,大好き！,247.17,166.66666666666035,683.0,686.5833333333072,-3.5833333333072233,3.5833333333072233
442,poppin_party,Five Letters,248.76,127.6595744680854,531.0,529.276595744682,1.7234042553179734,1.7234042553179734
443,poppin_party,最強☆ソング,255.0,181.8181818181749,767.0,772.7272727272433,-5.727272727243303,5.727272727243303
444,poppin_party,RiNG A BELL,260.89,181.81818181818275,792.0,790.5757575757616,1.4242424242384004,1.4242424242384004
445,poppin_party,Drive Your Heart,268.86,153.84615384615924,868.0,689.3846153846396,178.61538461536043,178.61538461536043
446,poppin_party,とっておきAnswer,196.52,193.5483870967728,629.0,633.9354838709634,-4.935483870963367,4.935483870963367
447,poppin_party,START!! True dreams,242.6,176.47058823529605,721.0,713.5294117647137,7.4705882352863,7.4705882352863
448,poppin_party,どきどきデエト,217.03,187.49999999999983,673.0,678.2187499999994,-5.218749999999432,5.218749999999432
449,poppin_party,チョコレイトの低音レシピ,270.78,187.500000000004,635.0,846.187500000018,-211.18750000001796,211.18750000001796
450,poppin_party,Chu Chueen!,229.54,206.89655172413853,690.0,791.5172413793126,-101.51724137931262,101.51724137931262
451,poppin_party,どきどきSING OUT!,247.88,193.5483870967728,802.0,799.6129032258008,2.3870967741992217,2.3870967741992217
452,poppin_party,Freedom,264.39,162.16216216216017,708.0,714.5675675675587,-6.56756756755874,6.56756756755874
453,poppin_party,Game Changer,195.46,199.9999999999972,646.0,651.5333333333242,-5.533333333324208,5.533333333324208
454,poppin_party,花園電気ギター！！！,198.86,187.500000000004,624.0,621.4375000000133,2.5624999999866986,2.5624999999866986
455,poppin_party,す、好きなんかじゃない！,236.68,166.66666666666694,658.0,657.4444444444455,0.5555555555545197,0.5555555555545197
456,poppin_party,遠い音楽 ～ハートビート～,242.85,166.66666666666694,683.0,674.5833333333344,8.416666666665606,8.416666666665606
457,poppin_party,ほな！,226.99,187.49999999999983,704.0,709.3437499999994,-5.343749999999432,5.343749999999432
458,poppin_party,世界中の青空をあつめて,230.1,193.5483870967728,745.0,742.2580645161237,2.7419354838763184,2.7419354838763184
459,poppin_party,勇気Limit！,222.21,222.2222222222138,585.0,822.9999999999688,-237.99999999996885,237.99999999996885
460,poppin_party,開けたらDream!,308.58,139.534883720928,720.0,717.6279069767328,2.3720930232672117,2.3720930232672117
461,poppin_party,絆色のアンサンブル,311.95,187.500000000004,985.0,974.8437500000208,10.156249999979195,10.156249999979195
462,poppin_party,NO GIRL NO CRY (Poppin'Party Ver.),312.52,187.500000000004,991.0,976.6250000000208,14.374999999979195,14.374999999979195
463,poppin_party,ちゅ、多様性。 (Cover),187.67,153.8461538461536,478.0,481.20512820512744,-3.205128205127437,3.205128205127437
464,poppin_party,フィクション (Cover),231.54,122.448979591838,476.0,472.53061224490284,3.4693877550971592,3.4693877550971592
465,poppin_party,幾億光年 (Cover),274.79,96.7741935483864,443.0,443.2096774193517,-0.20967741935169215,0.20967741935169215
466,poppin_party,心絵 (Cover),256.66,95.23809523809538,407.0,407.39682539682605,-0.39682539682604556,0.39682539682604556
467,poppin_party,じょいふる (Cover),194.29,157.89473684210716,517.0,511.28947368421666,5.710526315783341,5.710526315783341
468,poppin_party,MATSURI BAYASHI (Cover),230.67,153.8461538461536,590.0,591.4615384615375,-1.4615384615375433,1.4615384615375433
469,poppin_party,私は最強 (Cover),257.93,193.5483870967728,827.0,832.0322580645102,-5.032258064510188,5.032258064510188
470,poppin_party,トウキョウ・シャンディ・ランデヴ (Cover),186.72,136.36363636363706,435.0,424.36363636363853,10.636363636361466,10.636363636361466
471,poppin_party,夜行性ハイズ (Cover),225.99,133.33333333332828,503.0,502.199999999981,0.8000000000189971,0.8000000000189971
472,poppin_party,メランコリック (Cover),220.52,139.53488372093034,515.0,512.837209302326,2.1627906976740405,2.1627906976740405
473,poppin_party,怪獣の花唄 (Cover),222.73,149.99999999999787,557.0,556.8249999999921,0.1750000000079126,0.1750000000079126
474,poppin_party,光るなら (Cover),253.49,162.16216216216017,682.0,685.1081081080997,-3.1081081080997137,3.1081081080997137
475,poppin_party,ミュージック・アワー (Cover),280.36,136.36363636362827,630.0,637.1818181817804,-7.181818181780386,7.181818181780386
476,poppin_party,only my railgun (Cover),252.86,142.85714285714226,602.0,602.0476190476165,-0.04761904761653568,0.04761904761653568
477,poppin_party,ロミオとシンデレラ (Cover),280.13,171.4285714285707,795.0,800.3714285714252,-5.371428571425213,5.371428571425213
478,poppin_party,Daydream café (Cover),228.67,149.99999999999787,573.0,571.6749999999919,1.3250000000081172,1.3250000000081172
479,poppin_party,君じゃなきゃダメみたい (Cover),239.73,130.43478260869554,523.0,521.152173913043,1.8478260869569567,1.8478260869569567
480,poppin_party,＊〜アスタリスク〜 (Cover),252.22,127.6595744680854,538.0,536.6382978723417,1.3617021276583046,1.3617021276583046
481,poppin_party,DAYS of DASH (Cover),253.36,162.16216216216017,678.0,684.7567567567484,-6.756756756748359,6.756756756748359
482,poppin_party,檄！帝国華撃団 (Cover),184.13,142.85714285714226,439.0,438.40476190476005,0.5952380952399494,0.5952380952399494
483,poppin_party,DAYS (Cover),234.62,136.36363636363265,527.0,533.2272727272582,-6.227272727258196,6.227272727258196
484,poppin_party,ディスカバリー！ (Cover),277.96,171.4285714285742,799.0,794.1714285714413,4.828571428558689,4.828571428558689
485,poppin_party,チェリボム (Cover),246.13,187.500000000004,780.0,769.1562500000164,10.843749999983629,10.843749999983629
486,poppin_party,ヴァンパイア (Cover),182.16,162.1621621621664,500.0,492.32432432433717,7.675675675662831,7.675675675662831
487,poppin_party,怪物 (Cover),206.4,171.4285714285707,586.0,589.7142857142832,-3.7142857142831645,3.7142857142831645
488,poppin_party,大河よ共に泣いてくれ (Cover),207.42,176.47058823529235,603.0,610.0588235294056,-7.058823529405572,7.058823529405572
489,poppin_party,空色デイズ (Cover),253.66,176.47058823529235,738.0,746.0588235294042,-8.058823529404208,8.058823529404208
490,raise_a_suilen,Invincible Fighter,250.56,199.9999999999924,823.0,835.1999999999683,-12.199999999968327,12.199999999968327
491,raise_a_suilen,A DECLARATION OF ×××,315.43,149.99999999999787,789.0,788.5749999999888,0.4250000000112095,0.4250000000112095
492,raise_a_suilen,SOUL SOLDIER,239.78,193.5483870967728,767.0,773.4838709677365,-6.483870967736493,6.483870967736493
493,raise_a_suilen,UNSTOPPABLE,230.27,171.4285714285707,654.0,657.914285714283,-3.9142857142829826,3.9142857142829826
494,raise_a_suilen,HELL! or HELL?,282.09,199.9999999999924,925.0,940.2999999999643,-15.299999999964257,15.299999999964257
495,raise_a_suilen,Beautiful Birthday,255.8,176.47058823529235,747.0,752.3529411764631,-5.352941176463105,5.352941176463105
496,raise_a_suilen,Takin’ my Heart,286.63,181.8181818181906,880.0,868.5757575757995,11.424242424200543,11.424242424200543
497,raise_a_suilen,DRIVE US CRAZY,245.13,105.2631578947368,429.0,430.0526315789472,-1.0526315789472278,1.0526315789472278
498,raise_a_suilen,!NVADE SHOW!,265.48,171.4285714285603,750.0,758.5142857142365,-8.514285714236507,8.514285714236507
499,raise_a_suilen,REIGNING,249.25,181.81818181818275,757.0,755.3030303030341,1.6969696969658798,1.6969696969658798
500,raise_a_suilen,EXPOSE ‘Burn out!!!’,283.43,187.500000000004,898.0,885.7187500000189,12.281249999981128,12.281249999981128
501,raise_a_suilen,R・I・O・T,301.02,139.53488372093034,702.0,700.0465116279075,1.9534883720924654,1.9534883720924654
502,raise_a_suilen,V.I.P MONSTER,241.59,171.4285714285742,694.0,690.257142857154,3.742857142845992,3.742857142845992
503,raise_a_suilen,mind of Prominence,266.02,187.500000000004,833.0,831.3125000000177,1.6874999999822649,1.6874999999822649
504,raise_a_suilen,Ray of hope,190.45,127.6595744680854,404.0,405.21276595744774,-1.2127659574477434,1.2127659574477434
505,raise_a_suilen,EXIST,237.99,139.53488372093034,555.0,553.4651162790702,1.5348837209297699,1.5348837209297699
506,raise_a_suilen,Sacred world,300.36,142.85714285713743,709.0,715.1428571428299,-6.142857142829939,6.142857142829939
507,raise_a_suilen,-N-E-M-E-S-I-S-,267.33,146.34146341463284,645.0,652.0243902438965,-7.024390243896505,7.024390243896505
508,raise_a_suilen,DANCING DARING,214.86,187.500000000004,674.0,671.4375000000144,2.5624999999855618,2.5624999999855618
509,raise_a_suilen,BATTLE CRY,234.23,187.500000000004,734.0,731.9687500000157,2.031249999984311,2.031249999984311
510,raise_a_suilen,Domination to world,257.9,200.0000000000001,860.0,859.6666666666671,0.3333333333329165,0.3333333333329165
511,raise_a_suilen,THE WAY OF LIFE,237.96,171.4285714285707,677.0,679.8857142857115,-2.885714285711515,2.885714285711515
512,raise_a_suilen,灼熱 Bonfire!,224.34,153.8461538461536,578.0,575.2307692307684,2.7692307692316263,2.7692307692316263
513,raise_a_suilen,Repaint,234.3,206.89655172413347,768.0,807.9310344827412,-39.93103448274121,39.93103448274121
514,raise_a_suilen,Life on the Lotus,242.73,101.6949152542367,409.0,411.4067796610146,-2.406779661014582,2.406779661014582
515,raise_a_suilen,CORUSCATE -DNA-,286.96,149.99999999999787,858.0,717.3999999999899,140.60000000001014,140.60000000001014
516,raise_a_suilen,That Is How I Roll!,265.56,181.8181818181749,801.0,804.7272727272422,-3.727272727242166,3.727272727242166
517,raise_a_suilen,しゅわりん☆どり～みん,265.27,176.47058823529235,740.0,780.2058823529334,-40.20588235293337,40.20588235293337
518,raise_a_suilen,パスパレボリューションず☆,231.46,176.47058823529235,673.0,680.7647058823461,-7.764705882346107,7.764705882346107
519,raise_a_suilen,えがおのオーケストラっ！,255.14,136.36363636363706,587.0,579.8636363636393,7.13636363636067,7.13636363636067
520,raise_a_suilen,Don't be afraid!,143.61,181.8181818181749,410.0,435.1818181818017,-25.181818181801702,25.181818181801702
521,raise_a_suilen,ゆら・ゆらRing-Dong-Dance,294.56,171.4285714285742,858.0,841.6000000000136,16.39999999998645,16.39999999998645
522,raise_a_suilen,Hey-day狂騒曲(カプリチオ),241.14,157.89473684210716,641.0,634.5789473684287,6.421052631571342,6.421052631571342
523,raise_a_suilen,Scarlet Sky,246.46,181.8181818181749,724.0,746.8484848484565,-22.84848484845645,22.84848484845645
524,raise_a_suilen,ゴーカ！ごーかい！？ファントムシーフ！,241.82,214.28571428571345,831.0,863.6428571428537,-32.6428571428537,32.6428571428537
526,raise_a_suilen,That Is How I Roll! (ライブ / アンコール),282.74,181.8181818181749,843.0,856.7878787878464,-13.787878787846353,13.787878787846353
527,raise_a_suilen,R･I･O･T (ライブ / アンコール),347.65,139.534883720928,778.0,808.4883720930103,-30.488372093010298,30.488372093010298
528,raise_a_suilen,Apocalypse,252.14,149.99999999999787,629.0,630.349999999991,-1.3499999999910415,1.3499999999910415
529,raise_a_suilen,TWIN TALE,217.27,193.5483870967728,632.0,700.8709677419305,-68.87096774193049,68.87096774193049
530,raise_a_suilen,STRAY CERBERUS,255.83,181.8181818181749,769.0,775.2424242423948,-6.242424242394804,6.242424242394804
531,raise_a_suilen,BERSER-KEY,230.51,120.0,462.0,461.0199999999999,0.980000000000075,0.980000000000075
532,raise_a_suilen,POLARIS,271.63,187.49999999999568,838.0,848.8437499999804,-10.843749999980446,10.843749999980446
533,raise_a_suilen,HOWLING AMBITION,258.09,136.36363636363706,584.0,586.5681818181848,-2.5681818181848257,2.5681818181848257
534,raise_a_suilen,VIVID FIRST TIME,229.66,200.0000000000019,766.0,765.5333333333406,0.466666666659421,0.466666666659421
535,raise_a_suilen,'FIGHT' ADDICT,231.29,193.5483870967728,751.0,746.0967741935431,4.9032258064569305,4.9032258064569305
536,raise_a_suilen,Drown Out the Noise and Push Through the Trash,215.56,127.6595744680854,414.0,458.63829787234147,-44.63829787234147,44.63829787234147
537,raise_a_suilen,FIVE as ONE,254.93,187.500000000004,744.0,796.656250000017,-52.65625000001705,52.65625000001705
538,raise_a_suilen,EXPOSE 'Burn out!!!' (English),283.56,187.500000000004,899.0,886.1250000000189,12.874999999981128,12.874999999981128
539,raise_a_suilen,Takin' my Heart (English),284.76,181.8181818181906,874.0,862.9090909091325,11.090909090867513,11.090909090867513
540,raise_a_suilen,WELCOME TO PANDEMONIUM,254.54,206.89655172412333,865.0,877.7241379309725,-12.72413793097246,12.72413793097246
541,raise_a_suilen,WHAT AN EXPLOSION,190.68,193.5483870967728,637.0,615.096774193544,21.90322580645602,21.90322580645602
542,raise_a_suilen,RUNAWAY STAR,228.71,200.0000000000007,763.0,762.3666666666694,0.6333333333305973,0.6333333333305973
543,raise_a_suilen,Bad Kids All Bet,228.06,171.4285714285707,648.0,651.5999999999972,-3.5999999999971806,3.5999999999971806
544,raise_a_suilen,Light a fire,268.53,139.534883720928,618.0,624.4883720930133,-6.488372093013254,6.488372093013254
545,raise_a_suilen,Embrace of light,271.69,153.846153846148,686.0,696.6410256409993,-10.64102564099926,10.64102564099926
546,raise_a_suilen,OUTSIDER RODEO,268.61,149.99999999999787,769.0,671.5249999999905,97.47500000000946,97.47500000000946
547,raise_a_suilen,JUST THE WAY I AM,258.48,181.8181818181749,778.0,783.2727272726975,-5.272727272697466,5.272727272697466
548,raise_a_suilen,ラスハピーポー！,200.07,193.548387096775,654.0,645.3870967741963,8.612903225803734,8.612903225803734
549,raise_a_suilen,1/3の純情な感情 (Cover),222.42,153.846153846148,563.0,570.3076923076707,-7.3076923076706635,7.3076923076706635
550,raise_a_suilen,ヒトリノ夜 (Cover),237.51,176.47058823529235,690.0,698.5588235294048,-8.558823529404776,8.558823529404776
551,raise_a_suilen,激動 (Cover),333.16,113.20754716981108,629.0,628.6037735849044,0.39622641509561163,0.39622641509561163
552,raise_a_suilen,メギツネ (Cover),250.82,142.85714285714226,575.0,597.1904761904736,-22.190476190473646,22.190476190473646
553,raise_a_suilen,Bling-Bang-Bang-Born (Cover),168.35,157.89473684210495,441.0,443.02631578947273,-2.026315789472733,2.026315789472733
554,raise_a_suilen,第六感 (Cover),192.82,133.33333333333408,431.0,428.48888888889127,2.5111111111087325,2.5111111111087325
555,raise_a_suilen,革命道中 (Cover),197.98,187.49999999999983,615.0,618.6874999999994,-3.6874999999994316,3.6874999999994316
556,raise_a_suilen,Get Wild (Cover),199.16,133.3333333333346,445.0,442.577777777782,2.4222222222180108,2.4222222222180108
557,raise_a_suilen,ボッカデラべリタ (Cover),201.59,171.4285714285707,572.0,575.9714285714261,-3.971428571426145,3.971428571426145
558,raise_a_suilen,第ゼロ感 (Cover),288.3,149.99999999999787,716.0,720.7499999999898,-4.749999999989768,4.749999999989768
559,raise_a_suilen,劣等上等 (Cover),236.86,162.16216216216017,633.0,640.1621621621543,-7.162162162154345,7.162162162154345
560,raise_a_suilen,Just Awake (Cover),222.8,193.5483870967728,709.0,718.7096774193498,-9.70967741934976,9.70967741934976
561,raise_a_suilen,Keep the Heat and Fire Yourself Up (Cover),205.37,157.89473684210526,584.0,540.4473684210526,43.5526315789474,43.5526315789474
562,raise_a_suilen,ボッカデラベリタ (Cover),201.69,171.4285714285707,572.0,576.2571428571405,-4.2571428571404795,4.2571428571404795
563,raise_a_suilen,VORACITY (Cover),207.23,200.0000000000007,690.0,690.766666666669,-0.7666666666690389,0.7666666666690389
564,raise_a_suilen,神っぽいな (Cover),203.82,142.85714285713743,458.0,485.2857142856958,-27.285714285695803,27.285714285695803
565,raise_a_suilen,狂乱 Hey Kids!! (Cover),249.45,272.7272727272741,801.0,1133.8636363636422,-332.8636363636422,332.8636363636422
566,raise_a_suilen,SAVIOR OF SONG (Cover),248.95,193.5483870967728,797.0,803.0645161290265,-6.064516129026515,6.064516129026515
567,raise_a_suilen,恋しさとせつなさと心強さと (Cover),250.51,130.43478260869338,543.0,544.5869565217296,-1.5869565217295758,1.5869565217295758
568,raise_a_suilen,DEPARTURES (Cover),332.3,100.00000000000097,553.0,553.8333333333387,-0.8333333333387145,0.8333333333387145
569,raise_a_suilen,CORE PRIDE (Cover),257.02,187.49999999999568,793.0,803.1874999999815,-10.187499999981469,10.187499999981469
570,roselia,Neo-Aspect,307.01,181.8181818181749,922.0,930.3333333332979,-8.333333333297901,8.333333333297901
571,roselia,BLACK SHOUT,247.05,187.49999999998727,712.0,772.0312499999476,-60.03124999994759,60.03124999994759
572,roselia,Opera of the wasteland,284.32,260.8695652173868,871.0,1236.173913043457,-365.1739130434571,365.1739130434571
573,roselia,陽だまりロードナイト,289.36,142.85714285714226,688.0,688.9523809523781,-0.952380952378121,0.952380952378121
574,roselia,ONENESS,238.98,187.500000000004,731.0,746.8125000000159,-15.812500000015916,15.812500000015916
575,roselia,Re:birth day,268.42,171.4285714285707,763.0,766.9142857142825,-3.914285714282528,3.914285714282528
576,roselia,Legendary,291.55,142.85714285714712,700.0,694.1666666666874,5.8333333333125665,5.8333333333125665
577,roselia,- HEROIC ADVENT -,221.8,181.81818181818275,674.0,672.1212121212156,1.878787878784351,1.878787878784351
578,roselia,Determination Symphony,281.66,187.500000000004,892.0,880.1875000000189,11.812499999981128,11.812499999981128
579,roselia,熱色スターマイン,280.14,187.5,874.0,875.4375,-1.4375,1.4375
580,roselia,軌跡,312.05,84.50704225352357,443.0,439.5070422535338,3.4929577464661747,3.4929577464661747
581,roselia,LOUDER,215.92,193.5483870967728,701.0,696.5161290322532,4.483870967746839,4.483870967746839
582,roselia,R,284.99,187.500000000004,891.0,890.593750000019,0.4062499999810143,0.4062499999810143
583,roselia,BRAVE JEWEL,247.26,193.5483870967728,792.0,797.6129032258008,-5.612903225800778,5.612903225800778
584,roselia,FIRE BIRD,359.74,149.99999999999787,840.0,899.3499999999873,-59.34999999998729,59.34999999998729
585,roselia,Safe and Sound,258.29,181.81818181818275,785.0,782.6969696969737,2.3030303030262758,2.3030303030262758
586,roselia,Avant-garde HISTORY,306.32,230.76923076922623,1121.0,1178.1538461538228,-57.15384615382277,57.15384615382277
587,roselia,Break your desire,261.08,206.89655172413347,892.0,900.275862068946,-8.275862068946026,8.275862068946026
589,roselia,約束,304.13,122.448979591838,624.0,620.6734693877614,3.326530612238571,3.326530612238571
590,roselia,"""UNIONS"" Road",308.83,136.36363636363487,696.0,701.8863636363559,-5.886363636355895,5.886363636355895
591,roselia,Song I am.,242.27,187.500000000004,768.0,757.0937500000163,10.906249999983743,10.906249999983743
592,roselia,Sage der Rosen,244.68,157.89473684210716,648.0,643.8947368421129,4.105263157887066,4.105263157887066
593,roselia,覚悟のLiberation,260.54,181.8181818181906,703.0,789.5151515151897,-86.5151515151897,86.5151515151897
594,roselia,Keep Heart,245.7,199.9999999999924,811.0,818.9999999999688,-7.99999999996885,7.99999999996885
595,roselia,Original Call,225.03,176.47058823529235,654.0,661.852941176464,-7.8529411764640145,7.8529411764640145
596,roselia,Always recall.,252.05,187.49999999999568,778.0,787.6562499999819,-9.656249999981924,9.656249999981924
597,roselia,Floral Haven,281.64,187.500000000004,730.0,880.1250000000188,-150.12500000001876,150.12500000001876
598,roselia,Sprechchor,309.63,149.99999999999787,774.0,774.074999999989,-0.07499999998901785,0.07499999998901785
599,roselia,閃光,218.38,176.4705882352942,650.0,642.2941176470591,7.7058823529408755,7.7058823529408755
600,roselia,THE HISTORIC...,271.03,176.47058823529235,792.0,797.1470588235213,-5.14705882352132,5.14705882352132
601,roselia,ROZEN HORIZON,366.09,157.89473684210716,958.0,963.3947368421167,-5.394736842116686,5.394736842116686
602,roselia,廻廻奇譚,220.95,187.49999999999568,682.0,690.4687499999841,-8.468749999984084,8.468749999984084
603,roselia,鳥の詩,356.33,122.44897959183446,725.0,727.2040816326395,-2.204081632639486,2.204081632639486
604,roselia,Synchrogazer,266.55,157.89473684210716,710.0,701.4473684210611,8.552631578938872,8.552631578938872
605,roselia,名前のない怪物,300.98,181.8181818181749,905.0,912.0606060605714,-7.060606060571445,7.060606060571445
606,roselia,Dazzle the Destiny,240.95,193.5483870967728,767.0,777.2580645161235,-10.258064516123454,10.258064516123454
607,roselia,Grateful Melting,217.1,120.0,434.0,434.2,-0.19999999999998863,0.19999999999998863
608,roselia,Second to None,233.59,187.49999999999983,725.0,729.9687499999994,-4.968749999999432,4.968749999999432
609,roselia,Steadfast Spirits,224.61,193.5483870967728,719.0,724.548387096769,-5.548387096769034,5.548387096769034
610,roselia,紫炎,221.14,187.500000000004,701.0,691.0625000000147,9.937499999985334,9.937499999985334
611,roselia,XV,234.79,193.5483870967728,756.0,757.3870967741881,-1.3870967741880804,1.3870967741880804
612,roselia,Blessing Chord,276.78,153.8461538461536,701.0,709.6923076923066,-8.6923076923066,8.6923076923066
613,roselia,Fear Nothing,228.72,115.38461538461628,509.0,439.8461538461572,69.15384615384278,69.15384615384278
614,roselia,PASSIONATE ANTHEM,242.68,193.5483870967728,789.0,782.8387096774137,6.1612903225862965,6.1612903225862965
615,roselia,Requiem for Fate,238.01,153.8461538461536,607.0,610.2820512820504,-3.282051282050361,3.282051282050361
616,roselia,Sanctuary,310.64,181.81818181818275,944.0,941.333333333338,2.6666666666619676,2.6666666666619676
617,roselia,Sunlit Musical,231.78,187.49999999999568,716.0,724.3124999999833,-8.312499999983288,8.312499999983288
618,roselia,Talk to My Tone,245.49,103.44827586206928,426.0,423.2586206896565,2.7413793103435182,2.7413793103435182
619,roselia,一逢のFull Glory,231.97,200.00000000000043,751.0,773.233333333335,-22.233333333335054,22.233333333335054
620,roselia,礎の花冠,246.76,176.47058823529235,717.0,725.7647058823457,-8.764705882345652,8.764705882345652
621,roselia,FRONTIER FANTASIA,262.05,176.4705882352942,739.0,770.7352941176474,-31.735294117647413,31.735294117647413
622,roselia,Dear Gleam,253.24,193.548387096775,827.0,816.903225806455,10.096774193545002,10.096774193545002
623,roselia,Call the shots,265.06,187.500000000004,834.0,828.3125000000177,5.687499999982265,5.687499999982265
624,roselia,THRONE OF ROSE,312.06,162.16216216216017,836.0,843.4054054053951,-7.405405405395072,7.405405405395072
625,roselia,VIOLET LINE,290.43,199.9999999999924,807.0,968.0999999999633,-161.0999999999633,161.0999999999633
626,roselia,Ringing Bloom,334.57,193.5483870967728,1086.0,1079.2580645161213,6.741935483878706,6.741935483878706
627,roselia,ZEAL of proud,278.79,193.5483870967728,906.0,899.322580645155,6.6774193548450285,6.6774193548450285
628,roselia,Singing “OURS”,315.91,124.99999999999989,659.0,658.1458333333327,0.8541666666673109,0.8541666666673109
629,roselia,競宴Red×Violet,262.99,146.34146341463537,648.0,641.4390243902493,6.560975609750699,6.560975609750699
630,roselia,overtuRe,243.85,193.5483870967728,786.0,786.6129032258009,-0.612903225800892,0.612903225800892
631,roselia,Proud of oneself,235.59,193.5483870967728,753.0,759.9677419354786,-6.967741935478557,6.967741935478557
632,roselia,Sing Alive,315.14,193.5483870967728,970.0,1016.580645161283,-46.58064516128297,46.58064516128297
633,roselia,Swear ～Night & Day～,304.01,113.20754716981108,577.0,573.6037735849044,3.3962264150956116,3.3962264150956116
634,roselia,Reweave (Cover),238.13,181.81818181818275,727.0,721.6060606060643,5.393939393935739,5.393939393935739
635,roselia,ヒバナ -Reloaded- (Cover),205.26,200.0000000000019,685.0,684.2000000000064,0.7999999999935881,0.7999999999935881
636,roselia,ファタール (Cover),220.63,157.89473684209534,576.0,580.6052631578583,-4.605263157858303,4.605263157858303
637,roselia,HONEY (Cover),227.41,181.81818181818275,692.0,689.1212121212156,2.878787878784351,2.878787878784351
638,roselia,悪魔の子 (Cover),226.32,176.47058823529235,503.0,665.6470588235227,-162.64705882352268,162.64705882352268
639,roselia,slash (Cover),240.55,107.1428571428574,432.0,429.55357142857247,2.446428571427532,2.446428571427532
640,roselia,右肩の蝶 (Cover),276.02,139.53488372093028,643.0,641.9069767441863,1.093023255813705,1.093023255813705
641,roselia,乙女解剖 (Cover),223.62,133.3333333333346,499.0,496.93333333333806,2.066666666661945,2.066666666661945
642,roselia,六兆年と一夜物語 (Cover),216.14,187.49999999999983,669.0,675.4374999999994,-6.437499999999432,6.437499999999432
643,roselia,残酷な天使のテーゼ (Cover),261.32,139.534883720928,598.0,607.7209302325484,-9.720930232548426,9.720930232548426
644,roselia,海色 (Cover),256.62,193.5483870967728,834.0,827.8064516128974,6.193548387102624,6.193548387102624
645,roselia,ETERNAL BLAZE (Cover),308.72,153.84615384615924,781.0,791.5897435897714,-10.589743589771388,10.589743589771388
646,roselia,魂のルフラン (Cover),269.22,130.43478260869338,583.0,585.2608695652073,-2.2608695652072583,2.2608695652072583
647,roselia,This game (Cover),283.2,146.34146341463537,694.0,690.731707317079,3.2682926829210146,3.2682926829210146
648,roselia,スカイクラッドの観測者 (Cover),273.35,166.66666666666694,757.0,759.3055555555569,-2.305555555556907,2.305555555556907
649,roselia,シャルル (Cover),232.17,146.34146341463028,560.0,566.2682926829118,-6.268292682911806,6.268292682911806
650,roselia,新時代 (Cover),226.34,176.47058823529235,633.0,665.7058823529346,-32.70588235293462,32.70588235293462
651,roselia,革命デュアリズム (Cover),237.15,206.89655172413347,809.0,817.7586206896376,-8.75862068963761,8.75862068963761
652,roselia,Red fraction (Cover),200.54,142.85714285714226,474.0,477.47619047618844,-3.4761904761884352,3.4761904761884352
653,roselia,深愛 (Cover),272.76,139.534883720928,626.0,634.3255813953386,-8.325581395338645,8.325581395338645
654,roselia,Paradisus‐Paradoxum (Cover),232.39,200.0000000000019,778.0,774.6333333333406,3.3666666666593983,3.3666666666593983
655,roselia,Realize (Cover),245.84,206.89655172412333,651.0,847.7241379309746,-196.72413793097462,196.72413793097462
656,roselia,Preserved Roses (Cover),210.63,166.66666666666694,588.0,585.0833333333343,2.9166666666657193,2.9166666666657193
657,roselia,My Dearest (Cover),336.95,166.6666666666735,945.0,935.9722222222606,9.027777777739402,9.027777777739402
658,roselia,Shangri-La (Cover),238.53,153.84615384615924,608.0,611.6153846154061,-3.6153846154061284,3.6153846154061284
659,roselia,KING (Cover),134.45,166.66666666666694,374.0,373.4722222222228,0.527777777777203,0.527777777777203
660,mygo,素寄曲,238.18,117.64705882352824,463.0,467.01960784313263,-4.019607843132633,4.019607843132633
661,mygo,羅永線,233.33,187.500000000004,739.0,729.1562500000157,9.843749999984311,9.843749999984311
662,mygo,騒混出,227.12,181.8181818181749,682.0,688.2424242423981,-6.242424242398101,6.242424242398101
663,morfonica,深海少女 (Cover),217.68,136.36363636363706,497.0,494.7272727272753,2.272727272724694,2.272727272724694
664,mugendai_mutype,等身大あんりみてっど,168.27,115.3846153846154,323.0,323.5961538461539,-0.5961538461539249,0.5961538461539249
665,mugendai_mutype,好きになっちゃえ！,207.22,133.3333333333367,458.0,460.48888888890053,-2.488888888900533,2.488888888900533
666,mugendai_mutype,YoU kNOw the overture,173.55,120.0,347.0,347.1,-0.10000000000002274,0.10000000000002274
667,mugendai_mutype,唱 (Cover),194.15,133.33333333332828,427.0,431.4444444444281,-4.444444444428086,4.444444444428086
668,mugendai_mutype,インキャのキャキャキャ (Cover),220.34,176.47058823529235,648.0,648.0588235294053,-0.05882352940534474,0.05882352940534474
669,mugendai_mutype,デビルじゃないもん (Cover),163.58,153.8461538461536,416.0,419.43589743589683,-3.435897435896834,3.435897435896834
670,mugendai_mutype,エイリアンエイリアン (Cover),197.16,142.85714285714226,466.0,469.4285714285695,-3.428571428569512,3.428571428569512
671,mugendai_mutype,ぼくたちいつでも しゅわっしゅわ！ (Cover),184.35,260.86956521739484,738.0,801.5217391304456,-63.52173913044555,63.52173913044555
672,mugendai_mutype,回レ!雪月花 (Cover),234.25,162.16216216216017,627.0,633.1081081081004,-6.108108108100396,6.108108108100396
673,mugendai_mutype,ビッグマウス feat.りむる (Cover),173.41,146.34146341463284,420.0,422.95121951219136,-2.951219512191358,2.951219512191358
674,mugendai_mutype,KiLLKiSS (Cover),207.36,199.9999999999972,660.0,691.1999999999903,-31.19999999999027,31.19999999999027
675,mugendai_mutype,君が飛び降りるのならば (Cover),173.57,206.8965517241436,605.0,598.5172413793267,6.48275862067328,6.48275862067328
676,mugendai_mutype,地球最後の告白を (Cover),266.87,187.500000000004,766.0,833.9687500000178,-67.96875000001785,67.96875000001785
677,mugendai_mutype,パラレルラルラ (Cover),157.84,187.500000000004,501.0,493.2500000000106,7.749999999989427,7.749999999989427
678,mugendai_mutype,夜もすがら君想ふ (Cover),236.36,146.34146341463537,583.0,576.4878048780537,6.51219512194632,6.51219512194632
679,mugendai_mutype,ジレンマ (Cover),166.96,187.49999999999983,524.0,521.7499999999995,2.2500000000004547,2.2500000000004547
680,mugendai_mutype,glow (Cover),287.57,162.16216216216017,553.0,777.2162162162066,-224.2162162162066,224.2162162162066
681,mugendai_mutype,メンタルチェンソー (Cover),177.38,187.5,557.0,554.3125,2.6875,2.6875
682,mugendai_mutype,ホシアイ (Cover),286.19,166.66666666666035,775.0,794.972222222192,-19.972222222192045,19.972222222192045
683,mugendai_mutype,フォニイ (Cover),189.24,171.4285714285707,536.0,540.685714285712,-4.685714285712038,4.685714285712038
684,mugendai_mutype,ELECT (Cover),193.11,130.4347826086954,418.0,419.80434782608614,-1.8043478260861434,1.8043478260861434
685,mugendai_mutype,ユキトキ (Cover),272.86,166.66666666666035,753.0,757.9444444444158,-4.944444444415808,4.944444444415808
686,mugendai_mutype,スイートマジック (Cover),216.1,122.448979591838,444.0,441.02040816326985,2.979591836730151,2.979591836730151
687,mugendai_mutype,少年よ我に帰れ (Cover),389.75,176.4705882353071,971.0,1146.323529411849,-175.323529411849,175.323529411849
688,mugendai_mutype,One Last Kiss (Cover),259.56,111.11111111111276,443.0,480.66666666667385,-37.66666666667385,37.66666666667385
689,mugendai_mutype,ミルククラウン・オン・ソーネチカ (Cover),215.02,127.6595744680854,458.0,457.48936170212875,0.5106382978712531,0.5106382978712531
690,mugendai_mutype,決戦スピリット (Cover),272.25,187.500000000004,699.0,850.7812500000182,-151.7812500000182,151.7812500000182
691,mugendai_mutype,ティアドロップス (Cover),216.27,187.500000000004,685.0,675.8437500000144,9.156249999985562,9.156249999985562
692,mugendai_mutype,ロウワー (Cover),230.56,133.33333333332828,507.0,512.3555555555362,-5.355555555536171,5.355555555536171
693,mugendai_mutype,ハイドアンド・シーク (Cover),265.23,139.534883720928,610.0,616.8139534883624,-6.813953488362358,6.813953488362358
694,mugendai_mutype,不可解 (Cover),277.28,133.3333333333367,622.0,616.1777777777933,5.822222222206733,5.822222222206733
695,mugendai_mutype,GURU (Cover),191.5,137.9310344827579,439.0,440.22988505746895,-1.2298850574689482,1.2298850574689482
696,mugendai_mutype,経験値上昇中☆ (Cover),231.53,171.4285714285707,660.0,661.514285714283,-1.5142857142830053,1.5142857142830053
697,mugendai_mutype,翼をください (Cover),218.16,82.19178082191816,300.0,298.84931506849443,1.150684931505566,1.150684931505566
698,mugendai_mutype,元気を出して (Cover),289.38,90.90909090909138,439.0,438.4545454545477,0.5454545454522872,0.5454545454522872
699,mugendai_mutype,ハッピー☆マテリアル (Cover),224.57,162.1621621621621,612.0,606.9459459459457,5.054054054054291,5.054054054054291
700,mugendai_mutype,時をかける少女 (Cover),231.6,130.43478260870145,509.0,503.4782608695876,5.5217391304124135,5.5217391304124135
701,mugendai_mutype,TOMORROW (Cover),289.04,105.2631578947381,510.0,507.0877192982517,2.912280701748273,2.912280701748273
702,mugendai_mutype,PARTY☆NIGHT（D-POP version） (Cover),319.91,142.85714285713743,746.0,761.6904761904474,-15.690476190447384,15.690476190447384
703,mugendai_mutype,CH4NGE (Cover),139.1,115.38461538461549,268.0,267.5000000000002,0.4999999999997726,0.4999999999997726
704,mugendai_mutype,絶え間なく藍色 (Cover),220.69,124.99999999999989,461.0,459.7708333333329,1.2291666666670835,1.2291666666670835
705,mugendai_mutype,撫でんな (Cover),187.13,146.34146341463284,453.0,456.4146341463374,-3.4146341463373915,3.4146341463373915
706,mugendai_mutype,なにやってもうまくいかない (Cover),150.75,124.99999999999989,315.0,314.0624999999997,0.9375000000002842,0.9375000000002842
707,mugendai_mutype,マーシャル・マキシマイザー (Cover),161.97,187.500000000004,514.0,506.1562500000108,7.8437499999892,7.8437499999892
708,mugendai_mutype,ZEAL of proud (Cover),278.99,193.5483870967728,907.0,899.9677419354775,7.032258064522466,7.032258064522466
709,mugendai_mutype,繰り返し一粒 (Cover),255.52,117.64705882353152,505.0,501.0196078431463,3.980392156853725,3.980392156853725
710,poppin_party,乙女はサイコパス (Cover),256.66,166.6666666666735,725.0,712.9444444444738,12.055555555526212,12.055555555526212
711,roselia,Neo-Aspect,310.01,181.8181818181749,932.0,939.4242424242067,-7.424242424206682,7.424242424206682
712,millsage,カーネーションの咲く日に,237.52,149.99999999999787,589.0,593.7999999999917,-4.799999999991655,4.799999999991655
713,mugendai_mutype,唱 (Cover),194.15,133.33333333332828,427.0,431.4444444444281,-4.444444444428086,4.444444444428086
714,mugendai_mutype,インキャのキャキャキャ (Cover),220.34,176.47058823529235,648.0,648.0588235294053,-0.05882352940534474,0.05882352940534474
715,mugendai_mutype,デビルじゃないもん (Cover),163.58,153.8461538461536,416.0,419.43589743589683,-3.435897435896834,3.435897435896834
716,mugendai_mutype,エイリアンエイリアン (Cover),197.16,142.85714285714226,466.0,469.4285714285695,-3.428571428569512,3.428571428569512
717,mugendai_mutype,ぼくたちいつでも しゅわっしゅわ！ (Cover),184.35,260.86956521739484,738.0,801.5217391304456,-63.52173913044555,63.52173913044555
718,mugendai_mutype,回レ!雪月花 (Cover),234.25,162.16216216216017,627.0,633.1081081081004,-6.108108108100396,6.108108108100396
719,mugendai_mutype,ビッグマウス feat.りむる (Cover),173.41,146.34146341463284,420.0,422.95121951219136,-2.951219512191358,2.951219512191358
720,mugendai_mutype,KiLLKiSS (Cover),215.02,199.9999999999972,686.0,716.7333333333232,-30.73333333332323,30.73333333332323
721,mygo,二息歩行 (Reloaded) (Cover),197.72,181.81818181817883,593.0,599.1515151515052,-6.151515151505237,6.151515151505237
722,mygo,社会距離 (Cover),242.8,130.43478260869338,527.0,527.8260869565125,-0.8260869565125404,0.8260869565125404
723,mygo,君の神様になりたい。 (Cover),252.76,193.5483870967728,640.0,815.3548387096715,-175.35483870967153,175.35483870967153
724,mygo,Henceforth (Cover),234.3,157.89473684210716,618.0,616.5789473684285,1.421052631571456,1.421052631571456
725,mygo,ティアドロップス (Cover),214.78,187.500000000004,681.0,671.1875000000143,9.812499999985675,9.812499999985675
726,mygo,遠心力 (Cover),197.16,133.3333333333346,441.0,438.1333333333375,2.8666666666625247,2.8666666666625247
727,mygo,ないばいたりてぃ (Cover),212.71,200.0000000000019,709.0,709.0333333333401,-0.03333333334012423,0.03333333334012423
728,mygo,キリトリセン (Cover),237.06,166.66666666666035,655.0,658.499999999975,-3.499999999974989,3.499999999974989
729,mygo,もしも命が描けたら (Cover),201.38,100.00000000000036,336.0,335.6333333333345,0.36666666666548053,0.36666666666548053
730,mygo,TEENAGE RIOT (Cover),223.3,133.33333333332828,492.0,496.22222222220347,-4.22222222220347,4.22222222220347
731,mygo,パメラ (Cover),194.19,146.34146341463537,479.0,473.6341463414674,5.365853658532615,5.365853658532615
732,mygo,栞 (Cover),262.37,199.9999999999972,637.0,874.5666666666544,-237.56666666665444,237.56666666665444
733,mygo,シンデレラボーイ (Cover),231.36,107.1428571428574,417.0,413.14285714285813,3.8571428571418664,3.8571428571418664
734,mygo,少女レイ (Cover),288.48,149.99999999999787,718.0,721.1999999999898,-3.1999999999898137,3.1999999999898137
735,mygo,正しくなれない (Cover),241.5,120.0,479.0,483.0,-4.0,4.0
736,mygo,恋してる自分すら愛せるんだ (Cover),223.13,127.6595744680854,475.0,474.7446808510649,0.25531914893508656,0.25531914893508656
737,roselia,擬態ごっこ (Cover),147.25,193.548387096775,481.0,475.000000000002,5.9999999999980105,5.9999999999980105
