idx,official_bpm,ratio,octave_class,m1-bpm_madmom,m1-tempo_category,official_category,category_flipped
0,185.0,1.01351351351349,,187.49999999999568,fast,fast,False
1,180.0,1.0101010101009718,,181.8181818181749,fast,fast,False
2,200.0,1.0000000000000036,,200.0000000000007,fast,fast,False
3,200.0,0.9999999999999976,,199.99999999999952,fast,fast,False
4,192.0,1.0080645161290251,,193.5483870967728,fast,fast,False
5,158.0,0.9993337774816908,,157.89473684210716,medium,medium,False
6,135.0,1.0101010101010153,,136.36363636363706,medium,medium,False
7,198.0,1.0101010101009718,,199.9999999999924,fast,fast,False
8,188.0,0.9973404255319362,,187.500000000004,fast,fast,False
9,210.0,0.9852216748768744,,206.8965517241436,fast,boost,True
10,210.0,0.9852216748768744,,206.8965517241436,fast,boost,True
11,180.0,1.0101010101009718,,181.8181818181749,fast,fast,False
12,180.0,1.0101010101009718,,181.8181818181749,fast,fast,False
13,192.0,1.0080645161290251,,193.5483870967728,fast,fast,False
14,200.0,1.0000000000000036,,200.0000000000007,fast,fast,False
15,125.0,1.0000000000000064,,125.0000000000008,medium,medium,False
16,210.0,0.9852216748768744,,206.8965517241436,fast,boost,True
17,194.0,0.9976720984369732,,193.5483870967728,fast,fast,False
18,156.0,1.0121457489877907,,157.89473684209534,medium,medium,False
19,125.0,0.9999999999999992,,124.99999999999989,medium,medium,False
20,126.0,0.9920634920635134,,125.00000000000269,medium,medium,False
21,185.0,1.01351351351349,,187.49999999999568,fast,fast,False
22,140.0,1.020408163265302,,142.85714285714226,medium,medium,False
23,160.0,1.0135135135135012,,162.16216216216017,fast,fast,False
24,174.0,0.9852216748768632,,171.4285714285742,fast,fast,False
25,172.0,0.9966777408638036,,171.4285714285742,fast,fast,False
26,180.0,1.0101010101009718,,181.8181818181749,fast,fast,False
27,135.0,1.0101010101009826,,136.36363636363265,medium,medium,False
28,138.0,0.9881422924901236,,136.36363636363706,medium,medium,False
29,170.0,1.0084033613445336,,171.4285714285707,fast,fast,False
30,175.0,1.0084033613445278,,176.47058823529235,fast,fast,False
31,132.0,1.0101010101009718,,133.33333333332828,medium,medium,False
32,204.0,1.0141987829614385,,206.89655172413347,fast,fast,False
33,171.0,1.0025062656641766,,171.4285714285742,fast,fast,False
34,196.0,0.9874917709019132,,193.548387096775,fast,fast,False
36,132.0,1.0101010101009718,,133.33333333332828,medium,medium,False
37,185.0,1.01351351351349,,187.49999999999568,fast,fast,False
38,190.0,0.986842105263179,,187.500000000004,fast,fast,False
39,198.0,1.0101010101009718,,199.9999999999924,fast,fast,False
40,190.0,0.986842105263179,,187.500000000004,fast,fast,False
41,180.0,1.0101010101009718,,181.8181818181749,fast,fast,False
42,120.0,1.0,,120.0,medium,medium,False
43,200.0,1.0000000000000036,,200.0000000000007,fast,fast,False
44,144.0,0.9920634920635047,,142.85714285714468,medium,medium,False
45,175.0,1.0084033613445278,,176.47058823529235,fast,fast,False
46,188.0,0.9973404255319148,,187.5,fast,fast,False
47,160.0,1.0135135135135012,,162.16216216216017,fast,fast,False
48,200.0,0.999999999999962,,199.9999999999924,fast,fast,False
49,200.0,1.0000000000000022,,200.00000000000043,fast,fast,False
50,193.0,1.0028413839211026,,193.5483870967728,fast,fast,False
51,150.0,0.9999999999999858,,149.99999999999787,medium,medium,False
52,147.0,0.9955201592832338,,146.34146341463537,medium,medium,False
53,206.0,1.0043521928355994,,206.89655172413347,fast,fast,False
54,152.0,1.0121457489878158,,153.846153846148,medium,medium,False
55,134.0,0.9950248756219155,,133.3333333333367,medium,medium,False
56,200.0,1.0000000000000095,,200.0000000000019,fast,fast,False
57,185.0,1.01351351351349,,187.49999999999568,fast,fast,False
58,168.0,0.9920634920634936,,166.66666666666694,fast,fast,False
59,185.0,1.01351351351349,,187.49999999999568,fast,fast,False
60,200.0,0.9999999999999976,,199.99999999999952,fast,fast,False
61,190.0,0.986842105263179,,187.500000000004,fast,fast,False
62,185.0,1.01351351351349,,187.49999999999568,fast,fast,False
63,149.0,1.0067114093959948,,150.0000000000032,medium,medium,False
64,136.0,1.002673796791449,,136.36363636363706,medium,medium,False
65,189.0,0.9920634920635132,,187.500000000004,fast,fast,False
66,113.0,1.001836700617797,,113.20754716981108,medium,medium,False
67,152.0,1.0121457489878158,,153.846153846148,medium,medium,False
69,185.0,1.0135135135135125,,187.49999999999983,fast,fast,False
70,180.0,1.0101010101009718,,181.8181818181749,fast,fast,False
71,130.0,2.006688963210668,double(2x),260.8695652173868,boost,medium,True
72,200.0,0.999999999999986,,199.9999999999972,fast,fast,False
73,142.0,1.0060362173038189,,142.85714285714226,medium,medium,False
74,158.0,0.666222518321119,,105.2631578947368,medium,medium,False
75,103.0,1.0043521928355994,,103.44827586206674,medium,medium,False
76,114.0,1.0121457489878345,,115.38461538461311,medium,medium,False
77,140.0,0.996677740863788,,139.53488372093034,medium,medium,False
79,198.0,1.0101010101009718,,199.9999999999924,fast,fast,False
83,190.0,0.986842105263179,,187.500000000004,fast,fast,False
84,222.0,0.509943906170327,half(0.5x),113.2075471698126,medium,boost,True
106,124.0,1.0080645161290238,,124.99999999999896,medium,medium,False
107,198.0,1.0101010101009718,,199.9999999999924,fast,fast,False
108,151.0,0.9933774834437122,,150.00000000000054,medium,medium,False
109,150.0,0.9999999999999858,,149.99999999999787,medium,medium,False
110,172.0,0.9966777408638036,,171.4285714285742,fast,fast,False
111,190.0,0.986842105263179,,187.500000000004,fast,fast,False
112,174.0,1.0141987829614505,,176.47058823529235,fast,fast,False
113,215.0,0.9966777408637836,,214.28571428571345,boost,boost,False
114,180.0,1.0101010101009718,,181.8181818181749,fast,fast,False
115,138.0,1.011122345803826,,139.534883720928,medium,medium,False
116,167.0,0.9980039920159696,,166.66666666666694,fast,fast,False
117,126.0,0.9920634920635134,,125.00000000000269,medium,medium,False
118,85.0,2.2770398481973277,,193.5483870967728,fast,slow,True
119,128.0,0.9973404255319172,,127.6595744680854,medium,medium,False
120,194.0,0.9976720984369732,,193.5483870967728,fast,fast,False
121,230.0,0.5016722408026657,half(0.5x),115.38461538461311,medium,boost,True
122,130.0,1.0033444816053336,,130.43478260869338,medium,medium,False
123,172.0,0.9966777408638036,,171.4285714285742,fast,fast,False
124,184.0,0.9881422924901664,,181.8181818181906,fast,fast,False
125,160.0,1.0135135135135012,,162.16216216216017,fast,fast,False
126,165.0,1.0101010101009718,,166.66666666666035,fast,fast,False
127,135.0,1.0101010101009664,,136.36363636363046,medium,medium,False
128,184.0,0.9881422924901664,,181.8181818181906,fast,fast,False
129,138.0,1.011122345803826,,139.534883720928,medium,medium,False
130,128.0,0.9973404255319172,,127.6595744680854,medium,medium,False
131,79.0,0.9993337774816908,,78.94736842105358,slow,slow,False
132,163.0,0.9948598905654128,,162.16216216216228,fast,fast,False
133,143.0,0.9990009990009948,,142.85714285714226,medium,medium,False
134,180.0,1.0101010101009718,,181.8181818181749,fast,fast,False
135,162.0,1.0010010010009889,,162.16216216216017,fast,fast,False
136,134.0,0.9950248756219155,,133.3333333333367,medium,medium,False
137,140.0,0.996677740863788,,139.53488372093034,medium,medium,False
138,145.0,1.0092514718250627,,146.3414634146341,medium,medium,False
139,117.0,1.0055304172951132,,117.64705882352824,medium,medium,False
140,129.0,0.9896091044037704,,127.65957446808638,medium,medium,False
141,178.0,0.9914077990746866,,176.4705882352942,fast,fast,False
142,130.0,1.0033444816053336,,130.43478260869338,medium,medium,False
143,158.0,0.9993337774816908,,157.89473684210716,medium,medium,False
144,140.0,0.996677740863788,,139.53488372093034,medium,medium,False
145,150.0,0.9999999999999858,,149.99999999999787,medium,medium,False
146,158.0,1.998667554963307,double(2x),315.7894736842025,boost,medium,True
147,137.0,0.9953550099535552,,136.36363636363706,medium,medium,False
148,165.0,1.0101010101009718,,166.66666666666035,fast,fast,False
149,127.0,1.005193499748704,,127.6595744680854,medium,medium,False
150,220.0,0.4958677685950567,half(0.5x),109.09090909091248,medium,boost,True
151,143.0,0.9990009990009948,,142.85714285714226,medium,medium,False
152,130.0,1.0033444816053492,,130.4347826086954,medium,medium,False
154,200.0,1.0000000000000009,,200.0000000000001,fast,fast,False
155,147.0,0.9955201592832338,,146.34146341463537,medium,medium,False
156,183.0,0.9935419771485396,,181.81818181818275,fast,fast,False
157,135.0,1.010101010100999,,136.36363636363487,medium,medium,False
158,132.0,1.0101010101009718,,133.33333333332828,medium,medium,False
159,147.0,0.9955201592832338,,146.34146341463537,medium,medium,False
160,158.0,0.9993337774816908,,157.89473684210716,medium,medium,False
161,125.0,0.9999999999999992,,124.99999999999989,medium,medium,False
162,220.0,1.0101010101009718,,222.2222222222138,boost,boost,False
163,140.0,0.9966777408637716,,139.534883720928,medium,medium,False
164,152.0,1.0121457489878158,,153.846153846148,medium,medium,False
165,145.0,1.009251471825054,,146.34146341463284,medium,medium,False
166,160.0,0.9868421052631696,,157.89473684210716,medium,fast,True
167,134.0,0.9950248756219,,133.3333333333346,medium,medium,False
168,134.0,0.9950248756219155,,133.3333333333367,medium,medium,False
169,250.0,0.4999999999999995,half(0.5x),124.99999999999989,medium,boost,True
170,124.0,1.0080645161290238,,124.99999999999896,medium,medium,False
171,170.0,1.0084033613445336,,171.4285714285707,fast,fast,False
172,168.0,0.9920634920634936,,166.66666666666694,fast,fast,False
173,148.0,0.9887936717205092,,146.34146341463537,medium,medium,False
174,153.0,1.0055304172951216,,153.8461538461536,medium,medium,False
175,158.0,0.9993337774816908,,157.89473684210716,medium,medium,False
176,110.0,0.9917355371901134,,109.09090909091248,medium,medium,False
177,183.0,0.9935419771485396,,181.81818181818275,fast,fast,False
180,185.0,1.0135135135134448,,187.49999999998727,fast,fast,False
181,181.0,1.0045203415369213,,181.81818181818275,fast,fast,False
182,190.0,0.986842105263179,,187.500000000004,fast,fast,False
183,180.0,1.0101010101009718,,181.8181818181749,fast,fast,False
184,185.0,1.01351351351349,,187.49999999999568,fast,fast,False
185,170.0,1.0084033613445336,,171.4285714285707,fast,fast,False
186,175.0,1.0084033613445278,,176.47058823529235,fast,fast,False
187,174.0,1.0141987829614505,,176.47058823529235,fast,fast,False
188,182.0,0.999000999001004,,181.81818181818275,fast,fast,False
189,110.0,0.9917355371901134,,109.09090909091248,medium,medium,False
190,184.0,0.9881422924901664,,181.8181818181906,fast,fast,False
191,205.0,1.0092514718250414,,206.89655172413347,fast,fast,False
192,195.0,0.9925558312655016,,193.5483870967728,fast,fast,False
193,153.0,1.0055304172951216,,153.8461538461536,medium,medium,False
194,135.0,1.0101010101009826,,136.36363636363265,medium,medium,False
195,145.0,1.0092514718250365,,146.34146341463028,medium,medium,False
196,132.0,1.0101010101009718,,133.33333333332828,medium,medium,False
197,172.0,0.9966777408638036,,171.4285714285742,fast,fast,False
198,195.0,0.9925558312655016,,193.5483870967728,fast,fast,False
199,132.0,1.0101010101009718,,133.33333333332828,medium,medium,False
200,140.0,0.996677740863788,,139.53488372093034,medium,medium,False
201,131.0,0.9956853634251556,,130.4347826086954,medium,medium,False
202,198.0,1.0101010101009718,,199.9999999999924,fast,fast,False
203,175.0,1.0084033613445278,,176.47058823529235,fast,fast,False
204,202.0,0.9900990099009996,,200.0000000000019,fast,fast,False
210,175.0,1.0084033613445278,,176.47058823529235,fast,fast,False
211,172.0,0.9966777408638036,,171.4285714285742,fast,fast,False
212,198.0,1.0101010101009718,,199.9999999999924,fast,fast,False
213,200.0,0.5000000000000003,half(0.5x),100.00000000000006,medium,fast,True
214,194.0,0.9976720984369732,,193.5483870967728,fast,fast,False
215,195.0,0.9925558312655016,,193.5483870967728,fast,fast,False
216,185.0,1.01351351351349,,187.49999999999568,fast,fast,False
217,185.0,0.9828009828010302,,181.8181818181906,fast,fast,False
218,192.0,1.0080645161290251,,193.5483870967728,fast,fast,False
219,170.0,1.0084033613445336,,171.4285714285707,fast,fast,False
220,140.0,0.996677740863788,,139.53488372093034,medium,medium,False
221,128.0,0.9973404255319172,,127.6595744680854,medium,medium,False
222,145.0,1.009251471825054,,146.34146341463284,medium,medium,False
223,170.0,1.0084033613445336,,171.4285714285707,fast,fast,False
224,118.0,0.9970089730807616,,117.64705882352987,medium,medium,False
225,180.0,1.0101010101009718,,181.8181818181749,fast,fast,False
226,165.0,1.0101010101009718,,166.66666666666035,fast,fast,False
227,180.0,1.0101010101009718,,181.8181818181749,fast,fast,False
228,195.0,0.9925558312655016,,193.5483870967728,fast,fast,False
229,135.0,1.010101010101003,,136.3636363636354,medium,medium,False
230,206.5,0.9685230024213168,,200.0000000000019,fast,fast,False
231,170.0,1.0084033613445336,,171.4285714285707,fast,fast,False
232,161.0,1.007218398522734,,162.16216216216017,fast,fast,False
233,135.0,1.0101010101009502,,136.36363636362827,medium,medium,False
234,116.0,0.9946949602122094,,115.38461538461628,medium,medium,False
235,185.0,1.01351351351349,,187.49999999999568,fast,fast,False
236,144.0,0.9920634920635216,,142.85714285714712,medium,medium,False
260,190.0,0.986842105263179,,187.500000000004,fast,fast,False
261,204.0,0.9803921568627544,,200.0000000000019,fast,fast,False
262,192.0,1.0080645161290251,,193.5483870967728,fast,fast,False
263,166.0,1.0040160642570295,,166.66666666666694,fast,fast,False
264,222.0,1.0010010010010026,,222.22222222222257,boost,boost,False
265,135.0,1.010101010100999,,136.36363636363487,medium,medium,False
266,200.0,0.9999999999999976,,199.99999999999952,fast,fast,False
267,97.0,1.9953441968739465,double(2x),193.5483870967728,fast,medium,True
268,190.0,0.986842105263157,,187.49999999999983,fast,fast,False
269,260.0,0.5128205128204933,half(0.5x),133.33333333332828,medium,boost,True
270,120.0,1.0,,120.0,medium,medium,False
271,190.0,0.986842105263179,,187.500000000004,fast,fast,False
272,88.0,1.002673796791434,,88.23529411764618,slow,slow,False
273,130.0,1.0033444816053336,,130.43478260869338,medium,medium,False
277,181.0,1.004520341536878,,181.8181818181749,fast,fast,False
278,191.0,1.0133423408208,,193.5483870967728,fast,fast,False
279,154.0,0.9990009990009976,,153.8461538461536,medium,medium,False
281,85.0,1.9607843137255707,double(2x),166.6666666666735,fast,slow,True
284,190.0,0.986842105263179,,187.500000000004,fast,fast,False
285,175.0,1.0084033613445278,,176.47058823529235,fast,fast,False
288,88.0,1.002673796791434,,88.23529411764618,slow,slow,False
290,182.0,0.999000999001004,,181.81818181818275,fast,fast,False
291,180.0,1.0101010101009718,,181.8181818181749,fast,fast,False
292,145.0,1.0092514718250016,,146.34146341462522,medium,medium,False
293,175.0,0.9795918367347096,,171.4285714285742,fast,fast,False
294,171.0,1.0025062656641666,,171.42857142857247,fast,fast,False
295,187.0,1.002673796791443,,187.49999999999983,fast,fast,False
297,148.0,0.9887936717205092,,146.34146341463537,medium,medium,False
298,195.0,0.9925558312655016,,193.5483870967728,fast,fast,False
299,156.0,1.0121457489878285,,157.89473684210125,medium,medium,False
300,97.0,1.9329896907216049,double(2x),187.49999999999568,fast,medium,True
301,145.0,1.009251471825054,,146.34146341463284,medium,medium,False
302,137.0,0.9953550099535552,,136.36363636363706,medium,medium,False
303,172.0,0.9966777408638036,,171.4285714285742,fast,fast,False
304,169.0,1.01437024513941,,171.4285714285603,fast,fast,False
305,172.0,0.9966777408638036,,171.4285714285742,fast,fast,False
306,153.0,1.0055304172951216,,153.8461538461536,medium,medium,False
307,176.0,1.002673796791434,,176.47058823529235,fast,fast,False
308,175.0,1.0084033613445278,,176.47058823529235,fast,fast,False
309,183.0,0.9935419771485396,,181.81818181818275,fast,fast,False
310,100.0,1.0000000000000098,,100.00000000000097,medium,medium,False
311,135.0,1.010101010100999,,136.36363636363487,medium,medium,False
312,166.0,1.0040160642570295,,166.66666666666694,fast,fast,False
313,174.0,1.0141987829614505,,176.47058823529235,fast,fast,False
314,200.0,1.0,,200.0,fast,fast,False
315,137.0,0.9953550099535552,,136.36363636363706,medium,medium,False
316,177.0,0.9970089730807478,,176.47058823529235,fast,fast,False
317,170.0,1.008403361344539,,171.42857142857162,fast,fast,False
318,167.0,0.9980039920159696,,166.66666666666694,fast,fast,False
319,163.0,0.9948598905654096,,162.16216216216174,fast,fast,False
320,170.0,1.0084033613445336,,171.4285714285707,fast,fast,False
321,171.0,1.0025062656641766,,171.4285714285742,fast,fast,False
322,190.0,0.986842105263179,,187.500000000004,fast,fast,False
323,146.0,1.0023387905112011,,146.34146341463537,medium,medium,False
324,95.0,1.0025062656641677,,95.23809523809592,medium,medium,False
325,170.0,1.0084033613445376,,171.4285714285714,fast,fast,False
326,170.0,1.008403361344539,,171.42857142857156,fast,fast,False
327,172.0,0.9966777408638036,,171.4285714285742,fast,fast,False
328,180.0,1.0101010101010106,,181.8181818181819,fast,fast,False
329,152.0,1.0121457489878158,,153.846153846148,medium,medium,False
330,143.0,0.9990009990009948,,142.85714285714226,medium,medium,False
331,175.0,1.0084033613445278,,176.47058823529235,fast,fast,False
332,165.0,1.0101010101009718,,166.66666666666035,fast,fast,False
333,140.0,0.996677740863788,,139.53488372093034,medium,medium,False
334,184.0,0.9881422924901664,,181.8181818181906,fast,fast,False
335,178.0,0.9914077990746866,,176.4705882352942,fast,fast,False
336,185.0,1.01351351351349,,187.49999999999568,fast,fast,False
337,130.0,1.0033444816053336,,130.43478260869338,medium,medium,False
338,188.0,0.997340425531925,,187.5000000000019,fast,fast,False
339,136.0,1.002673796791449,,136.36363636363706,medium,medium,False
340,187.0,0.5013368983957215,half(0.5x),93.74999999999991,medium,fast,True
341,145.0,1.009251471825054,,146.34146341463284,medium,medium,False
342,140.0,0.996677740863788,,139.53488372093034,medium,medium,False
343,138.0,1.011122345803826,,139.534883720928,medium,medium,False
344,210.0,0.5012531328320823,half(0.5x),105.26315789473728,medium,boost,True
345,75.0,1.999999999999972,double(2x),149.99999999999787,medium,slow,True
346,175.0,1.0084033613445278,,176.47058823529235,fast,fast,False
347,120.0,1.0,,120.0,medium,medium,False
348,180.0,1.0101010101009718,,181.8181818181749,fast,fast,False
349,175.0,1.0084033613445278,,176.47058823529235,fast,fast,False
350,141.0,0.9896091044038102,,139.53488372093724,medium,medium,False
351,168.0,0.9920634920634936,,166.66666666666694,fast,fast,False
352,154.0,0.9990009990009976,,153.8461538461536,medium,medium,False
353,150.0,0.9999999999999858,,149.99999999999787,medium,medium,False
354,150.0,0.9999999999999858,,149.99999999999787,medium,medium,False
355,160.0,1.0135135135135012,,162.16216216216017,fast,fast,False
356,102.0,0.997008973080752,,101.6949152542367,medium,medium,False
357,160.0,1.0135135135135012,,162.16216216216017,fast,fast,False
358,160.0,1.0135135135135012,,162.16216216216017,fast,fast,False
359,166.0,1.0040160642570295,,166.66666666666694,fast,fast,False
360,144.0,0.992063492063488,,142.85714285714226,medium,medium,False
361,180.0,1.0101010101009718,,181.8181818181749,fast,fast,False
362,172.0,0.9966777408638036,,171.4285714285742,fast,fast,False
363,170.0,1.0084033613445131,,171.42857142856724,fast,fast,False
364,182.0,0.999000999001004,,181.81818181818275,fast,fast,False
365,165.0,1.0101010101009718,,166.66666666666035,fast,fast,False
366,170.0,1.0084033613445336,,171.4285714285707,fast,fast,False
367,130.0,1.0033444816053336,,130.43478260869338,medium,medium,False
368,127.0,1.005193499748704,,127.6595744680854,medium,medium,False
369,174.0,1.0141987829614505,,176.47058823529235,fast,fast,False
370,172.0,0.9966777408638036,,171.4285714285742,fast,fast,False
371,160.0,1.0135135135135012,,162.16216216216017,fast,fast,False
372,130.0,1.0033444816053336,,130.43478260869338,medium,medium,False
373,172.0,0.9966777408638036,,171.4285714285742,fast,fast,False
374,165.0,1.0101010101009718,,166.66666666666035,fast,fast,False
375,185.0,1.0135135135134448,,187.49999999998727,fast,fast,False
376,195.0,0.9925558312655016,,193.5483870967728,fast,fast,False
377,125.0,1.0000000000000215,,125.00000000000269,medium,medium,False
378,190.0,0.986842105263179,,187.500000000004,fast,fast,False
379,180.0,1.0101010101009718,,181.8181818181749,fast,fast,False
380,180.0,1.0101010101009718,,181.8181818181749,fast,fast,False
381,134.0,0.9950248756219,,133.3333333333346,medium,medium,False
382,181.0,1.0045203415368995,,181.81818181817883,fast,fast,False
383,164.0,0.9887936717205648,,162.16216216217262,fast,fast,False
386,192.0,1.0080645161290251,,193.5483870967728,fast,fast,False
387,120.0,1.0,,120.0,medium,medium,False
388,138.0,1.011122345803843,,139.53488372093034,medium,medium,False
389,175.0,1.0084033613445278,,176.47058823529235,fast,fast,False
390,160.0,1.0135135135135012,,162.16216216216017,fast,fast,False
391,188.0,0.9973404255319362,,187.500000000004,fast,fast,False
392,180.0,1.0101010101009718,,181.8181818181749,fast,fast,False
393,125.0,0.9999999999999992,,124.99999999999989,medium,medium,False
397,184.0,0.9881422924901664,,181.8181818181906,fast,fast,False
399,193.0,1.0028413839211026,,193.5483870967728,fast,fast,False
400,152.0,1.012145748987779,,153.8461538461424,medium,medium,False
401,148.0,0.9887936717205092,,146.34146341463537,medium,medium,False
402,195.0,0.9925558312655016,,193.5483870967728,fast,fast,False
403,145.0,1.0092514718250016,,146.34146341462522,medium,medium,False
405,185.0,0.9828009828010302,,181.8181818181906,fast,fast,False
406,185.0,1.01351351351349,,187.49999999999568,fast,fast,False
407,189.0,0.9920634920635132,,187.500000000004,fast,fast,False
408,176.0,1.002673796791434,,176.47058823529235,fast,fast,False
409,203.0,0.98522167487681,,199.9999999999924,fast,fast,False
410,220.0,1.0101010101009718,,222.2222222222138,boost,boost,False
411,176.0,1.002673796791434,,176.47058823529235,fast,fast,False
412,182.0,0.9990009990009612,,181.8181818181749,fast,fast,False
413,140.0,0.996677740863788,,139.53488372093034,medium,medium,False
414,160.0,1.0135135135135012,,162.16216216216017,fast,fast,False
415,147.0,0.9955201592832338,,146.34146341463537,medium,medium,False
416,180.0,1.0101010101009718,,181.8181818181749,fast,fast,False
417,183.0,0.9935419771485396,,181.81818181818275,fast,fast,False
418,210.0,0.5012531328320801,half(0.5x),105.2631578947368,medium,boost,True
419,186.0,1.0080645161290314,,187.49999999999983,fast,fast,False
420,176.0,1.002673796791434,,176.47058823529235,fast,fast,False
421,170.0,1.0084033613445336,,171.4285714285707,fast,fast,False
422,177.0,0.9970089730807478,,176.47058823529235,fast,fast,False
423,165.0,1.0101010101009718,,166.66666666666035,fast,fast,False
424,190.0,0.986842105263179,,187.500000000004,fast,fast,False
425,142.0,1.0060362173038189,,142.85714285714226,medium,medium,False
426,150.0,1.000000000000021,,150.0000000000032,medium,medium,False
427,190.0,0.986842105263179,,187.500000000004,fast,fast,False
428,200.0,1.0,,200.0,fast,fast,False
429,175.0,1.0084033613445278,,176.47058823529235,fast,fast,False
430,125.0,0.9999999999999992,,124.99999999999989,medium,medium,False
431,165.0,1.0101010101009915,,166.66666666666364,fast,fast,False
432,188.0,0.9973404255319362,,187.500000000004,fast,fast,False
433,140.0,0.996677740863788,,139.53488372093034,medium,medium,False
434,190.0,0.986842105263179,,187.500000000004,fast,fast,False
435,156.0,1.0121457489878285,,157.89473684210125,medium,medium,False
437,190.0,0.986842105263179,,187.500000000004,fast,fast,False
438,190.0,0.986842105263179,,187.500000000004,fast,fast,False
439,134.0,1.4443909484833888,,193.5483870967741,fast,medium,True
440,183.0,0.9935419771485396,,181.81818181818275,fast,fast,False
441,165.0,1.0101010101009718,,166.66666666666035,fast,fast,False
442,128.0,0.9973404255319172,,127.6595744680854,medium,medium,False
443,180.0,1.0101010101009718,,181.8181818181749,fast,fast,False
444,182.0,0.999000999001004,,181.81818181818275,fast,fast,False
445,150.0,1.0256410256410615,,153.84615384615924,medium,medium,False
446,192.0,1.0080645161290251,,193.5483870967728,fast,fast,False
447,178.0,0.9914077990746968,,176.47058823529605,fast,fast,False
448,186.0,1.0080645161290314,,187.49999999999983,fast,fast,False
449,96.0,1.9531250000000415,double(2x),187.500000000004,fast,medium,True
450,210.0,0.9852216748768502,,206.89655172413853,fast,boost,True
451,194.0,0.9976720984369732,,193.5483870967728,fast,fast,False
452,160.0,1.0135135135135012,,162.16216216216017,fast,fast,False
453,198.0,1.010101010100996,,199.9999999999972,fast,fast,False
454,188.0,0.9973404255319362,,187.500000000004,fast,fast,False
455,166.0,1.0040160642570295,,166.66666666666694,fast,fast,False
456,168.0,0.9920634920634936,,166.66666666666694,fast,fast,False
457,186.0,1.0080645161290314,,187.49999999999983,fast,fast,False
458,194.0,0.9976720984369732,,193.5483870967728,fast,fast,False
459,224.0,0.9920634920634545,,222.2222222222138,boost,boost,False
460,140.0,0.9966777408637716,,139.534883720928,medium,medium,False
461,189.0,0.9920634920635132,,187.500000000004,fast,fast,False
462,190.0,0.986842105263179,,187.500000000004,fast,fast,False
463,153.0,1.0055304172951216,,153.8461538461536,medium,medium,False
464,246.0,0.4977600796416179,half(0.5x),122.448979591838,medium,boost,True
465,95.5,1.0133423408208,,96.7741935483864,medium,medium,False
466,190.0,0.501253132832081,half(0.5x),95.23809523809538,medium,fast,True
467,159.0,0.9930486593843216,,157.89473684210716,medium,medium,False
468,153.0,1.0055304172951216,,153.8461538461536,medium,medium,False
469,192.0,1.0080645161290251,,193.5483870967728,fast,fast,False
470,137.0,0.9953550099535552,,136.36363636363706,medium,medium,False
471,132.0,1.0101010101009718,,133.33333333332828,medium,medium,False
472,140.0,0.996677740863788,,139.53488372093034,medium,medium,False
473,150.0,0.9999999999999858,,149.99999999999787,medium,medium,False
474,160.0,1.0135135135135012,,162.16216216216017,fast,fast,False
475,135.0,1.0101010101009502,,136.36363636362827,medium,medium,False
476,143.0,0.9990009990009948,,142.85714285714226,medium,medium,False
477,170.0,1.0084033613445336,,171.4285714285707,fast,fast,False
478,150.0,0.9999999999999858,,149.99999999999787,medium,medium,False
479,131.0,0.9956853634251568,,130.43478260869554,medium,medium,False
480,128.0,0.9973404255319172,,127.6595744680854,medium,medium,False
481,160.0,1.0135135135135012,,162.16216216216017,fast,fast,False
482,143.0,0.9990009990009948,,142.85714285714226,medium,medium,False
483,135.0,1.0101010101009826,,136.36363636363265,medium,medium,False
484,172.0,0.9966777408638036,,171.4285714285742,fast,fast,False
485,190.0,0.986842105263179,,187.500000000004,fast,fast,False
486,164.0,0.9887936717205268,,162.1621621621664,fast,fast,False
487,170.0,1.0084033613445336,,171.4285714285707,fast,fast,False
488,174.0,1.0141987829614505,,176.47058823529235,fast,fast,False
489,174.0,1.0141987829614505,,176.47058823529235,fast,fast,False
490,197.0,1.0152284263959006,,199.9999999999924,fast,fast,False
491,150.0,0.9999999999999858,,149.99999999999787,medium,medium,False
492,192.0,1.0080645161290251,,193.5483870967728,fast,fast,False
493,170.0,1.0084033613445336,,171.4285714285707,fast,fast,False
494,197.0,1.0152284263959006,,199.9999999999924,fast,fast,False
495,175.0,1.0084033613445278,,176.47058823529235,fast,fast,False
496,92.0,1.9762845849803323,double(2x),181.8181818181906,fast,medium,True
497,210.0,0.5012531328320801,half(0.5x),105.2631578947368,medium,boost,True
498,169.0,1.01437024513941,,171.4285714285603,fast,fast,False
499,182.0,0.999000999001004,,181.81818181818275,fast,fast,False
500,190.0,0.986842105263179,,187.500000000004,fast,fast,False
501,140.0,0.996677740863788,,139.53488372093034,medium,medium,False
502,172.0,0.9966777408638036,,171.4285714285742,fast,fast,False
503,188.0,0.9973404255319362,,187.500000000004,fast,fast,False
504,127.0,1.005193499748704,,127.6595744680854,medium,medium,False
505,140.0,0.996677740863788,,139.53488372093034,medium,medium,False
506,142.0,1.006036217303785,,142.85714285713743,medium,medium,False
507,145.0,1.009251471825054,,146.34146341463284,medium,medium,False
508,188.0,0.9973404255319362,,187.500000000004,fast,fast,False
509,188.0,0.9973404255319362,,187.500000000004,fast,fast,False
510,200.0,1.0000000000000009,,200.0000000000001,fast,fast,False
511,170.0,1.0084033613445336,,171.4285714285707,fast,fast,False
512,155.0,0.9925558312655072,,153.8461538461536,medium,medium,False
513,205.0,1.0092514718250414,,206.89655172413347,fast,fast,False
514,203.0,0.5009601736661906,half(0.5x),101.6949152542367,medium,fast,True
515,148.0,1.0135135135134992,,149.99999999999787,medium,medium,False
516,180.0,1.0101010101009718,,181.8181818181749,fast,fast,False
517,176.0,1.002673796791434,,176.47058823529235,fast,fast,False
518,174.0,1.0141987829614505,,176.47058823529235,fast,fast,False
519,138.0,0.9881422924901236,,136.36363636363706,medium,medium,False
520,180.0,1.0101010101009718,,181.8181818181749,fast,fast,False
521,172.0,0.9966777408638036,,171.4285714285742,fast,fast,False
522,158.0,0.9993337774816908,,157.89473684210716,medium,medium,False
523,180.0,1.0101010101009718,,181.8181818181749,fast,fast,False
524,215.0,0.9966777408637836,,214.28571428571345,boost,boost,False
526,180.0,1.0101010101009718,,181.8181818181749,fast,fast,False
527,140.0,0.9966777408637716,,139.534883720928,medium,medium,False
533,136.0,1.002673796791449,,136.36363636363706,medium,medium,False
534,200.0,1.0000000000000095,,200.0000000000019,fast,fast,False
535,195.0,0.9925558312655016,,193.5483870967728,fast,fast,False
536,190.0,0.6718924972004494,,127.6595744680854,medium,fast,True
537,190.0,0.986842105263179,,187.500000000004,fast,fast,False
538,190.0,0.986842105263179,,187.500000000004,fast,fast,False
540,204.0,1.0141987829613888,,206.89655172412333,fast,fast,False
541,190.0,1.0186757215619622,,193.5483870967728,fast,fast,False
542,200.0,1.0000000000000036,,200.0000000000007,fast,fast,False
543,170.0,1.0084033613445336,,171.4285714285707,fast,fast,False
544,138.0,1.011122345803826,,139.534883720928,medium,medium,False
545,76.0,2.024291497975632,double(2x),153.846153846148,medium,slow,True
546,148.0,1.0135135135134992,,149.99999999999787,medium,medium,False
547,180.0,1.0101010101009718,,181.8181818181749,fast,fast,False
548,196.0,0.9874917709019132,,193.548387096775,fast,fast,False
549,152.0,1.0121457489878158,,153.846153846148,medium,medium,False
550,174.0,1.0141987829614505,,176.47058823529235,fast,fast,False
551,113.0,1.001836700617797,,113.20754716981108,medium,medium,False
552,142.0,1.0060362173038189,,142.85714285714226,medium,medium,False
553,157.0,1.0056989607777385,,157.89473684210495,medium,medium,False
554,134.0,0.995024875621896,,133.33333333333408,medium,medium,False
555,186.0,1.0080645161290314,,187.49999999999983,fast,fast,False
556,134.0,0.9950248756219,,133.3333333333346,medium,medium,False
558,150.0,0.9999999999999858,,149.99999999999787,medium,medium,False
559,160.0,1.0135135135135012,,162.16216216216017,fast,fast,False
560,191.0,1.0133423408208,,193.5483870967728,fast,fast,False
561,155.0,1.0186757215619695,,157.89473684210526,medium,medium,False
562,170.0,1.0084033613445336,,171.4285714285707,fast,fast,False
563,200.0,1.0000000000000036,,200.0000000000007,fast,fast,False
564,142.0,1.006036217303785,,142.85714285713743,medium,medium,False
565,142.0,1.9206145966709445,double(2x),272.7272727272741,boost,medium,True
566,192.0,1.0080645161290251,,193.5483870967728,fast,fast,False
567,130.0,1.0033444816053336,,130.43478260869338,medium,medium,False
568,100.0,1.0000000000000098,,100.00000000000097,medium,medium,False
569,185.0,1.01351351351349,,187.49999999999568,fast,fast,False
570,180.0,1.0101010101009718,,181.8181818181749,fast,fast,False
571,185.0,1.0135135135134448,,187.49999999998727,fast,fast,False
572,135.0,1.932367149758421,double(2x),260.8695652173868,boost,medium,True
573,143.0,0.9990009990009948,,142.85714285714226,medium,medium,False
574,190.0,0.986842105263179,,187.500000000004,fast,fast,False
575,170.0,1.0084033613445336,,171.4285714285707,fast,fast,False
576,144.0,0.9920634920635216,,142.85714285714712,medium,medium,False
577,182.0,0.999000999001004,,181.81818181818275,fast,fast,False
578,190.0,0.986842105263179,,187.500000000004,fast,fast,False
579,187.0,1.002673796791444,,187.5,fast,fast,False
580,85.0,0.9942004971002772,,84.50704225352357,slow,slow,False
581,195.0,0.9925558312655016,,193.5483870967728,fast,fast,False
582,188.0,0.9973404255319362,,187.500000000004,fast,fast,False
583,192.0,1.0080645161290251,,193.5483870967728,fast,fast,False
584,150.0,0.9999999999999858,,149.99999999999787,medium,medium,False
585,182.0,0.999000999001004,,181.81818181818275,fast,fast,False
586,114.0,2.0242914979756685,double(2x),230.76923076922623,boost,medium,True
587,205.0,1.0092514718250414,,206.89655172413347,fast,fast,False
589,123.0,0.9955201592832358,,122.448979591838,medium,medium,False
591,190.0,0.986842105263179,,187.500000000004,fast,fast,False
592,160.0,0.9868421052631696,,157.89473684210716,medium,fast,True
593,185.0,0.9828009828010302,,181.8181818181906,fast,fast,False
594,198.0,1.0101010101009718,,199.9999999999924,fast,fast,False
595,174.0,1.0141987829614505,,176.47058823529235,fast,fast,False
596,185.0,1.01351351351349,,187.49999999999568,fast,fast,False
597,190.0,0.986842105263179,,187.500000000004,fast,fast,False
598,150.0,0.9999999999999858,,149.99999999999787,medium,medium,False
599,178.0,0.9914077990746866,,176.4705882352942,fast,fast,False
600,175.0,1.0084033613445278,,176.47058823529235,fast,fast,False
601,160.0,0.9868421052631696,,157.89473684210716,medium,fast,True
602,185.0,1.01351351351349,,187.49999999999568,fast,fast,False
603,122.0,1.003680160588807,,122.44897959183446,medium,medium,False
604,159.0,0.9930486593843216,,157.89473684210716,medium,medium,False
605,180.0,1.0101010101009718,,181.8181818181749,fast,fast,False
606,191.0,1.0133423408208,,193.5483870967728,fast,fast,False
607,120.0,1.0,,120.0,medium,medium,False
608,186.0,1.0080645161290314,,187.49999999999983,fast,fast,False
609,192.0,1.0080645161290251,,193.5483870967728,fast,fast,False
610,190.0,0.986842105263179,,187.500000000004,fast,fast,False
611,193.0,1.0028413839211026,,193.5483870967728,fast,fast,False
612,153.0,1.0055304172951216,,153.8461538461536,medium,medium,False
613,230.0,0.5016722408026795,half(0.5x),115.38461538461628,medium,boost,True
614,195.0,0.9925558312655016,,193.5483870967728,fast,fast,False
615,154.0,0.9990009990009976,,153.8461538461536,medium,medium,False
616,182.0,0.999000999001004,,181.81818181818275,fast,fast,False
617,185.0,1.01351351351349,,187.49999999999568,fast,fast,False
618,104.0,0.9946949602122046,,103.44827586206928,medium,medium,False
619,200.0,1.0000000000000022,,200.00000000000043,fast,fast,False
620,174.0,1.0141987829614505,,176.47058823529235,fast,fast,False
621,178.0,0.9914077990746866,,176.4705882352942,fast,fast,False
622,196.0,0.9874917709019132,,193.548387096775,fast,fast,False
623,189.0,0.9920634920635132,,187.500000000004,fast,fast,False
624,160.0,1.0135135135135012,,162.16216216216017,fast,fast,False
625,200.0,0.999999999999962,,199.9999999999924,fast,fast,False
626,195.0,0.9925558312655016,,193.5483870967728,fast,fast,False
627,195.0,0.9925558312655016,,193.5483870967728,fast,fast,False
628,125.0,0.9999999999999992,,124.99999999999989,medium,medium,False
629,148.0,0.9887936717205092,,146.34146341463537,medium,medium,False
630,193.0,1.0028413839211026,,193.5483870967728,fast,fast,False
631,193.0,1.0028413839211026,,193.5483870967728,fast,fast,False
632,195.0,0.9925558312655016,,193.5483870967728,fast,fast,False
633,113.0,1.001836700617797,,113.20754716981108,medium,medium,False
634,183.0,0.9935419771485396,,181.81818181818275,fast,fast,False
635,200.0,1.0000000000000095,,200.0000000000019,fast,fast,False
636,156.0,1.0121457489877907,,157.89473684209534,medium,medium,False
637,182.0,0.999000999001004,,181.81818181818275,fast,fast,False
638,90.0,1.9607843137254704,double(2x),176.47058823529235,fast,medium,True
639,108.0,0.9920634920634944,,107.1428571428574,medium,medium,False
640,140.0,0.9966777408637876,,139.53488372093028,medium,medium,False
641,134.0,0.9950248756219,,133.3333333333346,medium,medium,False
642,186.0,1.0080645161290314,,187.49999999999983,fast,fast,False
643,140.0,0.9966777408637716,,139.534883720928,medium,medium,False
644,195.0,0.9925558312655016,,193.5483870967728,fast,fast,False
645,155.0,0.9925558312655436,,153.84615384615924,medium,medium,False
646,130.0,1.0033444816053336,,130.43478260869338,medium,medium,False
647,147.0,0.9955201592832338,,146.34146341463537,medium,medium,False
648,167.0,0.9980039920159696,,166.66666666666694,fast,fast,False
649,145.0,1.0092514718250365,,146.34146341463028,medium,medium,False
650,175.0,1.0084033613445278,,176.47058823529235,fast,fast,False
651,205.0,1.0092514718250414,,206.89655172413347,fast,fast,False
652,142.0,1.0060362173038189,,142.85714285714226,medium,medium,False
653,138.0,1.011122345803826,,139.534883720928,medium,medium,False
655,206.0,1.00435219283555,,206.89655172412333,fast,fast,False
656,167.0,0.9980039920159696,,166.66666666666694,fast,fast,False
657,168.0,0.9920634920635328,,166.6666666666735,fast,fast,False
658,156.0,0.986193293885636,,153.84615384615924,medium,medium,False
659,166.0,1.0040160642570295,,166.66666666666694,fast,fast,False
