wav_filename,cached_idx,recovered_video_id,matched_band,matched_song,correct_idx,match_confidence,note
afterglow__000.wav,0,09B-WljIiTo,afterglow,ON YOUR MARK,0,high,
afterglow__001.wav,1,_lfuqSepLNw,afterglow,That Is How I Roll!,1,high,
afterglow__002.wav,2,RDZUbagvt0E,afterglow,SENSENFUKOKU,2,high,
afterglow__003.wav,3,q-TEDPBUv7M,afterglow,I knew it!,3,high,
afterglow__004.wav,4,BnWyq8p7NzI,afterglow,ツナグ、ソラモヨウ,4,high,
afterglow__005.wav,5,czHlLBls4oo,afterglow,Hey-day狂騒曲(カプリチオ),5,high,
afterglow__006.wav,6,erY4I7Irk0E,afterglow,"Easy come, Easy go!",6,high,
afterglow__007.wav,7,zB2aqNpT8ak,afterglow,Sasanqua,7,high,
afterglow__008.wav,8,PEUtqZ_lQ4w,afterglow,RED RED RED,8,high,
afterglow__009.wav,9,fwT9BgeiPNU,afterglow,ONE OF US,9,high,
afterglow__010.wav,10,NWTkdgPu9v8,afterglow,Y.O.L.O!!!!!,10,high,
afterglow__011.wav,11,tfZBC32tcwo,afterglow,Scarlet Sky,11,high,
afterglow__012.wav,12,bg2UuSTbyqk,afterglow,Off we go.,12,high,
afterglow__014.wav,14,jsPk4RqO3N8,afterglow,SWITCH ON NOW,14,high,
afterglow__015.wav,15,vRHfyDdge6s,afterglow,ランブリングメモリー,15,high,
afterglow__016.wav,16,LhpHCRJAAKw,afterglow,COMIC PANIC!!!,16,high,
afterglow__019.wav,19,ZFXt0Ul0YA8,afterglow,カナユメ,19,high,
afterglow__020.wav,20,8rQjShGMPYs,afterglow,独創収差,20,high,
afterglow__021.wav,21,YvpL2A3FZk4,afterglow,極彩色,21,high,
afterglow__022.wav,22,RJ98HN9hl6I,afterglow,サクラゼンセン,22,high,
afterglow__023.wav,23,zOTQpZkq_vk,afterglow,True color,23,high,
afterglow__024.wav,24,mpPPaC8vfsU,afterglow,Crow Song (Cover),24,high,
afterglow__025.wav,25,-0QIHYtgwwQ,afterglow,カサブタ (Cover),25,high,
afterglow__027.wav,27,qrbkufy83yY,afterglow,Northern lights (Cover),27,high,
afterglow__029.wav,29,ufMWpo-RKpQ,afterglow,Reach Out To The Truth (Cover),29,high,
afterglow__030.wav,30,VDWm77vSOR8,afterglow,Listen!! (Cover),30,high,
afterglow__031.wav,31,bzJW33heiqw,afterglow,青い栞 (Cover),31,high,
afterglow__032.wav,32,PDtPDiaQOK8,afterglow,イマジネーション (Cover),32,high,
afterglow__033.wav,33,GlylV3xII5k,afterglow,Butter-Fly (Cover),33,high,
afterglow__034.wav,34,WnTBaFVyDyM,afterglow,燦々,34,high,
afterglow__035.wav,35,Q0l5OZb3Fr8,afterglow,That's why I'm here.,35,high,
afterglow__037.wav,37,XUxFCXHCDkU,afterglow,ペトリコール・オベーション,37,high,
afterglow__038.wav,38,YfS7jNzytUs,afterglow,Made My Day,38,high,
afterglow__039.wav,39,N-kz_Kbq6rU,afterglow,Glowing After,39,high,
afterglow__040.wav,40,gKHkLAXGVbE,afterglow,A Sunset So Bright,40,high,
afterglow__042.wav,42,RHGk1uT_yMc,afterglow,“Say cheese!!!!!”,42,high,
afterglow__043.wav,43,m6jnZ8qDw-E,afterglow,花笑みのデュオ,43,high,
afterglow__044.wav,44,pSdx__hacYc,afterglow,READY STEADY GO (Cover),44,high,
afterglow__045.wav,45,PORDvsXEOjA,afterglow,abnormalize (Cover),45,high,
afterglow__046.wav,46,ujO1ibiy_SQ,afterglow,メンタルチェンソー (Cover),46,high,
afterglow__047.wav,47,9zRb7Kd0mOw,afterglow,Bunny Girl (Cover),47,high,
afterglow__048.wav,48,1xpUhlxXVfQ,afterglow,オレンジ (Cover),48,high,
afterglow__049.wav,49,f2UtT521XMs,afterglow,カゲロウデイズ (Cover),49,high,
afterglow__050.wav,50,kSVcNXz21RY,afterglow,DAY×DAY (Cover),50,high,
afterglow__051.wav,51,i-3KO5JZOoA,afterglow,ロキ (Cover),51,high,
afterglow__052.wav,52,0vocZOBTZKs,afterglow,CHAINSAW BLOOD (Cover),52,high,
afterglow__053.wav,53,SVBJBQX3IsA,afterglow,チルドレンレコード (Re:boot) (Cover),53,high,
afterglow__054.wav,54,agEZ5jPpldQ,afterglow,青のすみか (Cover),54,high,
afterglow__055.wav,55,FDflFAr27rE,afterglow,GO!!! (Cover),55,high,
afterglow__056.wav,56,Rs6BXRn3noE,afterglow,天ノ弱 (Cover),56,high,
afterglow__057.wav,57,Tdr0apLRXd4,afterglow,アスノヨゾラ哨戒班 (Cover),57,high,
afterglow__058.wav,58,_DYh8jUgy-Y,afterglow,瞬間センチメンタル (Cover),58,high,
afterglow__059.wav,59,zvvFpagDgeY,afterglow,プライド革命 (Cover),59,high,
afterglow__060.wav,60,03BGdH5H5xE,afterglow,命に嫌われている。 (Cover),60,high,
afterglow__061.wav,61,Q5ld_AEJAWw,afterglow,Redo (Cover),61,high,
afterglow__062.wav,62,DOrx3z-Z86c,afterglow,インフェルノ (Cover),62,high,
afterglow__063.wav,63,wFqN8fUMosg,afterglow,ドラマツルギー (Cover),63,high,
afterglow__064.wav,64,nUw5V5zupYQ,afterglow,COLORS (Cover),64,high,
afterglow__065.wav,65,jUMn-Sg_nq8,afterglow,午夜の待ち合わせ (Cover),65,high,
afterglow__066.wav,66,DPCDABZ5uvY,afterglow,サムライハート（Some Like It Hot!!） (Cover),66,high,
afterglow__067.wav,67,MfBRzH_Wva8,afterglow,ベノム (Cover),67,high,
afterglow__068.wav,68,PThqwHLyPpU,afterglow,Don't say “lazy” (Cover),68,high,
afterglow__069.wav,69,O3ZcEs4b-uw,afterglow,Part of the Life,69,high,
afterglow__070.wav,70,9o7t80l3ycg,afterglow,Punchline Halloween!!!,70,high,
afterglow__071.wav,71,AXFAOTQ9oK8,afterglow,I love your way！,71,high,
ave_mujica__072.wav,72,RexyoaXaQ1o,ave_mujica,KiLLKiSS,72,high,
ave_mujica__073.wav,73,vKDa7yfpd2M,ave_mujica,"Georgette Me, Georgette You",73,high,
ave_mujica__074.wav,74,0YNMV7xljD4,ave_mujica,Imprisoned XII,74,high,
ave_mujica__075.wav,75,XP8al1l38Po,ave_mujica,Crucifix X,75,high,
ave_mujica__076.wav,76,tevtnb427Mw,ave_mujica,八芒星ダンス,76,high,
ave_mujica__077.wav,77,cVfQBLdIUXk,ave_mujica,顔,77,high,
ave_mujica__078.wav,78,2Bo-ULStqLo,ave_mujica,天球のMúsica,78,high,
ave_mujica__079.wav,79,WIhtJ7eJ-oI,ave_mujica,黒のバースデイ,79,high,
ave_mujica__080.wav,80,6USzFX8HnSY,ave_mujica,ふたつの月 ~Deep Into The Forest~,80,high,
ave_mujica__082.wav,82,OT9KqYBAkQc,ave_mujica,神さま、バカ,82,high,
ave_mujica__083.wav,83,VLxM8q6PF4I,ave_mujica,Mas?uerade Rhapsody Re?uest,83,high,
ave_mujica__084.wav,84,QDsd0nyzwz0,ave_mujica,Ave Mujica,84,high,
ave_mujica__085.wav,85,2O5C0mJx0Fs,ave_mujica,Symbol I : △,85,high,
ave_mujica__086.wav,86,pMk3iHPlUaI,ave_mujica,Symbol II : Air,86,high,
ave_mujica__087.wav,87,NB3PxWLn9v4,ave_mujica,Symbol III : ▽,87,high,
ave_mujica__088.wav,88,WqQPM0dZpXc,ave_mujica,Symbol IV : Earth,88,high,
ave_mujica__089.wav,89,z6k7YIIZ6Hk,ave_mujica,Ether,89,high,
ave_mujica__090.wav,90,lkS9XIzWObc,ave_mujica,The Whole Blue World,90,high,
ave_mujica__091.wav,91,kVMuEQ3uXWc,ave_mujica,in your blue eyes,91,high,
ave_mujica__092.wav,92,MyI6sKuV4kY,ave_mujica,素晴らしき世界 でも どこにもない場所,92,high,
ave_mujica__093.wav,93,au2A3wyiLIo,ave_mujica,Angles,93,high,
ave_mujica__096.wav,96,L0Ou9IfobFQ,ave_mujica,‘S/’ The Way,96,high,
ave_mujica__097.wav,97,bLOb7kC9Jns,ave_mujica,碧い瞳の中に,97,high,
ave_mujica__098.wav,98,OLb0YQJfos0,ave_mujica,堕天 (Cover),98,high,
ave_mujica__099.wav,99,NI1cd7_soy8,ave_mujica,KINGS (Cover),99,high,
ave_mujica__100.wav,100,HHxaj24Rx0I,ave_mujica,暗黒天国 (Cover),100,high,
various_artists__101.wav,101,hPnvMOyGgzc,various_artists,Don't be afraid!,101,high,
various_artists__102.wav,102,8ciuJN6xTIo,various_artists,Glee! Glee! Glee!,102,high,
various_artists__103.wav,103,tv1Pf0FE6iw,various_artists,"Be shine, shining!",103,high,
various_artists__104.wav,104,LuwRRghPD1A,various_artists,"Here, the world",104,high,
various_artists__105.wav,105,P6o2SIJAxWw,various_artists,CiRCLE THANKS MUSiC♪,105,high,
hello_happy_world__106.wav,106,9itZp8utiAw,hello_happy_world,キミがいなくちゃっ！,106,high,
hello_happy_world__107.wav,107,_Smbu0U70Ko,hello_happy_world,ハイファイブ∞あどべんちゃっ,107,high,
hello_happy_world__108.wav,108,37b4LJg0yFk,hello_happy_world,スマイルブーケで た〜まや〜！,108,high,
hello_happy_world__109.wav,109,B-I2KAxGKD8,hello_happy_world,えがお･シング･あ･ソング,109,high,
hello_happy_world__111.wav,111,YRQHVpYDHAU,hello_happy_world,にこ×にこ=ハイパースマイルパワー！,111,high,
hello_happy_world__114.wav,114,VJDcALjsZ80,hello_happy_world,うぃーきゃん☆フレフレっ！,114,high,
hello_happy_world__115.wav,115,24Xzx6dH5tg,hello_happy_world,えがおのオーケストラっ！,115,high,
hello_happy_world__116.wav,116,B0AssN_z5gU,hello_happy_world,にこにこねくと！,116,high,
hello_happy_world__117.wav,117,fTgVisxMdOQ,hello_happy_world,ふぁいぶスマイル◯オールインっ！,117,high,
hello_happy_world__118.wav,118,t-YRHYvIqEE,hello_happy_world,せかいのっびのびトレジャー！,118,high,
hello_happy_world__119.wav,119,VRSbIOh8w3U,hello_happy_world,きらっ☆と キミフェス！,119,high,
hello_happy_world__120.wav,120,Ibs-CJd-qws,hello_happy_world,うちゃパ！で ぱっぴかポーんっ！,120,high,
hello_happy_world__122.wav,122,pAB-NYhMXFc,hello_happy_world,ふわふわ☆ゆめいろサンドイッチ,122,high,
hello_happy_world__123.wav,123,xpECEzVaWH8,hello_happy_world,Happy! Happier! Happiest!,123,high,
hello_happy_world__124.wav,124,sLn7oV54kYY,hello_happy_world,現るっ！大怪盗ハロハッピー！,124,high,
hello_happy_world__125.wav,125,Qq1_N9wKA0I,hello_happy_world,わちゃ・もちゃ・ぺったん行進曲,125,high,
hello_happy_world__126.wav,126,ZC84bEuG6AA,hello_happy_world,おもいでイルミネーション,126,high,
hello_happy_world__127.wav,127,tMlaNbpRmSE,hello_happy_world,おもいやりハーモニー,127,high,
hello_happy_world__128.wav,128,wPDP9eT2-Cs,hello_happy_world,ハピネスっ！ハピィーマジカルっ♪,128,high,
hello_happy_world__129.wav,129,DAxR0sfi-pk,hello_happy_world,えがお、あーゆーれでぃ???,129,high,
hello_happy_world__130.wav,130,SQrYhJ6x7kE,hello_happy_world,ハッピーサマーウェディング,130,high,
hello_happy_world__132.wav,132,YBNg45T7_2M,hello_happy_world,ハッピー☆マテリアル,132,high,
hello_happy_world__133.wav,133,OHypaKK3Jww,hello_happy_world,太陽曰く燃えよカオス,133,high,
hello_happy_world__134.wav,134,kRQTnmIO5Jw,hello_happy_world,エクストラ・マジック・アワー,134,high,
hello_happy_world__135.wav,135,9DpyAgb_DO8,hello_happy_world,コレカラ,135,high,
hello_happy_world__136.wav,136,-YBcjF1R-Es,hello_happy_world,全力少年,136,high,
hello_happy_world__137.wav,137,YtgT2EaDZ0A,hello_happy_world,オレンジ,137,high,
hello_happy_world__138.wav,138,AcAaiJqg8Ps,hello_happy_world,Happy Girl,138,high,
hello_happy_world__139.wav,139,KazeDrpkrBY,hello_happy_world,ン・パカマーチ,139,high,
hello_happy_world__141.wav,141,Wi9V_T-igiw,hello_happy_world,ボクらの夏's☆ショーたいむっ！！,141,high,
hello_happy_world__142.wav,142,pdncPARjwrw,hello_happy_world,むすんでわらって,142,high,
hello_happy_world__143.wav,143,2CnDHPhRVyQ,hello_happy_world,キミを れっつ・はぶ・ふぁん♪,143,high,
hello_happy_world__144.wav,144,SnlhQO2t8Zo,hello_happy_world,らいふ・いず・みゅーじかるっ♪♪♪,144,high,
hello_happy_world__145.wav,145,5IcpLkGA54I,hello_happy_world,れっつ・スマイル・すとり〜みんぐっ♪,145,high,
hello_happy_world__146.wav,146,1rfk9_lj-iA,hello_happy_world,やっほー！いっぽ！わんだふぉー！,146,high,
hello_happy_world__147.wav,147,7HxPLgP9AEo,hello_happy_world,とーくとぅみー・とーくとぅゆー,147,high,
hello_happy_world__148.wav,148,rCQsYw_x7Us,hello_happy_world,ハイタッチ／＼びりーばーず☆,148,high,
hello_happy_world__149.wav,149,5Bz8TBMardI,hello_happy_world,Listen to Smile!,149,high,
hello_happy_world__150.wav,150,f5aGrmFiDGc,hello_happy_world,スマイリーキャロル,150,high,
hello_happy_world__151.wav,151,Gvey12GFPwU,hello_happy_world,えがお、み〜っけた！,151,high,
hello_happy_world__152.wav,152,JbEmP03gUnE,hello_happy_world,上海ハニー (Cover),152,high,
hello_happy_world__153.wav,153,pli3-yJjWJM,hello_happy_world,シル・ヴ・プレジデント (Cover),153,high,
hello_happy_world__154.wav,154,yfpbW_HnS4Y,hello_happy_world,ヒャダインのじょーじょーゆーじょー (Cover),154,high,
hello_happy_world__155.wav,155,BHC1CKcSf50,hello_happy_world,はいよろこんで (Cover),155,high,
hello_happy_world__156.wav,156,KaD3F8riuLE,hello_happy_world,シカ色デイズ (Cover),156,high,
hello_happy_world__157.wav,157,EGxEKCHDAFE,hello_happy_world,強風オールバック (Cover),157,high,
hello_happy_world__158.wav,158,8AwnyCo2FF0,hello_happy_world,最高到達点 (Cover),158,high,
hello_happy_world__159.wav,159,X9VNpJdPGWE,hello_happy_world,許婚っきゅん (Cover),159,high,
hello_happy_world__160.wav,160,61wi4lZdYWI,hello_happy_world,新宝島 (Cover),160,high,
hello_happy_world__161.wav,161,IjlX1R75PRw,hello_happy_world,ドレミファロンド (Cover),161,high,
hello_happy_world__162.wav,162,2WVpP1DEQMk,hello_happy_world,きゅうくらりん (Cover),162,high,
hello_happy_world__163.wav,163,MFrdfe1gA-s,hello_happy_world,ロメオ (Cover),163,high,
hello_happy_world__164.wav,164,KzkHYPBh0lg,hello_happy_world,エイリアンエイリアン (Cover),164,high,
hello_happy_world__165.wav,165,uchoxbR-Mkc,hello_happy_world,いーあるふぁんくらぶ (Cover),165,high,
hello_happy_world__166.wav,166,h_gwUH2JlIA,hello_happy_world,回レ！雪月花 (Cover),166,high,
hello_happy_world__167.wav,167,qTEBfVWtDu4,hello_happy_world,恋愛裁判 (Cover),167,high,
hello_happy_world__168.wav,168,AIMdg1EhHFw,hello_happy_world,TOMORROW (Cover),168,high,
hello_happy_world__169.wav,169,sDFuLB7r070,hello_happy_world,GO! GO! MANIAC (Cover),169,high,
hello_happy_world__170.wav,170,Dy4vu-bUI5s,hello_happy_world,Dragon Night (Cover),170,high,
hello_happy_world__171.wav,171,p0It2jRsdtw,hello_happy_world,ようこそジャパリパークへ (Cover),171,high,
hello_happy_world__172.wav,172,0p2o3wLQcNM,hello_happy_world,ウィーアー！ (Cover),172,high,
hello_happy_world__173.wav,173,b1ycD-2c_xw,hello_happy_world,おジャ魔女カーニバル!! (Cover),173,high,
hello_happy_world__174.wav,174,rf9zk-2d1kU,hello_happy_world,ダーリンダンス (Cover),174,high,
hello_happy_world__175.wav,175,sUrFo5Xw0Lc,hello_happy_world,ノーポイッ！ (Cover),175,high,
hello_happy_world__176.wav,176,w0kOSCWzEx8,hello_happy_world,SHINY DAYS (Cover),176,high,
ikka_dumb_rock__178.wav,178,BSP-xypGSak,ikka_dumb_rock,ホーミー・タイッ！！,178,high,
millsage__179.wav,179,bzPxdHmMW3s,millsage,起死開戦,180,high,
morfonica__180.wav,180,oT-B-uUUG28,morfonica,Daylight -デイライト-,182,high,
morfonica__181.wav,181,D_uUbtZUOPc,morfonica,メランコリックララバイ,183,high,
morfonica__182.wav,182,4kLyLp8Oco0,morfonica,flame of hope,184,high,
morfonica__184.wav,184,HqDa4NOAt8w,morfonica,カラフルリバティー,186,high,
morfonica__185.wav,185,DpnFf8UINbs,morfonica,fly with the night,187,high,
morfonica__186.wav,186,Qam2U-LF_Ks,morfonica,金色へのプレリュード,188,high,
morfonica__187.wav,187,eMR-LxXyCKs,morfonica,The Circle Of Butterflies,189,high,
morfonica__188.wav,188,NuhjVeWwvoM,morfonica,ハーモニー・デイ,190,high,
morfonica__189.wav,189,e8IQBZMVIGw,morfonica,Sweet Cheers!,191,high,
morfonica__190.wav,190,6C4NOz-t3QA,morfonica,"寄る辺のSunny, Sunny",192,high,
morfonica__191.wav,191,nnpD32__lAY,morfonica,誓いのWingbeat,193,high,
morfonica__192.wav,192,Ar7QtswUNGw,morfonica,Ever Sky Blue,194,high,
morfonica__193.wav,193,I6h4Rm32k-I,morfonica,Polyphonyscape,195,high,
morfonica__194.wav,194,5O3gAE65_34,morfonica,Wreath of Brave,196,high,
morfonica__195.wav,195,j3W3NHurJnk,morfonica,Merry Merry Thanks!!,197,high,
morfonica__196.wav,196,Wl5LZ3iJNzM,morfonica,Sonorous,198,high,
morfonica__197.wav,197,O0jB7IA5tZg,morfonica,両翼のBrilliance,199,high,
morfonica__198.wav,198,wjpVRH7GOFc,morfonica,Steer to Utopia,200,high,
morfonica__199.wav,199,RD_6TSNkxg0,morfonica,Fateful...,201,high,
morfonica__201.wav,201,eWqv5RB6jng,morfonica,Secret Dawn,203,high,
morfonica__203.wav,203,T_a1YLnxD50,morfonica,One step at a time,205,high,
morfonica__204.wav,204,OWTf5lEPT_g,morfonica,Tempest,206,high,
morfonica__205.wav,205,zY9c9Ws9I3Y,morfonica,フレージング ミラージュ,207,high,
morfonica__206.wav,206,B6602-OMtZI,morfonica,MUGEN Reverberate!,208,high,
morfonica__207.wav,207,UgP_YbdsoB8,morfonica,わたしまちがいさがし,209,high,
morfonica__208.wav,208,fGgKN9_egCM,morfonica,esora no clover,210,high,
morfonica__209.wav,209,RDhZVoPqL8k,morfonica,きょうもMerry go rounD,211,high,
morfonica__210.wav,210,sAnwgtsAzs8,morfonica,Feathered Dreams,212,high,
morfonica__211.wav,211,A-8Ci-YRgjE,morfonica,Portray Empathy,213,high,
morfonica__212.wav,212,5kgdPWEUA7Q,morfonica,ビューティ・フォー,214,high,
morfonica__213.wav,213,GOU_X0KK-jo,morfonica,胡蝶翔る星月夜,215,high,
morfonica__214.wav,214,x9I1W3Aigrc,morfonica,Color of Us,216,high,
morfonica__215.wav,215,zpHPneTujSA,morfonica,Resonant Strings,217,high,
morfonica__216.wav,216,HkruyxEhOPI,morfonica,Shining Leaves,218,high,
morfonica__217.wav,217,sUaDAY9u4y8,morfonica,音がえしのセレナーデ,219,high,
morfonica__218.wav,218,eAjX1Ihvtac,morfonica,蒼穹へのトレイル,220,high,
morfonica__219.wav,219,_FiExtFisto,morfonica,QUEEN (Cover),221,high,
morfonica__220.wav,220,4Vgb5ZfuGas,morfonica,again (Cover),222,high,
morfonica__221.wav,221,RquM6y7cTZU,morfonica,輪舞-revolution (Cover),223,high,
morfonica__223.wav,223,A8BRPZIHCs4,morfonica,祝福 (Cover),225,high,
morfonica__224.wav,224,ILjUR5nQQPA,morfonica,Overdose (Cover),226,high,
morfonica__226.wav,226,SfdLc7O8nhM,morfonica,chAngE (Cover),228,high,
morfonica__227.wav,227,fzIHYLmJcy4,morfonica,ALIVE (Cover),229,high,
morfonica__228.wav,228,hLQbNQsCqwg,morfonica,Nameless Story (Cover),230,high,
morfonica__229.wav,229,ZK7DbX4BApQ,morfonica,青空のラプソディ (Cover),231,high,
morfonica__231.wav,231,yGdpwyRIyAQ,morfonica,メリッサ (Cover),233,high,
morfonica__232.wav,232,bdjK1IZSudQ,morfonica,COLORFUL BOX (Cover),234,high,
morfonica__233.wav,233,uRaB7qZwZP4,morfonica,unravel (Cover),235,high,
morfonica__235.wav,235,B4O27f5P8Dk,morfonica,V.I.P (Cover),237,high,
morfonica__236.wav,236,v12Sqv9lA0c,morfonica,CQCQ (Cover),238,high,
mugendai_mutype__237.wav,237,fSa8XH8d-T4,mugendai_mutype,アイの夢限,240,high,
mugendai_mutype__238.wav,238,DvZohC30iOw,mugendai_mutype,どんがらがっしゃん,241,high,
mugendai_mutype__239.wav,239,qnHJDWgLkvw,mugendai_mutype,みゅーたんとミュータント,242,high,
mugendai_mutype__240.wav,240,gJqvYYkdkC8,mugendai_mutype,チューニング,243,high,
mugendai_mutype__241.wav,241,fDnYCRzvCco,mugendai_mutype,Dream Voyage,244,high,
mugendai_mutype__242.wav,242,QMcU8T8wOd4,mugendai_mutype,グラディエント,245,high,
mugendai_mutype__243.wav,243,g9fpSuTbouI,mugendai_mutype,LET'Sあちあちトレーニング！,246,high,
mugendai_mutype__244.wav,244,KD-EeGTr53I,mugendai_mutype,真夜中遊園地,247,high,
mugendai_mutype__245.wav,245,mKiBvYqfBfk,mugendai_mutype,テレパシー,248,high,
mugendai_mutype__246.wav,246,oD74b35UNVc,mugendai_mutype,TRASH LIFE,249,high,
mugendai_mutype__247.wav,247,zFsTGz60TLY,mugendai_mutype,新人類は仮想世界の夢を見るか?,250,high,
mugendai_mutype__248.wav,248,SI8q0trRdOE,mugendai_mutype,コミュ着火Fire!,251,high,
mugendai_mutype__249.wav,249,a6oOosacMxc,mugendai_mutype,Calling,252,high,
mugendai_mutype__250.wav,250,a1-SB-tFYmI,mugendai_mutype,Hi-Vision,253,high,
mugendai_mutype__251.wav,251,XYCI2LzEnZA,mugendai_mutype,コハク,254,high,
mugendai_mutype__252.wav,252,J_zCYMoy1Cw,mugendai_mutype,✞animaるパーティ✞開催中✞,255,high,
mugendai_mutype__253.wav,253,xosxYF29mvk,mugendai_mutype,エンプティパペット,256,high,
mugendai_mutype__254.wav,254,_iX9WOOierg,mugendai_mutype,限界現実サバイブ天使,257,high,
mugendai_mutype__255.wav,255,3WpaXoun2Tc,mugendai_mutype,ビッグマウス,258,high,
mugendai_mutype__256.wav,256,vS2MCoSUEVs,mugendai_mutype,夢現妄想世界,259,high,
mugendai_mutype__257.wav,257,xzkEK0GF7fw,mugendai_mutype,やわやわNERD 超FreQuency,260,high,
mugendai_mutype__258.wav,258,jr_xt37IcRc,mugendai_mutype,超惑星Xへの旅,261,high,
mugendai_mutype__259.wav,259,4XbNBhZuBoA,mugendai_mutype,これはぼくたちの生存のあらすじ,262,high,
mygo__260.wav,260,V6gq-6dAbHA,mygo,迷星叫,309,high,
mygo__261.wav,261,bqDL0mTUiLs,mygo,壱雫空,310,high,
mygo__262.wav,262,S7S4gUjXKjo,mygo,碧天伴走,311,high,
mygo__263.wav,263,5_ZWx7Q26Tw,mygo,影色舞,312,high,
mygo__264.wav,264,Xtqz4zUlrGY,mygo,歌いましょう鳴らしましょう,313,high,
mygo__265.wav,265,ljBKERoFUZQ,mygo,潜在表明,314,high,
mygo__266.wav,266,SKj1BxRGdfI,mygo,音一会,315,high,
mygo__267.wav,267,NycFr6D6DSw,mygo,春日影 (MyGO!!!!! ver.),316,high,
mygo__268.wav,268,OenakjvUs24,mygo,詩超絆,317,high,
mygo__269.wav,269,d0E91J6UHSw,mygo,迷路日々,318,high,
mygo__270.wav,270,b3Rapr2kUTM,mygo,無路矢,319,high,
mygo__271.wav,271,DEyXwtinmfs,mygo,名無声,320,high,
mygo__272.wav,272,SgJFZEI6GSw,mygo,栞,321,high,
mygo__273.wav,273,EEeYU4-dhZk,mygo,歩拾道,322,high,
mygo__274.wav,274,6sJ7vXe_oMU,mygo,明弦音,323,high,
mygo__275.wav,275,x56aIq5BDQU,mygo,孤壊牢,324,high,
mygo__276.wav,276,qJPXncScNA4,mygo,霧周途,325,high,
mygo__277.wav,277,2gRiKJ6zxRg,mygo,端程山,326,high,
mygo__278.wav,278,Z2OLVzWFaY0,mygo,処救生,327,high,
mygo__279.wav,279,5qaDNLKfu3o,mygo,輪符雨,328,high,
mygo__280.wav,280,szlxFGtNCs0,mygo,夜隠染,329,high,
mygo__281.wav,281,aggmsIQMR4I,mygo,過惰幻,330,high,
mygo__282.wav,282,ZPB6sJ0ehOI,mygo,回層浮,331,high,
mygo__283.wav,283,ydoFJ2s-kDA,mygo,砂寸奏,332,high,
mygo__284.wav,284,meUaiXnSeGY,mygo,焚音打,333,high,
mygo__285.wav,285,lfDO7bvUtn8,mygo,残痕字,334,high,
mygo__286.wav,286,Aww91itH5cQ,mygo,掌心正銘,335,high,
mygo__287.wav,287,I5s3q-_HCSk,mygo,証命讃歌,336,high,
mygo__288.wav,288,T_jH9KJTlsI,mygo,エガクミライ,337,high,
mygo__289.wav,289,OdVHJhdFYOo,mygo,静降想,338,high,
mygo__290.wav,290,dKPye_tGXFM,mygo,聿日箋秋,339,high,
mygo__291.wav,291,ypcMuQhWdZA,mygo,往欄印,340,high,
mygo__292.wav,292,QOGVaoFOeuw,mygo,だれかの心臓になれたなら (Cover),341,high,
mygo__293.wav,293,rKyU_gxye30,mygo,遥か彼方 (Cover),342,high,
mygo__294.wav,294,9fH4DBvi5pE,mygo,雑踏、僕らの街 (Cover),343,high,
mygo__295.wav,295,ZwDx3We2qL8,mygo,過去を喰らう (Cover),344,high,
mygo__296.wav,296,NOo87S0ABXQ,mygo,君の神様になりたい。 (Cover),345,high,
mygo__297.wav,297,cdVOlppDwFo,mygo,ノンブレス・オブリージュ (Cover),346,high,
mygo__298.wav,298,YcBvpV_CzuU,mygo,swim (Cover),347,high,
mygo__299.wav,299,DHxVK6DGqxk,mygo,猛独が襲う (Cover),348,high,
mygo__300.wav,300,wRwQUk0Dl30,mygo,春日影,365,high,
pastel_palettes__301.wav,301,DYcKUe6QYtQ,pastel_palettes,TITLE IDOL,369,high,
pastel_palettes__302.wav,302,2tsI2LPugWE,pastel_palettes,ワクワクmeetsトリップ,370,high,
pastel_palettes__303.wav,303,IYi3pLHGEo0,pastel_palettes,ゆら・ゆらRing-Dong-Dance,371,high,
pastel_palettes__304.wav,304,674OQz-V6b0,pastel_palettes,もういちど ルミナス,372,high,
pastel_palettes__305.wav,305,F2XgwwQFcvs,pastel_palettes,あっつあつ 常夏 らぶ☆サマー！,373,high,
pastel_palettes__306.wav,306,rL-CITfYnV8,pastel_palettes,天下トーイツ A to Z☆,374,high,
pastel_palettes__307.wav,307,9s_GFDvfUTI,pastel_palettes,しゅわりん☆どり〜みん,375,high,
pastel_palettes__308.wav,308,zTJjAOvwhgo,pastel_palettes,Power of LOVE!!!,376,high,
afterglow__013.wav,13,Ku2GV2VkQcA,afterglow,いつも通りのBrand new days,13,high,
afterglow__018.wav,18,UEBaKDkey40,afterglow,Jamboree!Journey!,18,high,
afterglow__026.wav,26,TFvTI-1uz7g,afterglow,アイのシナリオ (Cover),26,high,
afterglow__028.wav,28,4vNlqraef0E,afterglow,トーキョーワンダー。 (Cover),28,high,
afterglow__036.wav,36,bU3kvmPZFBg,afterglow,IGNITE GLOW,36,high,
afterglow__041.wav,41,sWjSEnBR4qE,afterglow,Start as Usual,41,high,
ave_mujica__081.wav,81,7llj4mh4L-8,ave_mujica,Choir ‘S’ Choir,81,high,
ave_mujica__094.wav,94,6bA-vjvi9oI,ave_mujica,DIVINE,94,high,
ave_mujica__095.wav,95,ivXQ21xDHfE,ave_mujica,Sophie,95,high,
hello_happy_world__110.wav,110,xNA7DZfdstI,hello_happy_world,YAPPY! SCHOOL CARNIVAL☆彡,110,high,
hello_happy_world__112.wav,112,ByAniAhEdhk,hello_happy_world,ないすみちゅっ！,112,high,
hello_happy_world__113.wav,113,35xJFtwHx7Q,hello_happy_world,ゴーカ！ごーかい！？ファントムシーフ！,113,high,
hello_happy_world__121.wav,121,hstT4_F2Hqg,hello_happy_world,はれやか すこやか ぴかりんりん♪,121,high,
hello_happy_world__131.wav,131,WC3paFpeKTo,hello_happy_world,ひまわりの約束,131,high,
hello_happy_world__140.wav,140,RvtTwS_wErQ,hello_happy_world,サンバロハッピ〜！,140,high,
hello_happy_world__177.wav,177,n7U-z7okdBM,hello_happy_world,シルエット (Cover),177,high,
morfonica__183.wav,183,ulnZ8yiS7Jg,morfonica,ブルームブルーム,185,high,
morfonica__200.wav,200,d32zOmV118k,morfonica,ティリカモニカリラ,202,high,
morfonica__202.wav,202,7Hml249yhKg,morfonica,Angel's Ladder,204,high,
morfonica__222.wav,222,falfRIZceKw,morfonica,メロウ (Cover),224,high,
morfonica__225.wav,225,GGYr_vW75pI,morfonica,かくれんぼ (Cover),227,high,
morfonica__230.wav,230,ou7eTJ4JzGE,morfonica,Nevereverland (Cover),232,high,
morfonica__234.wav,234,EG78S0HJvZg,morfonica,アゲハ蝶 (Cover),236,high,
pastel_palettes__309.wav,309,_Y2me3JTTd4,pastel_palettes,きゅ～まい＊flower,377,high,
pastel_palettes__310.wav,310,jDHsMU5ZFR0,pastel_palettes,Winking☆Cheer,378,high,
pastel_palettes__311.wav,311,p5ta20-h8vU,pastel_palettes,ゆめゆめグラデーション,379,high,
pastel_palettes__312.wav,312,QKpgJFE3CgM,pastel_palettes,はなまる◎アンダンテ,380,high,
pastel_palettes__313.wav,313,02-G0MAcdmc,pastel_palettes,パスパレボリューションず☆,381,high,
pastel_palettes__314.wav,314,5emw7-6FnvE,pastel_palettes,SURVIVOR ねばーぎぶあっぷ!,382,high,
pastel_palettes__315.wav,315,i_pkiVx3dWo,pastel_palettes,Wonderland Girl,383,high,
pastel_palettes__316.wav,316,LoW3xxuewLc,pastel_palettes,ゼッタイ宣言～Recital～,384,high,
pastel_palettes__317.wav,317,Aihl3YY6wFw,pastel_palettes,ぎゅっDAYS♪,385,high,
pastel_palettes__318.wav,318,oMtLVZ4z9wM,pastel_palettes,Wonderful Sweet!,386,high,
pastel_palettes__319.wav,319,pOhredaA3bY,pastel_palettes,るんっ♪てぃてぃー！,387,high,
pastel_palettes__320.wav,320,AqU8cxKLmN0,pastel_palettes,パッパレ☆人生！バーン万歳！,388,high,
pastel_palettes__321.wav,321,BDy7oYorJzw,pastel_palettes,Brand new Pastel Road!,389,high,
pastel_palettes__322.wav,322,UbKbTPzYNOI,pastel_palettes,あこがれacross,390,high,
pastel_palettes__323.wav,323,iKRoKPyOXlQ,pastel_palettes,ハレハレ☆フォーチュン,391,high,
pastel_palettes__324.wav,324,mzgnly7MnCA,pastel_palettes,ハナヒバナ,392,high,
pastel_palettes__325.wav,325,jSvmpgJLlR4,pastel_palettes,そばかす (Cover),393,high,
pastel_palettes__326.wav,326,Awn0evP-X4k,pastel_palettes,気まぐれロマンティック (Cover),394,high,
pastel_palettes__327.wav,327,TOIuxE3mMcI,pastel_palettes,ドリームパレード (Cover),395,high,
pastel_palettes__328.wav,328,BnlwHfHBafM,pastel_palettes,ラムのラブソング (Cover),396,high,
pastel_palettes__329.wav,329,VkLZPuTArN4,pastel_palettes,DANCE! おジャ魔女 (Cover),397,high,
pastel_palettes__330.wav,330,OK782ls3yH8,pastel_palettes,DISCOTHEQUE (Cover),398,high,
pastel_palettes__331.wav,331,pSH0gYedUEg,pastel_palettes,ゆりゆららららゆるゆり大事件 (Cover),399,high,
pastel_palettes__332.wav,332,DxUyKQwPeWU,pastel_palettes,SAKURAスキップ (Cover),400,high,
pastel_palettes__333.wav,333,cC9iaoSJLqw,pastel_palettes,Stay Alive (Cover),401,high,
pastel_palettes__334.wav,334,Vfk4MdZKBn4,pastel_palettes,秘密の扉から会いにきて (Cover),402,high,
pastel_palettes__335.wav,335,bhbqZAY_TEk,pastel_palettes,トリドリ＊パレット,403,high,
pastel_palettes__336.wav,336,ppjwpt0H2o4,pastel_palettes,ドラマチック！アライブ,404,high,
pastel_palettes__337.wav,337,dS-SUwftzmM,pastel_palettes,Radiate Warriors,405,high,
pastel_palettes__338.wav,338,4XSLFAmgO34,pastel_palettes,ReReReエボリューションず☆,406,high,
pastel_palettes__339.wav,339,zEHPkLXcX1I,pastel_palettes,everyday flower,407,high,
pastel_palettes__340.wav,340,zjMWXcNc8Uw,pastel_palettes,With〜きみとわたしたちの物語〜,408,high,
pastel_palettes__341.wav,341,ZvK22__1ECE,pastel_palettes,フレっとパレットFight Song!!,409,high,
pastel_palettes__343.wav,343,oN98BBBIOnw,pastel_palettes,ホワイト ノスタルジア,411,high,
pastel_palettes__344.wav,344,yKkCyuTOi8Q,pastel_palettes,Y.O.L.O！！！！！(パスパレver.),412,high,
pastel_palettes__345.wav,345,7ivdiNcTRmA,pastel_palettes,奏（かなで） (Cover),413,high,
pastel_palettes__346.wav,346,cWaspJSp51g,pastel_palettes,Sparkling Daydream (Cover),414,high,
pastel_palettes__347.wav,347,Kz_bl2WNEag,pastel_palettes,春を告げる (Cover),415,high,
pastel_palettes__348.wav,348,RxB9vL3xGts,pastel_palettes,だから、ひとりじゃない (Cover),416,high,
pastel_palettes__349.wav,349,pe-Hf4LBNu4,pastel_palettes,サインはB (Cover),417,high,
pastel_palettes__350.wav,350,qvnhTZ8Tt6Y,pastel_palettes,愛包ダンスホール (Cover),418,high,
pastel_palettes__351.wav,351,e8vNIMfYZ5Q,pastel_palettes,最上級にかわいいの！ (Cover),419,high,
pastel_palettes__352.wav,352,wYKNiQ89D2c,pastel_palettes,♡桃色片想い♡ (Cover),420,high,
pastel_palettes__353.wav,353,Yuy49UdKUDk,pastel_palettes,金曜日のおはよう (Cover),421,high,
pastel_palettes__354.wav,354,1TkdhB2WsRs,pastel_palettes,魔法少女とチョコレゐト (Cover),422,high,
pastel_palettes__355.wav,355,rUHSBpc0bII,pastel_palettes,可愛くてごめん (Cover),423,high,
pastel_palettes__356.wav,356,l-fkEvCQmPY,pastel_palettes,からくりピエロ (Cover),424,high,
pastel_palettes__357.wav,357,LwR74MCem6w,pastel_palettes,みくみくにしてあげる♪【してやんよ】 (Cover),425,high,
pastel_palettes__358.wav,358,9xwqyx5ctOo,pastel_palettes,ルカルカ★ナイトフィーバー (Cover),426,high,
pastel_palettes__359.wav,359,cJBTmzjJzU8,pastel_palettes,アイドル (Cover),427,high,
pastel_palettes__360.wav,360,itCnoApRdqU,pastel_palettes,secret base ～君がくれたもの～ (Cover),428,high,
pastel_palettes__361.wav,361,dLeFvw9vy3o,pastel_palettes,ふわふわ時間 (Cover),429,high,
pastel_palettes__362.wav,362,6Io8ctmS0YY,pastel_palettes,Fantastic future (Cover),430,high,
pastel_palettes__363.wav,363,OOd6NXBYo3k,pastel_palettes,Baby Sweet Berry Love (Cover),431,high,
pastel_palettes__364.wav,364,UdKKTRtfxjg,pastel_palettes,Q＆A　リサイタル！ (Cover),432,high,
pastel_palettes__365.wav,365,v5LyeEX1YV0,pastel_palettes,ヒトリゴト (Cover),433,high,
pastel_palettes__366.wav,366,myK79DvRm3o,pastel_palettes,惑星ループ (Cover),434,high,
pastel_palettes__367.wav,367,5EWO1vDl0tc,pastel_palettes,世界は恋に落ちている (Cover),435,high,
pastel_palettes__368.wav,368,AD3WCMhAGVs,pastel_palettes,ハッピーシンセサイザ (Cover),436,high,
pastel_palettes__369.wav,369,LuBJ_pjwIXk,pastel_palettes,春擬き (Cover),437,high,
pastel_palettes__370.wav,370,l0RnmsJuvfo,pastel_palettes,Make it! (Cover),438,high,
pastel_palettes__371.wav,371,ZoMwONgrN_E,pastel_palettes,花ハ踊レヤいろはにほ (Cover),439,high,
pastel_palettes__373.wav,373,_G5oGC6aJYs,pastel_palettes,徒花ネクロマンシー (Cover),441,high,
pastel_palettes__374.wav,374,i-jiHiL7G8s,pastel_palettes,ノスタルジックレインフォール (Cover),442,high,
poppin_party__375.wav,375,tBSpLDIqbHc,poppin_party,Yes! BanG_Dream!,443,high,
poppin_party__376.wav,376,RtKwXh18gkc,poppin_party,STAR BEAT!～ホシノコドウ～,444,high,
poppin_party__377.wav,377,pBKo-SAbtcM,poppin_party,走り始めたばかりのキミに,445,high,
poppin_party__378.wav,378,lOE3DB6Ur4A,poppin_party,ティアドロップス,446,high,
poppin_party__379.wav,379,OqN-TbVubpA,poppin_party,ときめきエクスペリエンス！,447,high,
poppin_party__380.wav,380,4YrfrDTabQk,poppin_party,キラキラだとか夢だとか ～Sing Girls～,448,high,
poppin_party__381.wav,381,ZnaBCQTeHYI,poppin_party,私の心はチョココロネ,449,high,
poppin_party__382.wav,382,3ugLz4FMdeI,poppin_party,前へススメ！,450,high,
poppin_party__383.wav,383,yQ0ebf3C1zM,poppin_party,夢みるSunflower,451,high,
poppin_party__384.wav,384,Eq0Mo7Ca02I,poppin_party,ティアドロップス ～Popipa Acoustic Ver.～,452,high,
poppin_party__385.wav,385,PZlcgbhP8PY,poppin_party,走り始めたばかりのキミに ～Popipa Acoustic Ver.～,453,high,
poppin_party__386.wav,386,ap3LhZJvbiw,poppin_party,Time Lapse,454,high,
poppin_party__387.wav,387,y_wsqM33BaY,poppin_party,八月のif,455,high,
poppin_party__388.wav,388,EMwYk4qPK1k,poppin_party,クリスマスのうた,456,high,
poppin_party__389.wav,389,dW25FkbQC58,poppin_party,B.O.F,457,high,
poppin_party__390.wav,390,Zj4qzqS--UY,poppin_party,CiRCLING,458,high,
poppin_party__391.wav,391,sNaJuqFB-_g,poppin_party,二重の虹(ダブル レインボウ),459,high,
poppin_party__392.wav,392,w5jX2B8W6l8,poppin_party,最高(さあ行こう)！,460,high,
poppin_party__393.wav,393,94djfHnNylA,poppin_party,ガールズコード,461,high,
poppin_party__394.wav,394,ZHrWJfxYKOQ,poppin_party,Yes! BanG_Dream! ～Popipa Acoustic Ver.～,462,high,
poppin_party__395.wav,395,aWzYylwrlNU,poppin_party,夏空 SUN! SUN! SEVEN! ～Popipa Acoustic Ver.～,463,high,
poppin_party__396.wav,396,kj5orLd_XnA,poppin_party,STAR BEAT!～ホシノコドウ～ ～Popipa Acoustic Ver.～,464,high,
poppin_party__397.wav,397,jL9BEY5Lt7Q,poppin_party,Breakthrough!,465,high,
poppin_party__398.wav,398,D1ONxAWcbGE,poppin_party,NO GIRL NO CRY/Poppin'Party Ver.,466,high,
poppin_party__399.wav,399,Yb9FzUPpk0Y,poppin_party,イニシャル,467,high,
poppin_party__400.wav,400,BduVH7BZj2k,poppin_party,Hello! Wink!,468,high,
poppin_party__401.wav,401,yJSDaYtRGto,poppin_party,Step×Step!,469,high,
poppin_party__402.wav,402,SIF5yp2lNqA,poppin_party,Jumpin',470,high,
poppin_party__403.wav,403,Q7Y-vskuNVQ,poppin_party,White Afternoon,471,high,
poppin_party__404.wav,404,idH2KGN0C4A,poppin_party,キラキラスター！,472,high,
poppin_party__405.wav,405,zWKV5yudE18,poppin_party,Returns,473,high,
poppin_party__406.wav,406,VigNV3bsE_k,poppin_party,Dreamers Go!,474,high,
poppin_party__407.wav,407,rvKC_BDWo0o,poppin_party,キズナミュージック♪,475,high,
poppin_party__408.wav,408,amlyxSdWmTg,poppin_party,ミライトレイン,476,high,
poppin_party__409.wav,409,Y8-nQ9ehgZE,poppin_party,夢を撃ち抜く瞬間に！,477,high,
poppin_party__410.wav,410,FNpk2rkmT_U,poppin_party,ぽっぴん'しゃっふる,478,high,
poppin_party__411.wav,411,AwmICsVBWLU,poppin_party,夏空 SUN! SUN! SEVEN!,479,high,
poppin_party__412.wav,412,b-ZAiNOYtE0,poppin_party,1000回潤んだ空,480,high,
poppin_party__413.wav,413,c0brvCZdxeg,poppin_party,HAPPY HAPPY PARTY!,481,high,
poppin_party__414.wav,414,xtgdECulbbw,poppin_party,夏のドーン！,482,high,
poppin_party__415.wav,415,gu85qKfXfj8,poppin_party,キミにもらったもの,483,high,
poppin_party__416.wav,416,ycVVqPjxPqk,poppin_party,Light Delight,484,high,
poppin_party__417.wav,417,W_W3LnZJApA,poppin_party,切ないSandglass,485,high,
poppin_party__418.wav,418,_n8qGOBD0J8,poppin_party,Home Street,486,high,
poppin_party__419.wav,419,pX8lWO_Jwv4,poppin_party,What's the POPIPA!?,487,high,
poppin_party__420.wav,420,lQF_5FOrl7k,poppin_party,SAKURA MEMORIES,488,high,
poppin_party__421.wav,421,0TYq4xK3G8g,poppin_party,アニバーサリー,489,high,
poppin_party__422.wav,422,j7o8KLDowG8,poppin_party,Tomorrow's Door,490,high,
poppin_party__423.wav,423,KfuOq4v5H_A,poppin_party,イントロダクション,491,high,
poppin_party__424.wav,424,aIaSbIpxXb8,poppin_party,TARINAI,492,high,
poppin_party__425.wav,425,T6a3TbucVIk,poppin_party,DOKI DOKI SCARY,493,high,
poppin_party__426.wav,426,jLWs8qcXF7o,poppin_party,Photograph,494,high,
poppin_party__428.wav,428,-ISFvqdfTHo,poppin_party,ぽっぴん'どりーむ！,496,high,
poppin_party__429.wav,429,fa9khQQc5HE,poppin_party,星の約束,497,high,
poppin_party__430.wav,430,bqKoweXOY1I,poppin_party,新しい季節に,498,high,
poppin_party__431.wav,431,lsRTa_4Q9iU,poppin_party,トレモロアイズ,499,high,
poppin_party__432.wav,432,6PWbcFhH1sc,poppin_party,雨上がり、キミと,500,high,
poppin_party__433.wav,433,rTVN1M1DNx8,poppin_party,花咲く未来に,501,high,
poppin_party__434.wav,434,BQ417cl8-iE,poppin_party,Live Beyond!!,502,high,
poppin_party__436.wav,436,tjFia-3Se94,poppin_party,キミが始まる！,504,high,
poppin_party__438.wav,438,YfSxTmBzz9k,poppin_party,ここから先は歌にならない,506,high,
poppin_party__439.wav,439,inyz9fpWPT0,poppin_party,青春 To Be Continued,507,high,
poppin_party__440.wav,440,JonvwJvZFv4,poppin_party,Future Place,508,high,
poppin_party__441.wav,441,NW5DnKrpr8M,poppin_party,大好き！,509,high,
poppin_party__442.wav,442,-rDKKJcyyTU,poppin_party,Five Letters,510,high,
poppin_party__443.wav,443,pSYXzPMhsPQ,poppin_party,最強☆ソング,511,high,
poppin_party__444.wav,444,ai76D_byMgk,poppin_party,RiNG A BELL,512,high,
poppin_party__445.wav,445,3qwN9R7er9Y,poppin_party,Drive Your Heart,513,high,
poppin_party__446.wav,446,uOdEmtdzblA,poppin_party,とっておきAnswer,514,high,
poppin_party__447.wav,447,SQ_-nPf-SNI,poppin_party,START!! True dreams (Cover),515,high,
poppin_party__448.wav,448,sk7nYFsnLto,poppin_party,どきどきデエト,516,high,
poppin_party__449.wav,449,pbDiKPBuTsc,poppin_party,チョコレイトの低音レシピ,517,high,
poppin_party__450.wav,450,5j2a4m1OQsg,poppin_party,Chu Chueen!,518,high,
poppin_party__451.wav,451,Y-tnOBf-byo,poppin_party,どきどきSING OUT!,519,high,
poppin_party__452.wav,452,oy6OCnr9eAg,poppin_party,Freedom,520,high,
poppin_party__453.wav,453,X7NS0u628lw,poppin_party,Game Changer,521,high,
poppin_party__454.wav,454,Fb6Vxj--Fq4,poppin_party,花園電気ギター！！！,522,high,
poppin_party__455.wav,455,vdYlI5BnvPk,poppin_party,す、好きなんかじゃない！,523,high,
poppin_party__456.wav,456,jTSPnt5kts0,poppin_party,遠い音楽 ～ハートビート～,524,high,
poppin_party__457.wav,457,hDgXSuDV51A,poppin_party,ほな！,525,high,
poppin_party__458.wav,458,OuCaAYkV2d8,poppin_party,世界中の青空をあつめて,526,high,
poppin_party__459.wav,459,HNpDj7g9Fd0,poppin_party,勇気Limit！,527,high,
poppin_party__460.wav,460,E7Vac5VF7Qg,poppin_party,開けたらDream!,528,high,
poppin_party__461.wav,461,tvXmaug8tG8,poppin_party,絆色のアンサンブル,529,high,
poppin_party__462.wav,462,uBLg7gB5FiM,poppin_party,NO GIRL NO CRY (Poppin'Party Ver.),530,high,
poppin_party__463.wav,463,DhaNne4oohU,poppin_party,ちゅ、多様性。 (Cover),531,high,
poppin_party__464.wav,464,NF-IGTDm138,poppin_party,フィクション (Cover),532,high,
poppin_party__465.wav,465,CHkferCyEUM,poppin_party,幾億光年 (Cover),533,high,
poppin_party__466.wav,466,9FhNnX_qsV0,poppin_party,心絵 (Cover),534,high,
poppin_party__467.wav,467,3bnaYpv-DFU,poppin_party,じょいふる (Cover),535,high,
poppin_party__468.wav,468,Gpkg81TpkSA,poppin_party,MATSURI BAYASHI (Cover),536,high,
poppin_party__469.wav,469,fRxQcfI2PXo,poppin_party,私は最強 (Cover),537,high,
poppin_party__470.wav,470,FWdBp0JXxhs,poppin_party,トウキョウ・シャンディ・ランデヴ (Cover),538,high,
poppin_party__471.wav,471,bAB2ZuwcxFc,poppin_party,夜行性ハイズ (Cover),539,high,
poppin_party__472.wav,472,7X1NMdaFLiw,poppin_party,メランコリック (Cover),540,high,
poppin_party__473.wav,473,36Q4jzk_IvE,poppin_party,怪獣の花唄 (Cover),541,high,
poppin_party__474.wav,474,tM9njVVTxaQ,poppin_party,光るなら (Cover),542,high,
poppin_party__475.wav,475,dwYnaJHhnmw,poppin_party,ミュージック・アワー (Cover),543,high,
poppin_party__476.wav,476,MjJX_7wt76A,poppin_party,only my railgun (Cover),544,high,
poppin_party__477.wav,477,AO5UM_1IIFQ,poppin_party,ロミオとシンデレラ (Cover),545,high,
poppin_party__478.wav,478,2uu5rGrlHec,poppin_party,Daydream café (Cover),546,high,
poppin_party__480.wav,480,nAmOOEi3LHc,poppin_party,＊〜アスタリスク〜 (Cover),548,high,
poppin_party__481.wav,481,dGAFk19MN6Q,poppin_party,DAYS of DASH (Cover),549,high,
poppin_party__482.wav,482,XtZaRGkRwL4,poppin_party,檄！帝国華撃団 (Cover),550,high,
poppin_party__483.wav,483,SJWQwOIdJgY,poppin_party,DAYS (Cover),551,high,
poppin_party__484.wav,484,EHmHYlveZTI,poppin_party,ディスカバリー！ (Cover),552,high,
poppin_party__485.wav,485,BomRuEmkPsc,poppin_party,チェリボム (Cover),553,high,
poppin_party__486.wav,486,I_TIPc02Ros,poppin_party,ヴァンパイア (Cover),554,high,
poppin_party__487.wav,487,k49-xYTRmyY,poppin_party,怪物 (Cover),555,high,
poppin_party__488.wav,488,1ZoP4xnF_J0,poppin_party,大河よ共に泣いてくれ (Cover),556,high,
poppin_party__489.wav,489,Z42iAtQpMNs,poppin_party,空色デイズ (Cover),557,high,
raise_a_suilen__490.wav,490,m5z-mCUwmxM,raise_a_suilen,Invincible Fighter,559,high,
raise_a_suilen__491.wav,491,9iOltuunbvs,raise_a_suilen,A DECLARATION OF ×××,560,high,
raise_a_suilen__493.wav,493,HTxkTejTs8E,raise_a_suilen,UNSTOPPABLE,562,high,
raise_a_suilen__494.wav,494,xalGIIeyPLo,raise_a_suilen,HELL! or HELL?,563,high,
raise_a_suilen__495.wav,495,AxEUw6LdHR4,raise_a_suilen,Beautiful Birthday,564,high,
raise_a_suilen__496.wav,496,ikck11yNDxg,raise_a_suilen,Takin’ my Heart,565,high,
raise_a_suilen__497.wav,497,5gUl74wG2DE,raise_a_suilen,DRIVE US CRAZY,566,high,
raise_a_suilen__498.wav,498,eLpe02tbeYU,raise_a_suilen,!NVADE SHOW!,567,high,
raise_a_suilen__499.wav,499,4i9vGzhaCg0,raise_a_suilen,REIGNING,568,high,
raise_a_suilen__500.wav,500,oXN2YFZH0ig,raise_a_suilen,EXPOSE ‘Burn out!!!’,569,high,
raise_a_suilen__501.wav,501,JYbew8XnCc8,raise_a_suilen,R・I・O・T,570,high,
raise_a_suilen__502.wav,502,ci5Ot5n-8_k,raise_a_suilen,V.I.P MONSTER,571,high,
raise_a_suilen__503.wav,503,CmEGhNuz_zs,raise_a_suilen,mind of Prominence,572,high,
raise_a_suilen__504.wav,504,bjHImc6cTqE,raise_a_suilen,Ray of hope,573,high,
raise_a_suilen__505.wav,505,Vo3lvsrP9mY,raise_a_suilen,EXIST,574,high,
raise_a_suilen__506.wav,506,4b3deIpxkSk,raise_a_suilen,Sacred world,575,high,
raise_a_suilen__507.wav,507,caxxCfDdklI,raise_a_suilen,-N-E-M-E-S-I-S-,576,high,
raise_a_suilen__508.wav,508,cmbqhJ7OM8w,raise_a_suilen,DANCING DARING,577,high,
raise_a_suilen__509.wav,509,pW01z1Q-MQY,raise_a_suilen,BATTLE CRY,578,high,
raise_a_suilen__510.wav,510,41K7ic6HN4E,raise_a_suilen,Domination to world,579,high,
raise_a_suilen__511.wav,511,W5bmkfq6_Wo,raise_a_suilen,THE WAY OF LIFE,580,high,
raise_a_suilen__512.wav,512,Uh2MjQ9Q324,raise_a_suilen,灼熱 Bonfire!,581,high,
raise_a_suilen__513.wav,513,eJp3_buirj4,raise_a_suilen,Repaint,582,high,
raise_a_suilen__514.wav,514,zle_8SGQgcg,raise_a_suilen,Life on the Lotus,583,high,
raise_a_suilen__515.wav,515,1NgjttSojKw,raise_a_suilen,CORUSCATE -DNA-,584,high,
raise_a_suilen__516.wav,516,YsdbJl-eg2o,raise_a_suilen,That Is How I Roll!,585,high,
raise_a_suilen__517.wav,517,xFat9vDHNJE,raise_a_suilen,しゅわりん☆どり～みん,586,high,
raise_a_suilen__518.wav,518,mDKUbNpjzDU,raise_a_suilen,パスパレボリューションず☆,587,high,
raise_a_suilen__519.wav,519,Vlp3NkDZh7c,raise_a_suilen,えがおのオーケストラっ！,588,high,
raise_a_suilen__520.wav,520,Wv9HiA6ONbI,raise_a_suilen,Don't be afraid!,589,high,
raise_a_suilen__521.wav,521,j69ZFBRuOlA,raise_a_suilen,ゆら・ゆらRing-Dong-Dance,590,high,
raise_a_suilen__522.wav,522,dQuVrNLZOFM,raise_a_suilen,Hey-day狂騒曲(カプリチオ),591,high,
raise_a_suilen__523.wav,523,bRWWFTSHICg,raise_a_suilen,Scarlet Sky,592,high,
raise_a_suilen__525.wav,525,NTkFFLOLuCc,raise_a_suilen,R・I・O・T,594,high,
raise_a_suilen__526.wav,526,inRDSCi2O_E,raise_a_suilen,That Is How I Roll! (ライブ / アンコール),595,high,
raise_a_suilen__527.wav,527,eyjb_cL2nag,raise_a_suilen,R･I･O･T (ライブ / アンコール),596,high,
raise_a_suilen__528.wav,528,0fBH7M4EY1M,raise_a_suilen,Apocalypse,597,high,
raise_a_suilen__529.wav,529,pB350d7RuAg,raise_a_suilen,TWIN TALE,598,high,
raise_a_suilen__530.wav,530,e_5VjvDrHz8,raise_a_suilen,STRAY CERBERUS,599,high,
raise_a_suilen__531.wav,531,cmwOP8goDTw,raise_a_suilen,BERSER-KEY,600,high,
raise_a_suilen__533.wav,533,XYMoaMqyf6s,raise_a_suilen,HOWLING AMBITION,602,high,
raise_a_suilen__534.wav,534,ckqNhklWz6I,raise_a_suilen,VIVID FIRST TIME,603,high,
raise_a_suilen__535.wav,535,gHqSTnDDmJk,raise_a_suilen,'FIGHT' ADDICT,604,high,
raise_a_suilen__536.wav,536,EELGtL1U1vw,raise_a_suilen,Drown Out the Noise and Push Through the Trash,605,high,
raise_a_suilen__537.wav,537,rRo4HYj654A,raise_a_suilen,FIVE as ONE,606,high,
raise_a_suilen__538.wav,538,JuSc3CMEv34,raise_a_suilen,EXPOSE 'Burn out!!!' (English),607,high,
raise_a_suilen__539.wav,539,ops9Visjdwc,raise_a_suilen,Takin' my Heart (English),608,high,
raise_a_suilen__540.wav,540,5sj1cxlpp5U,raise_a_suilen,WELCOME TO PANDEMONIUM,609,high,
raise_a_suilen__542.wav,542,DkMyx_sLMlk,raise_a_suilen,RUNAWAY STAR,611,high,
raise_a_suilen__544.wav,544,oVEfC2fyvLY,raise_a_suilen,Light a fire,613,high,
raise_a_suilen__545.wav,545,7LN3sI8JE5E,raise_a_suilen,Embrace of light,614,high,
raise_a_suilen__546.wav,546,gSVSgtA9ke4,raise_a_suilen,OUTSIDER RODEO,615,high,
raise_a_suilen__547.wav,547,-0OIoHQv5qY,raise_a_suilen,JUST THE WAY I AM,616,high,
raise_a_suilen__548.wav,548,Wq-hNQDOPJA,raise_a_suilen,ラスハピーポー！,617,high,
raise_a_suilen__549.wav,549,GBGMF98_oBs,raise_a_suilen,1/3の純情な感情 (Cover),618,high,
raise_a_suilen__550.wav,550,9zwlVCZ4LRw,raise_a_suilen,ヒトリノ夜 (Cover),619,high,
raise_a_suilen__551.wav,551,AacM4_SwEPc,raise_a_suilen,激動 (Cover),620,high,
raise_a_suilen__552.wav,552,FHdbSnHhlts,raise_a_suilen,メギツネ (Cover),621,high,
raise_a_suilen__553.wav,553,ciUhdk5mxt4,raise_a_suilen,Bling-Bang-Bang-Born (Cover),622,high,
raise_a_suilen__554.wav,554,cb2c5sJShsQ,raise_a_suilen,第六感 (Cover),623,high,
raise_a_suilen__555.wav,555,xj_PkFdvQ0g,raise_a_suilen,革命道中 (Cover),624,high,
raise_a_suilen__556.wav,556,ezQiWaCbpug,raise_a_suilen,Get Wild (Cover),625,high,
raise_a_suilen__557.wav,557,OsWFLfjctjQ,raise_a_suilen,ボッカデラべリタ (Cover),626,high,
raise_a_suilen__558.wav,558,-87myA3SB-g,raise_a_suilen,第ゼロ感 (Cover),627,high,
raise_a_suilen__559.wav,559,jE_GE2IJ5FA,raise_a_suilen,劣等上等 (Cover),628,high,
raise_a_suilen__560.wav,560,nyn9h6BraQ4,raise_a_suilen,Just Awake (Cover),629,high,
raise_a_suilen__561.wav,561,SGMxavJkvqA,raise_a_suilen,Keep the Heat and Fire Yourself Up (Cover),630,high,
raise_a_suilen__562.wav,562,1Ey5S6imOwM,raise_a_suilen,ボッカデラベリタ (Cover),631,high,
raise_a_suilen__563.wav,563,rdAtnVC03M0,raise_a_suilen,VORACITY (Cover),632,high,
raise_a_suilen__565.wav,565,NaadmtMFqI4,raise_a_suilen,狂乱 Hey Kids!! (Cover),634,high,
raise_a_suilen__566.wav,566,M45pCdVZhHY,raise_a_suilen,SAVIOR OF SONG (Cover),635,high,
raise_a_suilen__567.wav,567,8XRwP6pLi_s,raise_a_suilen,恋しさとせつなさと心強さと (Cover),636,high,
raise_a_suilen__568.wav,568,TLq1MbV686M,raise_a_suilen,DEPARTURES (Cover),637,high,
raise_a_suilen__569.wav,569,sS9JtIVl-Lw,raise_a_suilen,CORE PRIDE (Cover),638,high,
roselia__570.wav,570,03iVXFZ8jrs,roselia,Neo-Aspect,639,high,
roselia__571.wav,571,MmnU-s1TdsI,roselia,BLACK SHOUT,640,high,
roselia__572.wav,572,kzzXxwU3qo4,roselia,Opera of the wasteland,641,high,
roselia__573.wav,573,KjgjeK-ppd0,roselia,陽だまりロードナイト,642,high,
roselia__574.wav,574,m3mZynIlQe0,roselia,ONENESS,643,high,
roselia__576.wav,576,MaWXiKOzwUc,roselia,Legendary,645,high,
roselia__577.wav,577,HD--qY58fsM,roselia,- HEROIC ADVENT -,646,high,
roselia__578.wav,578,4jyT00Gn2Ec,roselia,Determination Symphony,647,high,
roselia__579.wav,579,DZNOUNsvWps,roselia,熱色スターマイン,648,high,
roselia__580.wav,580,P2BT98BC1N8,roselia,軌跡,649,high,
roselia__581.wav,581,RZBHAjojJhg,roselia,LOUDER,650,high,
roselia__582.wav,582,ZqdMPCDsCeE,roselia,R,651,high,
roselia__583.wav,583,MHXRfiufs2o,roselia,BRAVE JEWEL,652,high,
roselia__585.wav,585,0Hj-eXZzL90,roselia,Safe and Sound,654,high,
roselia__586.wav,586,C3vzihABDZQ,roselia,Avant-garde HISTORY,655,high,
roselia__587.wav,587,tzXB1HCJAQo,roselia,Break your desire,656,high,
roselia__588.wav,588,Izq3AAix1Os,roselia,Neo-Aspect,657,high,
roselia__589.wav,589,Xrx-qzgzhek,roselia,約束,658,high,
roselia__590.wav,590,1afLYh5w8XY,roselia,"""UNIONS"" Road",659,high,
roselia__591.wav,591,Kohn9PRanoY,roselia,Song I am.,660,high,
roselia__592.wav,592,z0jU3sNiA44,roselia,Sage der Rosen,661,high,
roselia__594.wav,594,0e9gzU4spFU,roselia,Keep Heart,663,high,
roselia__595.wav,595,Rfw6OoJj3Cw,roselia,Original Call,664,high,
roselia__596.wav,596,M5h9Td238hI,roselia,Always recall.,665,high,
roselia__597.wav,597,Qa7n53DmlHg,roselia,Floral Haven,666,high,
roselia__598.wav,598,OpSimLr7ouc,roselia,Sprechchor,667,high,
roselia__599.wav,599,I0s49imrtho,roselia,閃光,668,high,
roselia__600.wav,600,2AjNrv9FhRQ,roselia,THE HISTORIC...,669,high,
roselia__601.wav,601,8Cygbjd1h8Y,roselia,ROZEN HORIZON,670,high,
roselia__602.wav,602,Upm95P9Wye0,roselia,廻廻奇譚 (Cover),671,high,
roselia__603.wav,603,Y5CTSrakFlY,roselia,鳥の詩 (Cover),672,high,
roselia__604.wav,604,3QeYCxU7ftQ,roselia,Synchrogazer (Cover),673,high,
roselia__605.wav,605,7jOjYce_f4c,roselia,名前のない怪物 (Cover),674,high,
roselia__606.wav,606,NBqwhhtVs9I,roselia,Dazzle the Destiny,675,high,
roselia__607.wav,607,xeBOEvFrWK8,roselia,Grateful Melting,676,high,
roselia__608.wav,608,qqEMtc1NtGk,roselia,Second to None,677,high,
roselia__609.wav,609,ppeswfW0mg4,roselia,Steadfast Spirits,678,high,
roselia__610.wav,610,0BsIKL3t76M,roselia,紫炎,679,high,
roselia__611.wav,611,P9PXzNniuaY,roselia,XV,680,high,
roselia__612.wav,612,qKYf5ozmgsE,roselia,Blessing Chord,681,high,
roselia__613.wav,613,WhEs2KF4zNo,roselia,Fear Nothing,682,high,
roselia__615.wav,615,eoq81V4BpHQ,roselia,Requiem for Fate,684,high,
roselia__616.wav,616,LAPLzxHzaHY,roselia,Sanctuary,685,high,
roselia__617.wav,617,BtG1mA_1e0s,roselia,Sunlit Musical,686,high,
roselia__618.wav,618,ZtHU3JLdNoU,roselia,Talk to My Tone,687,high,
roselia__619.wav,619,uXgEOq0544w,roselia,一逢のFull Glory,688,high,
roselia__620.wav,620,GyZ4UFCbWZo,roselia,礎の花冠,689,high,
roselia__621.wav,621,XuxC9WuFZcw,roselia,FRONTIER FANTASIA,690,high,
roselia__622.wav,622,ihQB9wYq89g,roselia,Dear Gleam,691,high,
roselia__623.wav,623,VBn-ME6-jGs,roselia,Call the shots,692,high,
roselia__624.wav,624,H_ngLOaoMvs,roselia,THRONE OF ROSE,693,high,
roselia__625.wav,625,-yVtSiKoc1c,roselia,VIOLET LINE,694,high,
roselia__626.wav,626,h4cEEXCPO8M,roselia,Ringing Bloom,695,high,
roselia__627.wav,627,LKvJhHQN4Y8,roselia,ZEAL of proud,696,high,
roselia__628.wav,628,rGkei9v-jz4,roselia,Singing “OURS”,697,high,
roselia__630.wav,630,ZbI7Cfdo4ZM,roselia,overtuRe,699,high,
roselia__631.wav,631,QJ5DMiLGliA,roselia,Proud of oneself,700,high,
roselia__632.wav,632,2zRyFvvZa-g,roselia,Sing Alive,701,high,
roselia__633.wav,633,q9g4jk1-XCs,roselia,Swear ～Night & Day～,702,high,
roselia__635.wav,635,_8_h1aTcH-c,roselia,ヒバナ -Reloaded- (Cover),704,high,
roselia__636.wav,636,B8Twg8j4a1A,roselia,ファタール (Cover),705,high,
roselia__637.wav,637,frI2-4pnOrw,roselia,HONEY (Cover),706,high,
roselia__638.wav,638,kHdgtPHuya8,roselia,悪魔の子 (Cover),707,high,
roselia__639.wav,639,gtVeDq1y0R4,roselia,slash (Cover),708,high,
roselia__640.wav,640,XfrqZWj8jD0,roselia,右肩の蝶 (Cover),709,high,
roselia__641.wav,641,c6pS6PEjk4c,roselia,乙女解剖 (Cover),710,high,
roselia__642.wav,642,xnlJkmRhi3Q,roselia,六兆年と一夜物語 (Cover),711,high,
roselia__643.wav,643,wiuhDFE6h0Y,roselia,残酷な天使のテーゼ (Cover),712,high,
roselia__644.wav,644,ohmlUNGuGP0,roselia,海色 (Cover),713,high,
roselia__646.wav,646,f1nfxEw-A24,roselia,魂のルフラン (Cover),715,high,
roselia__647.wav,647,6zCxyy2HERM,roselia,This game (Cover),716,high,
roselia__648.wav,648,jFaVomJ6IRk,roselia,スカイクラッドの観測者 (Cover),717,high,
roselia__649.wav,649,cn4pKTcLNwQ,roselia,シャルル (Cover),718,high,
roselia__650.wav,650,TLnpE1QLVBs,roselia,新時代 (Cover),719,high,
roselia__651.wav,651,RKJtSnR-7cY,roselia,革命デュアリズム (Cover),720,high,
roselia__652.wav,652,SF1JjeTPbU4,roselia,Red fraction (Cover),721,high,
roselia__653.wav,653,MOVw2hYsZcg,roselia,深愛 (Cover),722,high,
roselia__654.wav,654,A12CMqrBFSw,roselia,Paradisus‐Paradoxum (Cover),723,high,
roselia__655.wav,655,bfWK5imos6A,roselia,Realize (Cover),724,high,
roselia__656.wav,656,rB5eL98q6f8,roselia,Preserved Roses (Cover),725,high,
roselia__657.wav,657,PeeD7-Mek8k,roselia,My Dearest (Cover),726,high,
roselia__658.wav,658,vpj8rTjY_dw,roselia,Shangri-La (Cover),727,high,
roselia__659.wav,659,mR86Quw762c,roselia,KING (Cover),728,high,
afterglow__017.wav,17,RepUyAXXlD8,afterglow,Trouble Joyful!!,17,high,
pastel_palettes__342.wav,342,M4asKbF6F18,pastel_palettes,デイオフ・ラフ・ラブ・サンクス,410,high,
pastel_palettes__372.wav,372,qr_jUCTw_T0,pastel_palettes,夜に駆ける (Cover),440,high,
poppin_party__427.wav,427,02n9fIuuew8,poppin_party,夏に閉じこめて,495,high,
poppin_party__435.wav,435,_Zbm5jidUmM,poppin_party,Sweets BAN!,503,high,
poppin_party__437.wav,437,Ie0-J4-CMk4,poppin_party,Moonlight Walk,505,high,
poppin_party__479.wav,479,o4JpKWTT2rI,poppin_party,君じゃなきゃダメみたい (Cover),547,high,
raise_a_suilen__492.wav,492,vHZF9D4gAoQ,raise_a_suilen,SOUL SOLDIER,561,high,
raise_a_suilen__524.wav,524,sooblFkVWdo,raise_a_suilen,ゴーカ！ごーかい！？ファントムシーフ！,593,high,
raise_a_suilen__532.wav,532,M-6HMvPPnLM,raise_a_suilen,POLARIS,601,high,
raise_a_suilen__541.wav,541,5AL7kBxbMI8,raise_a_suilen,WHAT AN EXPLOSION,610,high,
raise_a_suilen__543.wav,543,mKt2u5a3-H8,raise_a_suilen,Bad Kids All Bet,612,high,
raise_a_suilen__564.wav,564,J1pFz1b08f8,raise_a_suilen,神っぽいな (Cover),633,high,
roselia__575.wav,575,cqY4sBLd-_E,roselia,Re:birth day,644,high,
roselia__584.wav,584,59kPRviWjAo,roselia,FIRE BIRD,653,high,
roselia__593.wav,593,ncY1KiGbQk8,roselia,覚悟のLiberation,662,high,
roselia__614.wav,614,68Gwwqp1DK4,roselia,PASSIONATE ANTHEM,683,high,
roselia__634.wav,634,NOIUNyfVnbI,roselia,Reweave (Cover),703,high,
roselia__645.wav,645,mfYOideAJ30,roselia,ETERNAL BLAZE (Cover),714,high,
roselia__629.wav,629,fAYoLTda5Uo,roselia,競宴Red×Violet,698,high,
mygo__660.wav,660,uZSAArx6jKM,mygo,素寄曲,366,high,
mygo__661.wav,661,fwTsHwFzOlg,mygo,羅永線,367,high,
mygo__662.wav,662,GzbCOAHhwzM,mygo,騒混出,368,high,
millsage__663.wav,663,-CFoE43oPOk,millsage,カーネーションの咲く日に,181,high,
mugendai_mutype__665.wav,665,zVdR0urFjnc,mugendai_mutype,唱 (Cover),266,high,
mugendai_mutype__666.wav,666,_jU3f42nbGs,mugendai_mutype,インキャのキャキャキャ (Cover),267,high,
mugendai_mutype__668.wav,668,QmYpqqTvVHc,mugendai_mutype,エイリアンエイリアン (Cover),269,high,
mugendai_mutype__669.wav,669,dvmoFIxT6D4,mugendai_mutype,ぼくたちいつでも しゅわっしゅわ！ (Cover),270,high,
mugendai_mutype__670.wav,670,Nq2Sl4Ba44M,mugendai_mutype,回レ!雪月花 (Cover),271,high,
mugendai_mutype__671.wav,671,i7vyrp_3an0,mugendai_mutype,ビッグマウス feat.りむる (Cover),272,high,
mugendai_mutype__667.wav,667,y-kKg3F7-TA,mugendai_mutype,デビルじゃないもん (Cover),268,high,
mugendai_mutype__672.wav,672,n4AUKXIjNeo,mugendai_mutype,KiLLKiSS (Cover),273,high,
mygo__673.wav,673,q7lbzmTw8RM,mygo,二息歩行 (Reloaded) (Cover),349,high,
mygo__674.wav,674,Y5qJcXd0two,mygo,社会距離 (Cover),350,high,
mygo__676.wav,676,Lr-bMZ2hNH0,mygo,Henceforth (Cover),352,high,
mygo__677.wav,677,3KVLbAMPwzs,mygo,ティアドロップス (Cover),353,high,
mygo__678.wav,678,9RNcp7rLecQ,mygo,遠心力 (Cover),354,high,
mygo__679.wav,679,tAZGnS1FKRE,mygo,ないばいたりてぃ (Cover),355,high,
mygo__680.wav,680,3fBftYWm8gY,mygo,キリトリセン (Cover),356,high,
mygo__681.wav,681,uVGIGeTPQVM,mygo,もしも命が描けたら (Cover),357,high,
mygo__682.wav,682,Hm90Otiz8u8,mygo,TEENAGE RIOT (Cover),358,high,
mygo__684.wav,684,3ye4lnEsJRY,mygo,栞 (Cover),360,high,
mygo__685.wav,685,SKyIh9ddvck,mygo,シンデレラボーイ (Cover),361,high,
mygo__686.wav,686,DEXX5zBkRjQ,mygo,少女レイ (Cover),362,high,
mygo__687.wav,687,azECAVAWRxI,mygo,正しくなれない (Cover),363,high,
mygo__688.wav,688,swsu_JBv6Ug,mygo,恋してる自分すら愛せるんだ (Cover),364,high,
mygo__675.wav,675,HwLbvP99ypk,mygo,君の神様になりたい。 (Cover),351,high,
mygo__683.wav,683,wbbcQokPgLM,mygo,パメラ (Cover),359,high,
morfonica__239.wav,239,8McGbxeGqdY,morfonica,深海少女 (Cover),239,high,
mugendai_mutype__263.wav,263,XbqG3T4MGJE,mugendai_mutype,等身大あんりみてっど,263,high,
mugendai_mutype__264.wav,264,mhmXN1uZTzE,mugendai_mutype,好きになっちゃえ！,264,high,
mugendai_mutype__265.wav,265,UWHzX6SpizM,mugendai_mutype,YoU kNOw the overture,265,high,
mugendai_mutype__274.wav,274,BI71vana4VI,mugendai_mutype,君が飛び降りるのならば (Cover),274,high,
mugendai_mutype__260.wav,260,xzkEK0GF7fw,mugendai_mutype,やわやわNERD 超FreQuency,260,high,
mugendai_mutype__261.wav,261,jr_xt37IcRc,mugendai_mutype,超惑星Xへの旅,261,high,
mugendai_mutype__275.wav,275,7R1DMU0qa00,mugendai_mutype,地球最後の告白を (Cover),275,high,
mugendai_mutype__262.wav,262,4XbNBhZuBoA,mugendai_mutype,これはぼくたちの生存のあらすじ,262,high,
mugendai_mutype__266.wav,266,zVdR0urFjnc,mugendai_mutype,唱 (Cover),266,high,
mugendai_mutype__276.wav,276,ZcY2a1DyVAo,mugendai_mutype,パラレルラルラ (Cover),276,high,
mugendai_mutype__267.wav,267,_jU3f42nbGs,mugendai_mutype,インキャのキャキャキャ (Cover),267,high,
mugendai_mutype__268.wav,268,y-kKg3F7-TA,mugendai_mutype,デビルじゃないもん (Cover),268,high,
mugendai_mutype__269.wav,269,QmYpqqTvVHc,mugendai_mutype,エイリアンエイリアン (Cover),269,high,
mugendai_mutype__277.wav,277,OsJPJo4uKBc,mugendai_mutype,夜もすがら君想ふ (Cover),277,high,
mugendai_mutype__270.wav,270,dvmoFIxT6D4,mugendai_mutype,ぼくたちいつでも しゅわっしゅわ！ (Cover),270,high,
mugendai_mutype__271.wav,271,Nq2Sl4Ba44M,mugendai_mutype,回レ!雪月花 (Cover),271,high,
mugendai_mutype__272.wav,272,i7vyrp_3an0,mugendai_mutype,ビッグマウス feat.りむる (Cover),272,high,
mugendai_mutype__278.wav,278,3M5YaHlpMjY,mugendai_mutype,ジレンマ (Cover),278,high,
mugendai_mutype__273.wav,273,n4AUKXIjNeo,mugendai_mutype,KiLLKiSS (Cover),273,high,
mugendai_mutype__279.wav,279,WS4flpVYkLg,mugendai_mutype,glow (Cover),279,high,
mugendai_mutype__280.wav,280,eI-BW0Bcq4g,mugendai_mutype,メンタルチェンソー (Cover),280,high,
mugendai_mutype__281.wav,281,d6n4WHEtAgE,mugendai_mutype,ホシアイ (Cover),281,high,
mugendai_mutype__282.wav,282,0makuFTnChs,mugendai_mutype,フォニイ (Cover),282,high,
mugendai_mutype__283.wav,283,uaAIGOd9Qv0,mugendai_mutype,ELECT (Cover),283,high,
mugendai_mutype__284.wav,284,LXYyBjnbQys,mugendai_mutype,ユキトキ (Cover),284,high,
mugendai_mutype__286.wav,286,2TtYsm1HDx8,mugendai_mutype,少年よ我に帰れ (Cover),286,high,
mugendai_mutype__285.wav,285,PsPtBzaevyA,mugendai_mutype,スイートマジック (Cover),285,high,
mugendai_mutype__287.wav,287,fyc4aGZ9C18,mugendai_mutype,One Last Kiss (Cover),287,high,
mugendai_mutype__288.wav,288,yHMLvqxh2PQ,mugendai_mutype,ミルククラウン・オン・ソーネチカ (Cover),288,high,
mugendai_mutype__289.wav,289,i-cgqBosaDw,mugendai_mutype,決戦スピリット (Cover),289,high,
mugendai_mutype__290.wav,290,gZe2UGwld2E,mugendai_mutype,ティアドロップス (Cover),290,high,
mugendai_mutype__291.wav,291,FhaynKrmQro,mugendai_mutype,ロウワー (Cover),291,high,
mugendai_mutype__292.wav,292,FvLSUJ35qmE,mugendai_mutype,ハイドアンド・シーク (Cover),292,high,
mugendai_mutype__293.wav,293,YHfBJMxWSec,mugendai_mutype,不可解 (Cover),293,high,
mugendai_mutype__294.wav,294,D7M1eAnroZE,mugendai_mutype,GURU (Cover),294,high,
mugendai_mutype__295.wav,295,e15grxDKfF8,mugendai_mutype,経験値上昇中☆ (Cover),295,high,
mugendai_mutype__296.wav,296,RGByUSGhQgE,mugendai_mutype,翼をください (Cover),296,high,
mugendai_mutype__297.wav,297,RzgsdgCkFjU,mugendai_mutype,元気を出して (Cover),297,high,
mugendai_mutype__298.wav,298,yLj0VCQC8qE,mugendai_mutype,ハッピー☆マテリアル (Cover),298,high,
mugendai_mutype__299.wav,299,XEzZRDCZBSc,mugendai_mutype,時をかける少女 (Cover),299,high,
mugendai_mutype__300.wav,300,_WXK_IB4cck,mugendai_mutype,TOMORROW (Cover),300,high,
mugendai_mutype__301.wav,301,tdZgnk1nEG4,mugendai_mutype,PARTY☆NIGHT（D-POP version） (Cover),301,high,
mugendai_mutype__302.wav,302,ivfYQxQBiXQ,mugendai_mutype,CH4NGE (Cover),302,high,
mugendai_mutype__303.wav,303,bLIW2klD4Ms,mugendai_mutype,絶え間なく藍色 (Cover),303,high,
mugendai_mutype__304.wav,304,tZzToEEZjgo,mugendai_mutype,撫でんな (Cover),304,high,
mugendai_mutype__305.wav,305,9Ba8G_i4dAg,mugendai_mutype,なにやってもうまくいかない (Cover),305,high,
mugendai_mutype__306.wav,306,Gc7vzpnIYSU,mugendai_mutype,マーシャル・マキシマイザー (Cover),306,high,
mugendai_mutype__307.wav,307,4MPXhnbf29o,mugendai_mutype,ZEAL of proud (Cover),307,high,
poppin_party__558.wav,558,pFNrfao3dXg,poppin_party,乙女はサイコパス (Cover),558,high,
roselia__729.wav,729,-3HDhazL-FA,roselia,擬態ごっこ (Cover),729,high,
mugendai_mutype__308.wav,308,xjGwcPHPAo8,mugendai_mutype,繰り返し一粒 (Cover),308,high,
raise_a_suilen__594.wav,594,NTkFFLOLuCc,raise_a_suilen,R・I・O・T,594,high,
mugendai_mutype__730.wav,730,,,,,unresolved,"no (mugendai_mutype,730) row in snapshot HEAD; could not recover video_id"
mugendai_mutype__731.wav,731,,,,,unresolved,"no (mugendai_mutype,731) row in snapshot HEAD; could not recover video_id"
