idx,band,song,mode
5,afterglow,Hey-day狂騒曲(カプリチオ),minor
0,afterglow,ON YOUR MARK,major
6,afterglow,"Easy come, Easy go!",major
7,afterglow,Sasanqua,major
2,afterglow,SENSENFUKOKU,major
4,afterglow,ツナグ、ソラモヨウ,major
1,afterglow,That Is How I Roll!,major
3,afterglow,I knew it!,major
8,afterglow,RED RED RED,major
14,afterglow,SWITCH ON NOW,minor
11,afterglow,Scarlet Sky,major
13,afterglow,いつも通りのBrand new days,major
12,afterglow,Off we go.,major
9,afterglow,ONE OF US,minor
10,afterglow,Y.O.L.O!!!!!,major
15,afterglow,ランブリングメモリー,major
17,afterglow,Trouble Joyful!!,major
18,afterglow,Jamboree!Journey!,major
21,afterglow,極彩色,major
16,afterglow,COMIC PANIC!!!,major
22,afterglow,サクラゼンセン,minor
20,afterglow,独創収差,major
19,afterglow,カナユメ,major
23,afterglow,True color,minor
28,afterglow,トーキョーワンダー。,major
25,afterglow,カサブタ,major
29,afterglow,Reach Out To The Truth,minor
27,afterglow,Northern lights,minor
24,afterglow,Crow Song,major
26,afterglow,アイのシナリオ,major
30,afterglow,Listen!!,major
32,afterglow,イマジネーション,major
34,afterglow,燦々,major
31,afterglow,青い栞,major
33,afterglow,Butter-Fly,major
37,afterglow,ペトリコール・オベーション,major
35,afterglow,That's why I'm here.,major
36,afterglow,IGNITE GLOW,minor
38,afterglow,Made My Day,major
39,afterglow,Glowing After,minor
40,afterglow,A Sunset So Bright,minor
42,afterglow,“Say cheese!!!!!”,major
46,afterglow,メンタルチェンソー (Cover),minor
41,afterglow,Start as Usual,major
44,afterglow,READY STEADY GO (Cover),major
43,afterglow,花笑みのデュオ,major
45,afterglow,abnormalize (Cover),major
47,afterglow,Bunny Girl (Cover),minor
48,afterglow,オレンジ (Cover),major
53,afterglow,チルドレンレコード (Re:boot) (Cover),major
54,afterglow,青のすみか (Cover),major
52,afterglow,CHAINSAW BLOOD (Cover),minor
50,afterglow,DAY×DAY (Cover),major
49,afterglow,カゲロウデイズ (Cover),minor
51,afterglow,ロキ (Cover),minor
56,afterglow,天ノ弱 (Cover),major
55,afterglow,GO!!! (Cover),major
57,afterglow,アスノヨゾラ哨戒班 (Cover),major
62,afterglow,インフェルノ (Cover),major
58,afterglow,瞬間センチメンタル (Cover),major
59,afterglow,プライド革命 (Cover),major
61,afterglow,Redo (Cover),minor
60,afterglow,命に嫌われている。 (Cover),major
65,afterglow,午夜の待ち合わせ (Cover),major
69,afterglow,Part of the Life,major
64,afterglow,COLORS (Cover),major
63,afterglow,ドラマツルギー (Cover),minor
66,afterglow,サムライハート（Some Like It Hot!!） (Cover),major
67,afterglow,ベノム (Cover),minor
70,afterglow,Punchline Halloween!!!,major
68,afterglow,Don't say “lazy” (Cover),major
72,ave_mujica,KiLLKiSS,minor
74,ave_mujica,Imprisoned XII,major
73,ave_mujica,"Georgette Me, Georgette You",minor
71,afterglow,I love your way！,minor
76,ave_mujica,八芒星ダンス,major
75,ave_mujica,Crucifix X,minor
77,ave_mujica,顔,minor
78,ave_mujica,天球のMúsica,major
79,ave_mujica,黒のバースデイ,minor
82,ave_mujica,神さま、バカ,minor
80,ave_mujica,ふたつの月 ~Deep Into The Forest~,minor
81,ave_mujica,Choir ‘S’ Choir,minor
83,ave_mujica,Mas?uerade Rhapsody Re?uest,minor
84,ave_mujica,Ave Mujica,minor
86,ave_mujica,Symbol II : Air,minor
87,ave_mujica,Symbol III : ▽,major
85,ave_mujica,Symbol I : △,minor
88,ave_mujica,Symbol IV : Earth,major
91,ave_mujica,in your blue eyes,minor
90,ave_mujica,The Whole Blue World,major
89,ave_mujica,Ether,minor
92,ave_mujica,素晴らしき世界 でも どこにもない場所,major
95,ave_mujica,Sophie,minor
93,ave_mujica,Angles,major
96,ave_mujica,‘S/’ The Way,minor
94,ave_mujica,DIVINE,major
98,ave_mujica,堕天 (Cover),minor
97,ave_mujica,碧い瞳の中に,minor
103,various_artists,"Be shine, shining!",major
99,ave_mujica,KINGS (Cover),major
102,various_artists,Glee! Glee! Glee!,major
101,various_artists,Don't be afraid!,minor
100,ave_mujica,暗黒天国 (Cover),minor
104,various_artists,"Here, the world",major
106,hello_happy_world,キミがいなくちゃっ！,major
105,various_artists,CiRCLE THANKS MUSiC♪,major
107,hello_happy_world,ハイファイブ∞あどべんちゃっ,major
110,hello_happy_world,YAPPY! SCHOOL CARNIVAL☆彡,major
108,hello_happy_world,スマイルブーケで た〜まや〜！,major
109,hello_happy_world,えがお･シング･あ･ソング,major
111,hello_happy_world,にこ×にこ=ハイパースマイルパワー！,minor
113,hello_happy_world,ゴーカ！ごーかい！？ファントムシーフ！,minor
112,hello_happy_world,ないすみちゅっ！,major
114,hello_happy_world,うぃーきゃん☆フレフレっ！,major
115,hello_happy_world,えがおのオーケストラっ！,major
118,hello_happy_world,せかいのっびのびトレジャー！,major
119,hello_happy_world,きらっ☆と キミフェス！,minor
116,hello_happy_world,にこにこねくと！,major
117,hello_happy_world,ふぁいぶスマイル◯オールインっ！,major
120,hello_happy_world,うちゃパ！で ぱっぴかポーんっ！,major
121,hello_happy_world,はれやか すこやか ぴかりんりん♪,major
122,hello_happy_world,ふわふわ☆ゆめいろサンドイッチ,major
123,hello_happy_world,Happy! Happier! Happiest!,major
124,hello_happy_world,現るっ！大怪盗ハロハッピー！,minor
125,hello_happy_world,わちゃ・もちゃ・ぺったん行進曲,major
127,hello_happy_world,おもいやりハーモニー,major
126,hello_happy_world,おもいでイルミネーション,major
128,hello_happy_world,ハピネスっ！ハピィーマジカルっ♪,major
129,hello_happy_world,えがお、あーゆーれでぃ???,major
132,hello_happy_world,ハッピー☆マテリアル,major
133,hello_happy_world,太陽曰く燃えよカオス,minor
130,hello_happy_world,ハッピーサマーウェディング,major
135,hello_happy_world,コレカラ,major
134,hello_happy_world,エクストラ・マジック・アワー,major
131,hello_happy_world,ひまわりの約束,major
136,hello_happy_world,全力少年,major
137,hello_happy_world,オレンジ,major
139,hello_happy_world,ン・パカマーチ,major
138,hello_happy_world,Happy Girl,major
140,hello_happy_world,サンバロハッピ〜！,major
141,hello_happy_world,ボクらの夏's☆ショーたいむっ！！,minor
142,hello_happy_world,むすんでわらって,major
143,hello_happy_world,キミを れっつ・はぶ・ふぁん♪,major
144,hello_happy_world,らいふ・いず・みゅーじかるっ♪♪♪,major
146,hello_happy_world,やっほー！いっぽ！わんだふぉー！,major
145,hello_happy_world,れっつ・スマイル・すとり〜みんぐっ♪,major
147,hello_happy_world,とーくとぅみー・とーくとぅゆー,minor
152,hello_happy_world,上海ハニー (Cover),major
149,hello_happy_world,Listen to Smile!,major
148,hello_happy_world,ハイタッチ／＼びりーばーず☆,major
150,hello_happy_world,スマイリーキャロル,major
151,hello_happy_world,えがお、み〜っけた！,major
153,hello_happy_world,シル・ヴ・プレジデント (Cover),major
155,hello_happy_world,はいよろこんで (Cover),minor
157,hello_happy_world,強風オールバック (Cover),major
154,hello_happy_world,ヒャダインのじょーじょーゆーじょー (Cover),minor
156,hello_happy_world,シカ色デイズ (Cover),major
159,hello_happy_world,許婚っきゅん (Cover),minor
158,hello_happy_world,最高到達点 (Cover),major
161,hello_happy_world,ドレミファロンド (Cover),major
160,hello_happy_world,新宝島 (Cover),major
164,hello_happy_world,エイリアンエイリアン (Cover),minor
162,hello_happy_world,きゅうくらりん (Cover),minor
165,hello_happy_world,いーあるふぁんくらぶ (Cover),minor
166,hello_happy_world,回レ！雪月花 (Cover),minor
163,hello_happy_world,ロメオ (Cover),major
167,hello_happy_world,恋愛裁判 (Cover),major
171,hello_happy_world,ようこそジャパリパークへ (Cover),major
169,hello_happy_world,GO! GO! MANIAC (Cover),minor
170,hello_happy_world,Dragon Night (Cover),major
168,hello_happy_world,TOMORROW (Cover),major
173,hello_happy_world,おジャ魔女カーニバル!! (Cover),minor
172,hello_happy_world,ウィーアー！ (Cover),major
174,hello_happy_world,ダーリンダンス (Cover),minor
175,hello_happy_world,ノーポイッ！ (Cover),major
179,millsage,起死開戦,major
178,ikka_dumb_rock,ホーミー・タイッ！！,minor
177,hello_happy_world,シルエット (Cover),minor
176,hello_happy_world,SHINY DAYS (Cover),major
181,morfonica,メランコリックララバイ,minor
182,morfonica,flame of hope,minor
184,morfonica,カラフルリバティー,minor
183,morfonica,ブルームブルーム,major
180,morfonica,Daylight -デイライト-,minor
185,morfonica,fly with the night,major
186,morfonica,金色へのプレリュード,minor
187,morfonica,The Circle Of Butterflies,major
188,morfonica,ハーモニー・デイ,major
189,morfonica,Sweet Cheers!,major
190,morfonica,"寄る辺のSunny, Sunny",minor
191,morfonica,誓いのWingbeat,minor
192,morfonica,Ever Sky Blue,minor
193,morfonica,Polyphonyscape,major
195,morfonica,Merry Merry Thanks!!,major
194,morfonica,Wreath of Brave,major
197,morfonica,両翼のBrilliance,minor
196,morfonica,Sonorous,major
198,morfonica,Steer to Utopia,minor
200,morfonica,ティリカモニカリラ,minor
201,morfonica,Secret Dawn,major
199,morfonica,Fateful...,major
202,morfonica,Angel's Ladder,major
203,morfonica,One step at a time,major
204,morfonica,Tempest,minor
205,morfonica,フレージング ミラージュ,minor
206,morfonica,MUGEN Reverberate!,minor
208,morfonica,esora no clover,minor
207,morfonica,わたしまちがいさがし,minor
209,morfonica,きょうもMerry go rounD,minor
210,morfonica,Feathered Dreams,major
212,morfonica,ビューティ・フォー,minor
213,morfonica,胡蝶翔る星月夜,major
211,morfonica,Portray Empathy,major
214,morfonica,Color of Us,major
216,morfonica,Shining Leaves,major
215,morfonica,Resonant Strings,minor
219,morfonica,QUEEN (Cover),minor
218,morfonica,蒼穹へのトレイル,minor
217,morfonica,音がえしのセレナーデ,major
220,morfonica,again (Cover),minor
222,morfonica,メロウ (Cover),major
223,morfonica,祝福 (Cover),minor
221,morfonica,輪舞-revolution (Cover),minor
224,morfonica,Overdose (Cover),minor
227,morfonica,ALIVE (Cover),minor
225,morfonica,かくれんぼ (Cover),minor
226,morfonica,chAngE (Cover),minor
228,morfonica,Nameless Story (Cover),minor
232,morfonica,COLORFUL BOX (Cover),minor
229,morfonica,青空のラプソディ (Cover),minor
231,morfonica,メリッサ (Cover),major
230,morfonica,Nevereverland (Cover),minor
235,morfonica,V.I.P (Cover),minor
233,morfonica,unravel (Cover),major
236,morfonica,CQCQ (Cover),minor
234,morfonica,アゲハ蝶 (Cover),minor
237,mugendai_mutype,アイの夢限,major
238,mugendai_mutype,どんがらがっしゃん,minor
240,mugendai_mutype,チューニング,major
239,mugendai_mutype,みゅーたんとミュータント,major
242,mugendai_mutype,グラディエント,major
241,mugendai_mutype,Dream Voyage,minor
243,mugendai_mutype,LET'Sあちあちトレーニング！,minor
244,mugendai_mutype,真夜中遊園地,minor
248,mugendai_mutype,コミュ着火Fire!,minor
246,mugendai_mutype,TRASH LIFE,major
245,mugendai_mutype,テレパシー,major
247,mugendai_mutype,新人類は仮想世界の夢を見るか?,minor
249,mugendai_mutype,Calling,minor
250,mugendai_mutype,Hi-Vision,minor
252,mugendai_mutype,✞animaるパーティ✞開催中✞,minor
251,mugendai_mutype,コハク,major
253,mugendai_mutype,エンプティパペット,minor
254,mugendai_mutype,限界現実サバイブ天使,major
255,mugendai_mutype,ビッグマウス,minor
256,mugendai_mutype,夢現妄想世界,minor
257,mugendai_mutype,やわやわNERD 超FreQuency,minor
258,mugendai_mutype,超惑星Xへの旅,minor
260,mygo,迷星叫,major
261,mygo,壱雫空,major
259,mugendai_mutype,これはぼくたちの生存のあらすじ,major
262,mygo,碧天伴走,major
263,mygo,影色舞,minor
264,mygo,歌いましょう鳴らしましょう,minor
265,mygo,潜在表明,minor
266,mygo,音一会,minor
268,mygo,詩超絆,major
269,mygo,迷路日々,minor
267,mygo,春日影 (MyGO!!!!! ver.),major
270,mygo,無路矢,minor
271,mygo,名無声,major
272,mygo,栞,major
273,mygo,歩拾道,minor
274,mygo,明弦音,major
275,mygo,孤壊牢,minor
276,mygo,霧周途,minor
278,mygo,処救生,minor
279,mygo,輪符雨,minor
277,mygo,端程山,minor
280,mygo,夜隠染,major
281,mygo,過惰幻,major
283,mygo,砂寸奏,minor
282,mygo,回層浮,major
287,mygo,証命讃歌,minor
284,mygo,焚音打,minor
285,mygo,残痕字,major
286,mygo,掌心正銘,major
288,mygo,エガクミライ,major
294,mygo,雑踏、僕らの街 (Cover),minor
290,mygo,聿日箋秋,major
289,mygo,静降想,major
292,mygo,だれかの心臓になれたなら (Cover),major
293,mygo,遥か彼方 (Cover),major
295,mygo,過去を喰らう (Cover),major
291,mygo,往欄印,major
296,mygo,君の神様になりたい。 (Cover),major
300,mygo,春日影,major
297,mygo,ノンブレス・オブリージュ (Cover),major
298,mygo,swim (Cover),major
299,mygo,猛独が襲う (Cover),major
302,pastel_palettes,ワクワクmeetsトリップ,major
301,pastel_palettes,TITLE IDOL,major
303,pastel_palettes,ゆら・ゆらRing-Dong-Dance,major
304,pastel_palettes,もういちど ルミナス,major
305,pastel_palettes,あっつあつ 常夏 らぶ☆サマー！,major
306,pastel_palettes,天下トーイツ A to Z☆,major
307,pastel_palettes,しゅわりん☆どり〜みん,major
308,pastel_palettes,Power of LOVE!!!,minor
309,pastel_palettes,きゅ～まい＊flower,major
312,pastel_palettes,はなまる◎アンダンテ,minor
310,pastel_palettes,Winking☆Cheer,major
313,pastel_palettes,パスパレボリューションず☆,major
311,pastel_palettes,ゆめゆめグラデーション,major
314,pastel_palettes,SURVIVOR ねばーぎぶあっぷ!,minor
315,pastel_palettes,Wonderland Girl,major
316,pastel_palettes,ゼッタイ宣言～Recital～,minor
317,pastel_palettes,ぎゅっDAYS♪,major
319,pastel_palettes,るんっ♪てぃてぃー！,major
318,pastel_palettes,Wonderful Sweet!,major
320,pastel_palettes,パッパレ☆人生！バーン万歳！,minor
321,pastel_palettes,Brand new Pastel Road!,major
322,pastel_palettes,あこがれacross,major
323,pastel_palettes,ハレハレ☆フォーチュン,minor
325,pastel_palettes,そばかす,major
324,pastel_palettes,ハナヒバナ,major
328,pastel_palettes,ラムのラブソング,minor
329,pastel_palettes,DANCE! おジャ魔女,minor
327,pastel_palettes,ドリームパレード,major
326,pastel_palettes,気まぐれロマンティック,major
330,pastel_palettes,DISCOTHEQUE,minor
331,pastel_palettes,ゆりゆららららゆるゆり大事件,major
332,pastel_palettes,SAKURAスキップ,major
334,pastel_palettes,秘密の扉から会いにきて,major
333,pastel_palettes,Stay Alive,major
337,pastel_palettes,Radiate Warriors,minor
335,pastel_palettes,トリドリ＊パレット,major
336,pastel_palettes,ドラマチック！アライブ,minor
338,pastel_palettes,ReReReエボリューションず☆,major
339,pastel_palettes,everyday flower,major
340,pastel_palettes,With〜きみとわたしたちの物語〜,major
341,pastel_palettes,フレっとパレットFight Song!!,major
342,pastel_palettes,デイオフ・ラフ・ラブ・サンクス,major
346,pastel_palettes,Sparkling Daydream (Cover),major
343,pastel_palettes,ホワイト ノスタルジア,major
344,pastel_palettes,Y.O.L.O！！！！！(パスパレver.),minor
345,pastel_palettes,奏（かなで） (Cover),major
347,pastel_palettes,春を告げる (Cover),major
348,pastel_palettes,だから、ひとりじゃない (Cover),major
349,pastel_palettes,サインはB (Cover),major
350,pastel_palettes,愛包ダンスホール (Cover),minor
351,pastel_palettes,最上級にかわいいの！ (Cover),major
357,pastel_palettes,みくみくにしてあげる♪【してやんよ】 (Cover),major
354,pastel_palettes,魔法少女とチョコレゐト (Cover),major
353,pastel_palettes,金曜日のおはよう (Cover),major
355,pastel_palettes,可愛くてごめん (Cover),major
352,pastel_palettes,♡桃色片想い♡ (Cover),major
356,pastel_palettes,からくりピエロ (Cover),minor
358,pastel_palettes,ルカルカ★ナイトフィーバー (Cover),minor
359,pastel_palettes,アイドル (Cover),minor
361,pastel_palettes,ふわふわ時間 (Cover),major
362,pastel_palettes,Fantastic future (Cover),minor
363,pastel_palettes,Baby Sweet Berry Love (Cover),major
360,pastel_palettes,secret base ～君がくれたもの～ (Cover),major
365,pastel_palettes,ヒトリゴト (Cover),major
366,pastel_palettes,惑星ループ (Cover),minor
364,pastel_palettes,Q＆A　リサイタル！ (Cover),major
367,pastel_palettes,世界は恋に落ちている (Cover),major
368,pastel_palettes,ハッピーシンセサイザ (Cover),major
369,pastel_palettes,春擬き (Cover),major
370,pastel_palettes,Make it! (Cover),major
371,pastel_palettes,花ハ踊レヤいろはにほ (Cover),minor
372,pastel_palettes,夜に駆ける (Cover),minor
373,pastel_palettes,徒花ネクロマンシー (Cover),major
374,pastel_palettes,ノスタルジックレインフォール (Cover),major
378,poppin_party,ティアドロップス,minor
375,poppin_party,Yes! BanG_Dream!,major
377,poppin_party,走り始めたばかりのキミに,major
379,poppin_party,ときめきエクスペリエンス！,major
376,poppin_party,STAR BEAT!～ホシノコドウ～,major
381,poppin_party,私の心はチョココロネ,major
380,poppin_party,キラキラだとか夢だとか ～Sing Girls～,major
382,poppin_party,前へススメ！,minor
384,poppin_party,ティアドロップス ～Popipa Acoustic Ver.～,minor
383,poppin_party,夢みるSunflower,major
386,poppin_party,Time Lapse,minor
385,poppin_party,走り始めたばかりのキミに ～Popipa Acoustic Ver.～,minor
387,poppin_party,八月のif,major
389,poppin_party,B.O.F,major
388,poppin_party,クリスマスのうた,major
390,poppin_party,CiRCLING,major
391,poppin_party,二重の虹(ダブル レインボウ),major
392,poppin_party,最高(さあ行こう)！,major
394,poppin_party,Yes! BanG_Dream! ～Popipa Acoustic Ver.～,major
397,poppin_party,Breakthrough!,major
395,poppin_party,夏空 SUN! SUN! SEVEN! ～Popipa Acoustic Ver.～,minor
393,poppin_party,ガールズコード,major
396,poppin_party,STAR BEAT!～ホシノコドウ～ ～Popipa Acoustic Ver.～,major
398,poppin_party,NO GIRL NO CRY/Poppin'Party Ver.,major
399,poppin_party,イニシャル,major
400,poppin_party,Hello! Wink!,minor
401,poppin_party,Step×Step!,major
402,poppin_party,Jumpin',major
404,poppin_party,キラキラスター！,major
403,poppin_party,White Afternoon,major
405,poppin_party,Returns,major
406,poppin_party,Dreamers Go!,major
407,poppin_party,キズナミュージック♪,major
408,poppin_party,ミライトレイン,major
409,poppin_party,夢を撃ち抜く瞬間に！,major
410,poppin_party,ぽっぴん'しゃっふる,major
411,poppin_party,夏空 SUN! SUN! SEVEN!,major
414,poppin_party,夏のドーン！,minor
413,poppin_party,HAPPY HAPPY PARTY!,major
412,poppin_party,1000回潤んだ空,major
415,poppin_party,キミにもらったもの,major
417,poppin_party,切ないSandglass,minor
418,poppin_party,Home Street,major
416,poppin_party,Light Delight,major
420,poppin_party,SAKURA MEMORIES,major
419,poppin_party,What's the POPIPA!?,major
422,poppin_party,Tomorrow's Door,major
421,poppin_party,アニバーサリー,major
423,poppin_party,イントロダクション,minor
424,poppin_party,TARINAI,minor
425,poppin_party,DOKI DOKI SCARY,minor
426,poppin_party,Photograph,major
427,poppin_party,夏に閉じこめて,major
430,poppin_party,新しい季節に,major
429,poppin_party,星の約束,minor
428,poppin_party,ぽっぴん'どりーむ！,major
431,poppin_party,トレモロアイズ,major
432,poppin_party,雨上がり、キミと,major
433,poppin_party,花咲く未来に,major
436,poppin_party,キミが始まる！,major
437,poppin_party,Moonlight Walk,minor
435,poppin_party,Sweets BAN!,major
439,poppin_party,青春 To Be Continued,major
434,poppin_party,Live Beyond!!,major
438,poppin_party,ここから先は歌にならない,major
440,poppin_party,Future Place,major
441,poppin_party,大好き！,major
442,poppin_party,Five Letters,major
446,poppin_party,とっておきAnswer,major
444,poppin_party,RiNG A BELL,major
443,poppin_party,最強☆ソング,major
447,poppin_party,START!! True dreams,major
445,poppin_party,Drive Your Heart,major
448,poppin_party,どきどきデエト,major
450,poppin_party,Chu Chueen!,minor
449,poppin_party,チョコレイトの低音レシピ,major
453,poppin_party,Game Changer,minor
454,poppin_party,花園電気ギター！！！,minor
451,poppin_party,どきどきSING OUT!,major
452,poppin_party,Freedom,major
455,poppin_party,す、好きなんかじゃない！,major
456,poppin_party,遠い音楽 ～ハートビート～,major
457,poppin_party,ほな！,major
458,poppin_party,世界中の青空をあつめて,major
459,poppin_party,勇気Limit！,minor
463,poppin_party,ちゅ、多様性。 (Cover),major
460,poppin_party,開けたらDream!,minor
461,poppin_party,絆色のアンサンブル,major
464,poppin_party,フィクション (Cover),major
462,poppin_party,NO GIRL NO CRY (Poppin'Party Ver.),major
467,poppin_party,じょいふる (Cover),minor
466,poppin_party,心絵 (Cover),major
465,poppin_party,幾億光年 (Cover),major
468,poppin_party,MATSURI BAYASHI (Cover),minor
470,poppin_party,トウキョウ・シャンディ・ランデヴ (Cover),minor
471,poppin_party,夜行性ハイズ (Cover),minor
469,poppin_party,私は最強 (Cover),major
472,poppin_party,メランコリック (Cover),minor
473,poppin_party,怪獣の花唄 (Cover),major
474,poppin_party,光るなら (Cover),minor
476,poppin_party,only my railgun (Cover),minor
475,poppin_party,ミュージック・アワー (Cover),major
477,poppin_party,ロミオとシンデレラ (Cover),major
478,poppin_party,Daydream café (Cover),minor
479,poppin_party,君じゃなきゃダメみたい (Cover),minor
480,poppin_party,＊〜アスタリスク〜 (Cover),major
481,poppin_party,DAYS of DASH (Cover),minor
482,poppin_party,檄！帝国華撃団 (Cover),minor
483,poppin_party,DAYS (Cover),minor
486,poppin_party,ヴァンパイア (Cover),major
487,poppin_party,怪物 (Cover),minor
485,poppin_party,チェリボム (Cover),minor
484,poppin_party,ディスカバリー！ (Cover),major
488,poppin_party,大河よ共に泣いてくれ (Cover),minor
489,poppin_party,空色デイズ (Cover),minor
490,raise_a_suilen,Invincible Fighter,major
492,raise_a_suilen,SOUL SOLDIER,minor
493,raise_a_suilen,UNSTOPPABLE,major
491,raise_a_suilen,A DECLARATION OF ×××,minor
495,raise_a_suilen,Beautiful Birthday,minor
494,raise_a_suilen,HELL! or HELL?,minor
496,raise_a_suilen,Takin’ my Heart,minor
497,raise_a_suilen,DRIVE US CRAZY,minor
498,raise_a_suilen,!NVADE SHOW!,major
499,raise_a_suilen,REIGNING,major
500,raise_a_suilen,EXPOSE ‘Burn out!!!’,minor
504,raise_a_suilen,Ray of hope,minor
502,raise_a_suilen,V.I.P MONSTER,minor
503,raise_a_suilen,mind of Prominence,minor
501,raise_a_suilen,R・I・O・T,minor
505,raise_a_suilen,EXIST,major
507,raise_a_suilen,-N-E-M-E-S-I-S-,major
506,raise_a_suilen,Sacred world,minor
508,raise_a_suilen,DANCING DARING,minor
509,raise_a_suilen,BATTLE CRY,minor
512,raise_a_suilen,灼熱 Bonfire!,minor
511,raise_a_suilen,THE WAY OF LIFE,minor
510,raise_a_suilen,Domination to world,minor
513,raise_a_suilen,Repaint,major
514,raise_a_suilen,Life on the Lotus,minor
520,raise_a_suilen,Don't be afraid!,minor
516,raise_a_suilen,That Is How I Roll!,minor
515,raise_a_suilen,CORUSCATE -DNA-,minor
518,raise_a_suilen,パスパレボリューションず☆,major
517,raise_a_suilen,しゅわりん☆どり～みん,major
519,raise_a_suilen,えがおのオーケストラっ！,major
521,raise_a_suilen,ゆら・ゆらRing-Dong-Dance,minor
522,raise_a_suilen,Hey-day狂騒曲(カプリチオ),major
523,raise_a_suilen,Scarlet Sky,major
524,raise_a_suilen,ゴーカ！ごーかい！？ファントムシーフ！,minor
529,raise_a_suilen,TWIN TALE,major
528,raise_a_suilen,Apocalypse,minor
526,raise_a_suilen,That Is How I Roll! (ライブ / アンコール),minor
530,raise_a_suilen,STRAY CERBERUS,minor
527,raise_a_suilen,R･I･O･T (ライブ / アンコール),minor
531,raise_a_suilen,BERSER-KEY,minor
532,raise_a_suilen,POLARIS,minor
534,raise_a_suilen,VIVID FIRST TIME,major
533,raise_a_suilen,HOWLING AMBITION,minor
535,raise_a_suilen,'FIGHT' ADDICT,major
536,raise_a_suilen,Drown Out the Noise and Push Through the Trash,major
537,raise_a_suilen,FIVE as ONE,major
538,raise_a_suilen,EXPOSE 'Burn out!!!' (English),minor
541,raise_a_suilen,WHAT AN EXPLOSION,minor
539,raise_a_suilen,Takin' my Heart (English),minor
540,raise_a_suilen,WELCOME TO PANDEMONIUM,minor
542,raise_a_suilen,RUNAWAY STAR,minor
543,raise_a_suilen,Bad Kids All Bet,minor
544,raise_a_suilen,Light a fire,major
545,raise_a_suilen,Embrace of light,major
548,raise_a_suilen,ラスハピーポー！,major
547,raise_a_suilen,JUST THE WAY I AM,minor
546,raise_a_suilen,OUTSIDER RODEO,major
549,raise_a_suilen,1/3の純情な感情 (Cover),major
550,raise_a_suilen,ヒトリノ夜 (Cover),minor
552,raise_a_suilen,メギツネ (Cover),minor
551,raise_a_suilen,激動 (Cover),minor
553,raise_a_suilen,Bling-Bang-Bang-Born (Cover),minor
554,raise_a_suilen,第六感 (Cover),minor
555,raise_a_suilen,革命道中 (Cover),minor
556,raise_a_suilen,Get Wild (Cover),major
557,raise_a_suilen,ボッカデラべリタ (Cover),major
558,raise_a_suilen,第ゼロ感 (Cover),minor
561,raise_a_suilen,Keep the Heat and Fire Yourself Up (Cover),minor
559,raise_a_suilen,劣等上等 (Cover),minor
560,raise_a_suilen,Just Awake (Cover),major
562,raise_a_suilen,ボッカデラベリタ (Cover),major
563,raise_a_suilen,VORACITY (Cover),minor
564,raise_a_suilen,神っぽいな (Cover),major
565,raise_a_suilen,狂乱 Hey Kids!! (Cover),minor
566,raise_a_suilen,SAVIOR OF SONG (Cover),minor
567,raise_a_suilen,恋しさとせつなさと心強さと (Cover),major
569,raise_a_suilen,CORE PRIDE (Cover),minor
571,roselia,BLACK SHOUT,minor
570,roselia,Neo-Aspect,major
568,raise_a_suilen,DEPARTURES (Cover),major
572,roselia,Opera of the wasteland,major
573,roselia,陽だまりロードナイト,major
574,roselia,ONENESS,minor
575,roselia,Re:birth day,major
577,roselia,- HEROIC ADVENT -,major
576,roselia,Legendary,minor
578,roselia,Determination Symphony,major
579,roselia,熱色スターマイン,minor
581,roselia,LOUDER,major
580,roselia,軌跡,major
582,roselia,R,minor
583,roselia,BRAVE JEWEL,minor
585,roselia,Safe and Sound,major
587,roselia,Break your desire,minor
584,roselia,FIRE BIRD,minor
586,roselia,Avant-garde HISTORY,minor
589,roselia,約束,minor
590,roselia,"""UNIONS"" Road",major
591,roselia,Song I am.,minor
592,roselia,Sage der Rosen,minor
593,roselia,覚悟のLiberation,minor
594,roselia,Keep Heart,minor
595,roselia,Original Call,major
596,roselia,Always recall.,minor
599,roselia,閃光,minor
597,roselia,Floral Haven,major
598,roselia,Sprechchor,minor
600,roselia,THE HISTORIC...,minor
602,roselia,廻廻奇譚,minor
601,roselia,ROZEN HORIZON,minor
604,roselia,Synchrogazer,minor
606,roselia,Dazzle the Destiny,major
603,roselia,鳥の詩,minor
607,roselia,Grateful Melting,major
605,roselia,名前のない怪物,major
609,roselia,Steadfast Spirits,minor
608,roselia,Second to None,minor
610,roselia,紫炎,minor
611,roselia,XV,minor
613,roselia,Fear Nothing,major
612,roselia,Blessing Chord,major
614,roselia,PASSIONATE ANTHEM,minor
615,roselia,Requiem for Fate,major
617,roselia,Sunlit Musical,minor
616,roselia,Sanctuary,major
618,roselia,Talk to My Tone,major
619,roselia,一逢のFull Glory,major
620,roselia,礎の花冠,minor
621,roselia,FRONTIER FANTASIA,minor
622,roselia,Dear Gleam,major
623,roselia,Call the shots,minor
624,roselia,THRONE OF ROSE,minor
625,roselia,VIOLET LINE,major
627,roselia,ZEAL of proud,minor
626,roselia,Ringing Bloom,minor
630,roselia,overtuRe,minor
628,roselia,Singing “OURS”,minor
629,roselia,競宴Red×Violet,minor
631,roselia,Proud of oneself,minor
635,roselia,ヒバナ -Reloaded- (Cover),minor
634,roselia,Reweave (Cover),minor
632,roselia,Sing Alive,major
636,roselia,ファタール (Cover),major
633,roselia,Swear ～Night & Day～,minor
637,roselia,HONEY (Cover),minor
638,roselia,悪魔の子 (Cover),major
639,roselia,slash (Cover),minor
641,roselia,乙女解剖 (Cover),minor
642,roselia,六兆年と一夜物語 (Cover),minor
640,roselia,右肩の蝶 (Cover),minor
644,roselia,海色 (Cover),minor
643,roselia,残酷な天使のテーゼ (Cover),minor
646,roselia,魂のルフラン (Cover),major
645,roselia,ETERNAL BLAZE (Cover),minor
647,roselia,This game (Cover),minor
649,roselia,シャルル (Cover),major
650,roselia,新時代 (Cover),minor
648,roselia,スカイクラッドの観測者 (Cover),minor
652,roselia,Red fraction (Cover),minor
651,roselia,革命デュアリズム (Cover),minor
654,roselia,Paradisus‐Paradoxum (Cover),major
653,roselia,深愛 (Cover),minor
655,roselia,Realize (Cover),major
659,roselia,KING (Cover),major
656,roselia,Preserved Roses (Cover),major
658,roselia,Shangri-La (Cover),major
660,mygo,素寄曲,major
661,mygo,羅永線,major
657,roselia,My Dearest (Cover),major
662,mygo,騒混出,major
664,mugendai_mutype,等身大あんりみてっど,minor
663,morfonica,深海少女 (Cover),minor
665,mugendai_mutype,好きになっちゃえ！,major
666,mugendai_mutype,YoU kNOw the overture,minor
669,mugendai_mutype,デビルじゃないもん (Cover),minor
667,mugendai_mutype,唱 (Cover),major
668,mugendai_mutype,インキャのキャキャキャ (Cover),minor
670,mugendai_mutype,エイリアンエイリアン (Cover),minor
671,mugendai_mutype,ぼくたちいつでも しゅわっしゅわ！ (Cover),major
673,mugendai_mutype,ビッグマウス feat.りむる (Cover),major
677,mugendai_mutype,パラレルラルラ (Cover),major
674,mugendai_mutype,KiLLKiSS (Cover),minor
675,mugendai_mutype,君が飛び降りるのならば (Cover),major
672,mugendai_mutype,回レ!雪月花 (Cover),minor
676,mugendai_mutype,地球最後の告白を (Cover),major
679,mugendai_mutype,ジレンマ (Cover),major
681,mugendai_mutype,メンタルチェンソー (Cover),minor
678,mugendai_mutype,夜もすがら君想ふ (Cover),major
682,mugendai_mutype,ホシアイ (Cover),major
680,mugendai_mutype,glow (Cover),major
683,mugendai_mutype,フォニイ (Cover),minor
684,mugendai_mutype,ELECT (Cover),minor
686,mugendai_mutype,スイートマジック (Cover),major
685,mugendai_mutype,ユキトキ (Cover),major
689,mugendai_mutype,ミルククラウン・オン・ソーネチカ (Cover),major
688,mugendai_mutype,One Last Kiss (Cover),minor
690,mugendai_mutype,決戦スピリット (Cover),major
691,mugendai_mutype,ティアドロップス (Cover),minor
687,mugendai_mutype,少年よ我に帰れ (Cover),minor
692,mugendai_mutype,ロウワー (Cover),minor
693,mugendai_mutype,ハイドアンド・シーク (Cover),minor
694,mugendai_mutype,不可解 (Cover),major
695,mugendai_mutype,GURU (Cover),major
697,mugendai_mutype,翼をください (Cover),major
696,mugendai_mutype,経験値上昇中☆ (Cover),minor
698,mugendai_mutype,元気を出して (Cover),major
699,mugendai_mutype,ハッピー☆マテリアル (Cover),major
700,mugendai_mutype,時をかける少女 (Cover),minor
703,mugendai_mutype,CH4NGE (Cover),major
701,mugendai_mutype,TOMORROW (Cover),major
705,mugendai_mutype,撫でんな (Cover),major
702,mugendai_mutype,PARTY☆NIGHT（D-POP version） (Cover),major
706,mugendai_mutype,なにやってもうまくいかない (Cover),minor
704,mugendai_mutype,絶え間なく藍色 (Cover),minor
707,mugendai_mutype,マーシャル・マキシマイザー (Cover),minor
708,mugendai_mutype,ZEAL of proud (Cover),minor
713,mugendai_mutype,唱 (Cover),major
709,mugendai_mutype,繰り返し一粒 (Cover),major
712,millsage,カーネーションの咲く日に,major
710,poppin_party,乙女はサイコパス (Cover),major
711,roselia,Neo-Aspect,major
715,mugendai_mutype,デビルじゃないもん (Cover),minor
714,mugendai_mutype,インキャのキャキャキャ (Cover),minor
717,mugendai_mutype,ぼくたちいつでも しゅわっしゅわ！ (Cover),major
716,mugendai_mutype,エイリアンエイリアン (Cover),minor
718,mugendai_mutype,回レ!雪月花 (Cover),minor
719,mugendai_mutype,ビッグマウス feat.りむる (Cover),major
720,mugendai_mutype,KiLLKiSS (Cover),minor
721,mygo,二息歩行 (Reloaded) (Cover),major
722,mygo,社会距離 (Cover),minor
723,mygo,君の神様になりたい。 (Cover),minor
725,mygo,ティアドロップス (Cover),minor
724,mygo,Henceforth (Cover),major
726,mygo,遠心力 (Cover),minor
727,mygo,ないばいたりてぃ (Cover),major
729,mygo,もしも命が描けたら (Cover),major
731,mygo,パメラ (Cover),minor
728,mygo,キリトリセン (Cover),major
730,mygo,TEENAGE RIOT (Cover),minor
733,mygo,シンデレラボーイ (Cover),major
732,mygo,栞 (Cover),major
737,roselia,擬態ごっこ (Cover),minor
736,mygo,恋してる自分すら愛せるんだ (Cover),major
735,mygo,正しくなれない (Cover),major
734,mygo,少女レイ (Cover),major
