idx,band,song,duration_sec,valence_median,valence_p10,valence_p90,valence_std,n_patches,extract_sec,error
4,afterglow,ツナグ、ソラモヨウ,248.93,6.6935,5.5541,7.3958,0.808,166,3.26,
3,afterglow,I knew it!,291.3,6.1642,5.3251,7.1088,0.713,194,3.75,
0,afterglow,ON YOUR MARK,241.63,6.1423,5.5068,6.7398,0.6049,161,17.93,
1,afterglow,That Is How I Roll!,239.6,6.4818,5.5478,7.2729,0.6482,160,18.17,
5,afterglow,Hey-day狂騒曲(カプリチオ),233.7,6.1304,4.787,7.1036,0.8822,156,17.08,
2,afterglow,SENSENFUKOKU,246.44,6.2307,5.2323,7.0977,0.8705,164,19.61,
8,afterglow,RED RED RED,224.37,5.8574,4.9632,6.4013,0.5575,149,5.79,
6,afterglow,"Easy come, Easy go!",243.4,5.9753,5.1945,6.9011,0.7261,162,6.68,
11,afterglow,Scarlet Sky,229.0,6.4851,5.7001,7.0898,0.5564,152,6.68,
7,afterglow,Sasanqua,236.8,5.8882,5.0872,6.4118,0.5024,158,6.75,
10,afterglow,Y.O.L.O!!!!!,270.93,6.3371,5.5923,7.1453,0.6798,181,7.59,
9,afterglow,ONE OF US,282.3,6.3318,5.3412,7.0215,0.671,188,7.71,
14,afterglow,SWITCH ON NOW,207.33,6.19,5.4395,6.931,0.6502,138,4.18,
12,afterglow,Off we go.,251.83,5.8907,5.2446,6.6649,0.6226,168,6.48,
13,afterglow,いつも通りのBrand new days,237.33,6.1814,5.5229,6.7435,0.5226,158,5.98,
17,afterglow,Trouble Joyful!!,237.93,6.043,5.238,6.9751,0.7174,158,6.46,
16,afterglow,COMIC PANIC!!!,280.5,6.5549,5.5755,7.4547,0.7478,187,7.44,
15,afterglow,ランブリングメモリー,325.03,5.8561,5.2961,6.4446,0.5054,217,8.37,
18,afterglow,Jamboree!Journey!,259.8,6.3438,5.474,7.0377,0.722,173,6.92,
20,afterglow,独創収差,276.3,4.423,3.1993,5.6819,0.9218,184,8.21,
21,afterglow,極彩色,238.6,6.0006,5.2871,6.6025,0.5608,159,7.23,
19,afterglow,カナユメ,307.47,5.8623,4.9803,6.4538,0.5841,205,9.48,
22,afterglow,サクラゼンセン,249.33,5.8706,5.2894,6.4214,0.4528,166,7.12,
23,afterglow,True color,253.33,6.383,5.514,6.8177,0.6144,169,7.3,
24,afterglow,Crow Song,244.2,6.0725,5.4463,7.1696,0.7081,163,6.65,
25,afterglow,カサブタ,196.67,6.4076,5.5771,7.0127,0.5469,131,5.68,
28,afterglow,トーキョーワンダー。,153.77,5.9526,4.665,6.4676,0.7559,102,4.29,
29,afterglow,Reach Out To The Truth,171.47,5.9946,5.3235,6.9637,0.6367,114,4.97,
27,afterglow,Northern lights,209.1,5.5132,4.8747,6.272,0.6434,139,5.83,
26,afterglow,アイのシナリオ,259.83,5.98,5.2701,6.5952,0.5309,173,6.62,
30,afterglow,Listen!!,227.47,6.0513,5.452,6.7215,0.5228,151,5.69,
32,afterglow,イマジネーション,177.97,6.3372,5.1599,7.1682,0.7268,118,3.73,
34,afterglow,燦々,194.9,5.6659,4.5625,6.6784,0.8096,129,4.41,
33,afterglow,Butter-Fly,250.2,6.3708,5.648,7.0762,0.5577,167,6.16,
31,afterglow,青い栞,336.8,5.5186,4.8104,6.1581,0.52,225,8.41,
35,afterglow,That's why I'm here.,261.87,6.0183,5.2096,6.7367,0.6291,174,6.83,
37,afterglow,ペトリコール・オベーション,219.13,6.1197,5.2314,6.7417,0.6095,146,6.44,
36,afterglow,IGNITE GLOW,267.37,5.8365,4.9056,6.5369,0.6959,178,7.23,
38,afterglow,Made My Day,243.97,5.7316,5.0339,6.4676,0.5774,162,6.32,
39,afterglow,Glowing After,254.49,5.8709,5.236,6.4945,0.5493,170,6.39,
40,afterglow,A Sunset So Bright,231.11,4.8741,3.6698,5.7315,0.802,154,6.2,
41,afterglow,Start as Usual,276.27,5.1904,4.5616,5.9108,0.5399,184,7.41,
42,afterglow,“Say cheese!!!!!”,261.07,5.874,4.4993,6.5549,0.8089,174,7.57,
43,afterglow,花笑みのデュオ,250.31,5.7468,4.7662,6.3472,0.6104,167,7.15,
44,afterglow,READY STEADY GO (Cover),221.33,5.9411,4.9045,6.7307,0.7618,147,6.71,
45,afterglow,abnormalize (Cover),219.03,5.7597,4.7725,6.5231,0.6342,146,6.15,
46,afterglow,メンタルチェンソー (Cover),177.4,6.2415,5.6893,6.7306,0.426,118,5.06,
47,afterglow,Bunny Girl (Cover),217.23,6.1581,5.4455,6.6976,0.5033,144,5.29,
48,afterglow,オレンジ (Cover),235.6,5.5096,4.5709,6.33,0.6942,157,5.86,
49,afterglow,カゲロウデイズ (Cover),233.71,5.4546,4.3164,6.4879,0.8375,156,6.17,
50,afterglow,DAY×DAY (Cover),219.07,5.9461,4.4695,6.7329,0.9027,146,5.9,
52,afterglow,CHAINSAW BLOOD (Cover),203.12,5.7521,4.9286,6.5742,0.6428,135,5.71,
51,afterglow,ロキ (Cover),230.03,5.6201,4.862,6.1393,0.5171,153,6.29,
53,afterglow,チルドレンレコード (Re:boot) (Cover),189.71,5.9682,5.113,6.857,0.6484,126,5.27,
54,afterglow,青のすみか (Cover),197.4,5.3114,4.5653,6.2028,0.6724,131,4.74,
56,afterglow,天ノ弱 (Cover),187.77,5.9893,5.262,6.6935,0.5589,125,4.62,
57,afterglow,アスノヨゾラ哨戒班 (Cover),192.03,5.7625,4.9657,6.4207,0.598,128,4.87,
55,afterglow,GO!!! (Cover),239.67,5.9499,5.3015,6.6514,0.5363,160,6.03,
58,afterglow,瞬間センチメンタル (Cover),230.93,5.8459,5.226,6.5271,0.5928,154,5.94,
59,afterglow,プライド革命 (Cover),238.53,6.3367,5.2675,6.9583,0.7468,159,5.84,
60,afterglow,命に嫌われている。 (Cover),274.1,5.4714,4.8728,6.4044,0.6247,183,8.48,
61,afterglow,Redo (Cover),261.57,6.3599,5.1562,7.2241,0.7862,174,8.09,
62,afterglow,インフェルノ (Cover),214.17,6.4783,5.5874,7.2974,0.6944,142,7.21,
63,afterglow,ドラマツルギー (Cover),238.6,5.6724,4.9429,6.5395,0.5989,159,7.57,
65,afterglow,午夜の待ち合わせ (Cover),171.53,6.0773,4.8118,6.9697,0.8631,114,6.32,
64,afterglow,COLORS (Cover),218.8,5.4801,4.7612,6.1229,0.5662,146,6.91,
69,afterglow,Part of the Life,88.66,5.4827,4.8956,6.4592,0.6528,58,1.53,
66,afterglow,サムライハート（Some Like It Hot!!） (Cover),190.63,6.0663,5.4613,6.8625,0.5795,127,4.06,
67,afterglow,ベノム (Cover),198.5,6.3943,5.6928,7.084,0.5241,132,4.35,
68,afterglow,Don't say “lazy” (Cover),275.67,6.7159,6.0553,7.2781,0.6633,184,6.61,
70,afterglow,Punchline Halloween!!!,234.17,5.5762,4.7611,6.4055,0.6475,156,5.79,
72,ave_mujica,KiLLKiSS,208.77,5.0509,4.2877,5.9018,0.5715,139,6.21,
71,afterglow,I love your way！,263.7,6.0788,5.3968,6.7843,0.5493,176,7.11,
74,ave_mujica,Imprisoned XII,192.17,4.8049,4.2877,5.543,0.4659,128,5.68,
73,ave_mujica,"Georgette Me, Georgette You",234.68,4.5989,4.003,5.2502,0.5167,156,6.36,
76,ave_mujica,八芒星ダンス,231.55,4.4783,3.4926,5.3722,0.7847,154,5.46,
77,ave_mujica,顔,242.17,4.7224,3.7542,5.5844,0.764,161,6.01,
75,ave_mujica,Crucifix X,299.0,4.5579,3.6826,5.181,0.777,199,8.09,
79,ave_mujica,黒のバースデイ,234.26,5.2213,3.9302,6.0343,0.7341,156,6.46,
78,ave_mujica,天球のMúsica,280.33,5.1673,4.3671,5.8334,0.593,187,7.91,
80,ave_mujica,ふたつの月 ~Deep Into The Forest~,304.92,4.4253,3.0677,5.2505,0.7998,203,7.27,
81,ave_mujica,Choir ‘S’ Choir,288.14,4.9296,4.0507,5.75,0.6663,192,7.33,
82,ave_mujica,神さま、バカ,223.98,5.2699,4.4888,5.9568,0.5865,149,5.59,
83,ave_mujica,Mas?uerade Rhapsody Re?uest,249.79,4.9715,3.6576,5.8395,1.079,166,6.44,
86,ave_mujica,Symbol II : Air,212.81,5.4833,4.5049,6.4061,0.7456,142,6.21,
84,ave_mujica,Ave Mujica,277.99,4.8709,4.1333,5.7419,0.6621,185,7.33,
85,ave_mujica,Symbol I : △,312.18,4.582,3.3125,5.6694,0.8979,208,7.71,
88,ave_mujica,Symbol IV : Earth,239.14,4.8192,3.4267,5.685,0.847,159,6.5,
87,ave_mujica,Symbol III : ▽,256.93,4.7197,4.1357,5.6167,0.6096,171,6.95,
89,ave_mujica,Ether,285.69,4.7165,3.8709,5.664,0.6967,191,7.62,
91,ave_mujica,in your blue eyes,222.77,4.7095,4.0407,5.4139,0.5259,148,6.06,
90,ave_mujica,The Whole Blue World,257.3,5.2102,4.2519,5.9614,0.6655,171,7.05,
92,ave_mujica,素晴らしき世界 でも どこにもない場所,269.5,4.4028,3.5879,5.2723,0.6632,180,7.1,
93,ave_mujica,Angles,275.08,4.7815,4.1848,5.4894,0.4808,183,7.57,
94,ave_mujica,DIVINE,257.63,4.991,3.7857,5.9369,0.8049,172,7.5,
95,ave_mujica,Sophie,197.01,5.0473,3.9963,6.1186,0.9187,131,5.38,
96,ave_mujica,‘S/’ The Way,227.45,4.9848,3.8801,5.7782,0.7632,151,6.36,
97,ave_mujica,碧い瞳の中に,223.96,4.6104,4.0166,5.4107,0.5046,149,6.1,
98,ave_mujica,堕天 (Cover),183.79,5.8166,4.5819,6.5159,0.728,122,5.37,
103,various_artists,"Be shine, shining!",96.33,6.5006,5.1919,7.2391,0.8213,63,1.73,
101,various_artists,Don't be afraid!,238.8,6.261,5.182,6.9642,0.7649,159,6.38,
100,ave_mujica,暗黒天国 (Cover),265.32,5.524,4.3396,6.9473,1.0115,177,6.81,
102,various_artists,Glee! Glee! Glee!,211.83,6.3682,5.3359,7.2452,0.7998,141,5.71,
99,ave_mujica,KINGS (Cover),317.63,5.3937,4.3437,5.9858,0.609,212,8.46,
104,various_artists,"Here, the world",263.24,6.2395,5.4443,6.9424,0.671,175,6.3,
105,various_artists,CiRCLE THANKS MUSiC♪,313.7,5.7133,4.6692,6.657,0.7881,209,8.51,
106,hello_happy_world,キミがいなくちゃっ！,243.77,6.4535,5.634,7.1869,0.6295,162,6.71,
107,hello_happy_world,ハイファイブ∞あどべんちゃっ,272.43,6.7588,5.7583,7.4432,0.6392,182,7.37,
108,hello_happy_world,スマイルブーケで た〜まや〜！,271.97,5.9816,4.9936,6.8912,0.7146,181,7.52,
109,hello_happy_world,えがお･シング･あ･ソング,249.2,6.4682,5.2734,7.0946,0.6739,166,7.2,
110,hello_happy_world,YAPPY! SCHOOL CARNIVAL☆彡,235.2,6.3622,5.5291,6.9165,0.5308,157,6.69,
111,hello_happy_world,にこ×にこ=ハイパースマイルパワー！,233.3,5.8816,4.8157,6.7626,0.7592,155,5.34,
112,hello_happy_world,ないすみちゅっ！,257.2,6.0238,4.8241,6.8535,0.7824,171,6.48,
113,hello_happy_world,ゴーカ！ごーかい！？ファントムシーフ！,219.84,6.1566,5.2099,6.6773,0.5964,146,5.41,
114,hello_happy_world,うぃーきゃん☆フレフレっ！,239.64,6.3103,5.5535,7.0036,0.595,160,6.33,
115,hello_happy_world,えがおのオーケストラっ！,230.2,6.0164,4.902,6.9747,0.7715,153,6.05,
116,hello_happy_world,にこにこねくと！,250.64,5.9328,5.0776,6.5596,0.569,167,6.4,
117,hello_happy_world,ふぁいぶスマイル◯オールインっ！,246.3,5.991,5.0278,6.9206,0.7653,164,6.65,
118,hello_happy_world,せかいのっびのびトレジャー！,212.7,5.7139,4.6672,6.5828,0.7358,141,5.46,
119,hello_happy_world,きらっ☆と キミフェス！,231.07,6.8534,5.9197,7.4805,0.6434,154,6.25,
120,hello_happy_world,うちゃパ！で ぱっぴかポーんっ！,217.77,6.4527,5.4831,7.0444,0.6067,145,5.56,
121,hello_happy_world,はれやか すこやか ぴかりんりん♪,256.37,6.5406,5.5448,7.3563,0.7314,171,6.23,
122,hello_happy_world,ふわふわ☆ゆめいろサンドイッチ,292.0,6.1404,5.2664,6.8643,0.6304,195,7.52,
124,hello_happy_world,現るっ！大怪盗ハロハッピー！,224.1,6.1619,5.4361,6.8777,0.5678,149,6.08,
123,hello_happy_world,Happy! Happier! Happiest!,242.9,6.226,5.3156,7.0351,0.7254,162,6.85,
125,hello_happy_world,わちゃ・もちゃ・ぺったん行進曲,233.2,6.165,5.4782,6.8881,0.6104,155,6.59,
126,hello_happy_world,おもいでイルミネーション,252.7,6.5508,5.6577,7.2064,0.6136,168,6.85,
127,hello_happy_world,おもいやりハーモニー,231.5,5.6553,4.9419,6.4986,0.6284,154,6.37,
128,hello_happy_world,ハピネスっ！ハピィーマジカルっ♪,210.6,6.6729,5.8855,7.4933,0.6188,140,5.56,
129,hello_happy_world,えがお、あーゆーれでぃ???,226.3,6.2665,5.4149,6.8843,0.5755,151,5.07,
130,hello_happy_world,ハッピーサマーウェディング,284.67,6.6296,5.8053,7.4784,0.6544,190,7.23,
132,hello_happy_world,ハッピー☆マテリアル,225.03,6.4359,5.278,7.1046,0.7421,150,6.36,
133,hello_happy_world,太陽曰く燃えよカオス,239.2,6.3775,5.1561,7.0303,0.7064,159,6.5,
131,hello_happy_world,ひまわりの約束,307.3,5.5871,4.6721,6.5081,0.6997,205,8.76,
134,hello_happy_world,エクストラ・マジック・アワー,255.3,5.7568,4.3958,6.2724,0.7069,170,6.99,
135,hello_happy_world,コレカラ,214.93,6.1625,4.923,6.8927,0.7508,143,6.1,
136,hello_happy_world,全力少年,241.8,6.1275,5.3262,7.0681,0.6447,161,6.15,
139,hello_happy_world,ン・パカマーチ,156.0,6.6375,5.56,7.2325,0.65,103,3.71,
138,hello_happy_world,Happy Girl,238.13,6.6719,5.8863,7.2734,0.5995,159,6.24,
141,hello_happy_world,ボクらの夏's☆ショーたいむっ！！,206.8,5.8596,4.878,6.7126,0.6869,137,5.51,
137,hello_happy_world,オレンジ,278.4,6.4182,5.4839,7.0313,0.6177,186,7.79,
140,hello_happy_world,サンバロハッピ〜！,216.5,6.7645,5.8978,7.3049,0.5957,144,6.16,
142,hello_happy_world,むすんでわらって,241.97,6.2628,5.0858,7.0791,0.758,161,5.9,
143,hello_happy_world,キミを れっつ・はぶ・ふぁん♪,235.0,6.3487,5.5147,7.0182,0.644,156,5.82,
144,hello_happy_world,らいふ・いず・みゅーじかるっ♪♪♪,237.7,6.2275,5.2054,7.0025,0.6951,158,6.85,
147,hello_happy_world,とーくとぅみー・とーくとぅゆー,208.57,6.2078,5.6806,6.7892,0.4571,139,5.88,
146,hello_happy_world,やっほー！いっぽ！わんだふぉー！,212.33,6.3832,5.4774,6.9377,0.6073,141,5.94,
145,hello_happy_world,れっつ・スマイル・すとり〜みんぐっ♪,227.63,5.879,5.0989,6.4999,0.571,151,6.28,
148,hello_happy_world,ハイタッチ／＼びりーばーず☆,254.37,6.3638,5.3513,7.1837,0.6637,169,6.73,
149,hello_happy_world,Listen to Smile!,244.17,6.003,5.0331,6.7601,0.6497,163,7.16,
152,hello_happy_world,上海ハニー (Cover),178.23,6.7207,6.0619,7.2519,0.5427,118,4.48,
153,hello_happy_world,シル・ヴ・プレジデント (Cover),193.5,6.1246,5.0989,7.0808,0.758,129,5.35,
150,hello_happy_world,スマイリーキャロル,247.07,6.2592,5.2742,7.1751,0.6949,165,6.41,
151,hello_happy_world,えがお、み〜っけた！,270.2,6.2529,5.2721,7.0275,0.7092,180,6.71,
155,hello_happy_world,はいよろこんで (Cover),160.23,6.2302,4.8141,7.0665,0.885,106,3.52,
157,hello_happy_world,強風オールバック (Cover),135.1,6.3012,5.521,6.8628,0.4998,89,3.66,
156,hello_happy_world,シカ色デイズ (Cover),202.17,6.5099,5.4427,7.2961,0.7097,134,5.27,
154,hello_happy_world,ヒャダインのじょーじょーゆーじょー (Cover),251.1,6.1115,4.9921,6.9992,0.7633,167,7.26,
159,hello_happy_world,許婚っきゅん (Cover),177.47,6.5205,5.7403,7.2334,0.6534,118,4.83,
158,hello_happy_world,最高到達点 (Cover),226.67,6.2696,5.0081,6.8758,0.694,151,5.62,
160,hello_happy_world,新宝島 (Cover),251.2,6.1833,4.8722,6.9794,0.7816,167,6.65,
161,hello_happy_world,ドレミファロンド (Cover),200.63,6.3824,5.4431,7.0199,0.6366,133,5.3,
162,hello_happy_world,きゅうくらりん (Cover),214.83,5.6536,4.7246,6.2659,0.582,143,5.56,
164,hello_happy_world,エイリアンエイリアン (Cover),183.13,6.2967,5.3957,7.0828,0.615,122,4.84,
165,hello_happy_world,いーあるふぁんくらぶ (Cover),239.67,6.4212,5.4162,7.1695,0.7977,160,5.7,
163,hello_happy_world,ロメオ (Cover),320.2,6.3083,5.2867,7.0992,0.6983,214,8.23,
166,hello_happy_world,回レ！雪月花 (Cover),234.83,6.2274,5.321,6.915,0.6708,156,5.77,
167,hello_happy_world,恋愛裁判 (Cover),223.13,6.6072,5.7233,7.4081,0.6786,148,5.83,
168,hello_happy_world,TOMORROW (Cover),274.9,6.3841,5.5557,7.1969,0.7162,183,7.56,
169,hello_happy_world,GO! GO! MANIAC (Cover),249.1,6.2548,5.1724,7.0829,0.7127,166,7.03,
170,hello_happy_world,Dragon Night (Cover),228.73,5.9606,5.0393,6.7226,0.6577,152,6.54,
171,hello_happy_world,ようこそジャパリパークへ (Cover),206.23,6.2449,5.0022,6.9903,0.7777,137,6.31,
173,hello_happy_world,おジャ魔女カーニバル!! (Cover),217.37,6.4866,5.4266,7.0379,0.6632,145,5.49,
172,hello_happy_world,ウィーアー！ (Cover),241.13,6.3651,5.2945,7.1932,0.7904,161,6.34,
174,hello_happy_world,ダーリンダンス (Cover),207.63,5.8606,5.2781,6.4241,0.4963,138,4.78,
175,hello_happy_world,ノーポイッ！ (Cover),242.97,6.6758,6.0474,7.2153,0.5475,162,6.68,
176,hello_happy_world,SHINY DAYS (Cover),262.6,6.5895,5.7021,7.3871,0.709,175,7.56,
177,hello_happy_world,シルエット (Cover),241.03,6.244,5.3534,6.9217,0.6163,160,6.28,
178,ikka_dumb_rock,ホーミー・タイッ！！,215.43,5.6803,4.4196,6.3289,0.7511,143,6.05,
179,millsage,起死開戦,195.32,5.4707,4.6125,6.3453,0.7032,130,5.67,
181,morfonica,メランコリックララバイ,216.07,4.7949,3.6651,5.8285,0.9342,144,4.51,
184,morfonica,カラフルリバティー,218.83,5.5388,4.5964,6.4338,0.7028,146,5.68,
180,morfonica,Daylight -デイライト-,357.29,5.4141,4.2679,6.4926,0.8731,239,10.52,
182,morfonica,flame of hope,252.94,5.6965,4.6329,6.6022,0.7362,168,6.96,
185,morfonica,fly with the night,240.67,5.2365,4.3398,6.1584,0.7395,160,6.76,
183,morfonica,ブルームブルーム,276.9,5.5511,4.4163,6.3928,0.7535,185,7.15,
186,morfonica,金色へのプレリュード,271.23,5.6784,4.6662,6.5346,0.7528,181,6.77,
188,morfonica,ハーモニー・デイ,219.17,5.5013,4.6001,6.4352,0.7946,146,5.56,
189,morfonica,Sweet Cheers!,224.33,5.6904,4.7545,7.0337,0.8541,149,6.2,
190,morfonica,"寄る辺のSunny, Sunny",215.97,5.7268,4.6776,6.7731,0.7685,144,6.0,
187,morfonica,The Circle Of Butterflies,258.77,5.8698,5.1479,6.5426,0.6078,172,7.22,
191,morfonica,誓いのWingbeat,255.0,5.4536,4.4687,6.4786,0.7674,170,6.46,
192,morfonica,Ever Sky Blue,241.13,5.071,4.2881,5.9056,0.6523,161,5.79,
193,morfonica,Polyphonyscape,251.43,6.3904,5.1225,7.2049,0.789,167,5.83,
195,morfonica,Merry Merry Thanks!!,257.73,5.8133,4.7839,6.3647,0.6354,172,6.67,
197,morfonica,両翼のBrilliance,239.8,4.9049,4.1321,5.8902,0.6525,160,6.41,
194,morfonica,Wreath of Brave,263.23,5.8602,4.934,6.7256,0.6871,175,7.02,
196,morfonica,Sonorous,313.27,5.7851,4.7455,6.5012,0.6557,209,7.82,
198,morfonica,Steer to Utopia,216.27,5.3522,4.5898,5.9923,0.5785,144,6.18,
200,morfonica,ティリカモニカリラ,204.07,5.4167,4.6957,6.5316,0.7624,136,5.01,
199,morfonica,Fateful...,286.83,5.4844,4.5625,6.4178,0.7297,191,7.23,
201,morfonica,Secret Dawn,238.44,5.5314,4.2008,6.4862,0.8288,159,6.52,
202,morfonica,Angel's Ladder,253.4,5.5544,4.1436,6.3798,0.8413,169,6.81,
203,morfonica,One step at a time,263.74,5.6719,4.7726,6.4854,0.6911,176,7.04,
204,morfonica,Tempest,252.2,5.3072,4.2033,6.188,0.8003,168,6.43,
206,morfonica,MUGEN Reverberate!,230.33,5.1093,4.4524,6.0181,0.6287,153,5.52,
205,morfonica,フレージング ミラージュ,263.63,4.711,3.9807,5.3901,0.5551,176,6.76,
208,morfonica,esora no clover,193.87,5.1191,4.3293,6.2663,0.7067,129,5.38,
207,morfonica,わたしまちがいさがし,273.01,5.2778,4.4465,6.3839,0.7394,182,7.72,
209,morfonica,きょうもMerry go rounD,238.04,5.0593,3.7165,5.9633,0.8852,158,6.29,
210,morfonica,Feathered Dreams,226.37,5.8841,5.0047,6.5268,0.596,151,6.21,
212,morfonica,ビューティ・フォー,189.33,6.0527,4.9089,6.851,0.7604,126,4.86,
211,morfonica,Portray Empathy,253.3,5.9608,5.0376,6.7,0.6937,169,6.51,
213,morfonica,胡蝶翔る星月夜,204.67,5.6457,4.719,6.4383,0.6547,136,5.01,
216,morfonica,Shining Leaves,217.97,5.0993,4.1512,5.9725,0.7265,145,6.11,
214,morfonica,Color of Us,233.73,5.6415,4.8469,6.3144,0.5833,156,6.46,
215,morfonica,Resonant Strings,240.38,5.3615,4.4257,6.1125,0.6539,160,6.43,
219,morfonica,QUEEN (Cover),145.77,5.7489,4.9026,6.3139,0.6143,96,3.87,
218,morfonica,蒼穹へのトレイル,219.17,4.9399,3.9153,5.8419,0.7128,146,5.89,
217,morfonica,音がえしのセレナーデ,301.77,5.8675,4.8546,6.7466,0.7039,201,6.98,
223,morfonica,祝福 (Cover),194.27,5.7336,4.7063,6.5069,0.7368,129,4.8,
220,morfonica,again (Cover),250.8,5.829,4.7249,6.6743,0.7642,167,6.72,
222,morfonica,メロウ (Cover),249.2,6.0241,4.8942,6.84,0.7611,166,6.83,
221,morfonica,輪舞-revolution (Cover),273.5,6.0022,4.8104,6.7663,0.785,182,7.22,
224,morfonica,Overdose (Cover),194.03,6.0643,5.3938,6.7789,0.5277,129,5.57,
225,morfonica,かくれんぼ (Cover),298.7,5.1335,4.4067,6.0832,0.6558,199,7.3,
226,morfonica,chAngE (Cover),249.57,6.3513,4.8317,7.162,0.8503,166,6.51,
227,morfonica,ALIVE (Cover),216.03,5.3346,4.4603,6.1998,0.6747,144,5.71,
228,morfonica,Nameless Story (Cover),243.03,5.8621,4.5001,6.9505,0.9347,162,6.36,
229,morfonica,青空のラプソディ (Cover),277.37,5.6919,4.5647,6.5276,0.7226,185,6.88,
230,morfonica,Nevereverland (Cover),287.4,5.6035,4.4652,6.3874,0.7264,192,7.23,
231,morfonica,メリッサ (Cover),256.83,6.0556,5.1453,6.9195,0.6747,171,6.74,
232,morfonica,COLORFUL BOX (Cover),238.4,5.7675,4.6846,6.4923,0.6838,159,6.15,
233,morfonica,unravel (Cover),237.4,5.0744,3.9915,5.9611,0.8024,158,6.42,
235,morfonica,V.I.P (Cover),193.5,5.307,4.7056,5.9344,0.5174,129,5.88,
234,morfonica,アゲハ蝶 (Cover),280.67,6.1454,4.7213,6.9886,0.852,187,7.12,
236,morfonica,CQCQ (Cover),221.77,5.8138,4.7261,6.5478,0.7721,148,6.52,
237,mugendai_mutype,アイの夢限,200.5,5.4263,4.7565,6.0481,0.5059,133,5.53,
238,mugendai_mutype,どんがらがっしゃん,196.53,6.0411,5.3198,6.773,0.5479,131,5.22,
239,mugendai_mutype,みゅーたんとミュータント,220.27,6.011,5.3256,6.6067,0.4872,147,5.28,
240,mugendai_mutype,チューニング,196.02,4.9236,4.2244,5.4861,0.4809,130,4.83,
242,mugendai_mutype,グラディエント,201.02,5.8325,5.118,6.6196,0.58,134,5.08,
241,mugendai_mutype,Dream Voyage,262.32,5.6916,4.9227,6.4544,0.6417,175,6.92,
243,mugendai_mutype,LET'Sあちあちトレーニング！,206.5,5.3695,4.483,6.0714,0.6322,137,5.31,
244,mugendai_mutype,真夜中遊園地,230.0,5.1711,4.4383,5.9875,0.595,153,5.87,
246,mugendai_mutype,TRASH LIFE,213.02,5.3002,4.2767,6.1584,0.7459,142,5.3,
245,mugendai_mutype,テレパシー,254.0,5.1139,4.5613,5.6492,0.4416,169,6.98,
248,mugendai_mutype,コミュ着火Fire!,185.02,4.9916,3.7798,5.807,0.7675,123,4.67,
249,mugendai_mutype,Calling,182.22,5.0946,4.6261,5.6495,0.4181,121,5.28,
247,mugendai_mutype,新人類は仮想世界の夢を見るか?,234.02,5.4001,4.3531,6.3198,0.7123,156,6.41,
250,mugendai_mutype,Hi-Vision,180.5,5.4435,4.7403,6.1516,0.5238,120,4.63,
252,mugendai_mutype,✞animaるパーティ✞開催中✞,177.02,5.5421,4.5334,6.2685,0.6879,117,4.51,
251,mugendai_mutype,コハク,220.02,5.1931,4.242,5.9397,0.6673,146,6.22,
253,mugendai_mutype,エンプティパペット,186.02,5.7127,4.3757,6.4002,0.7678,124,4.8,
254,mugendai_mutype,限界現実サバイブ天使,196.02,5.5299,4.6149,6.2771,0.6265,130,4.79,
255,mugendai_mutype,ビッグマウス,173.02,5.4246,4.6519,6.2714,0.623,115,4.77,
256,mugendai_mutype,夢現妄想世界,212.19,5.4641,4.5637,6.1784,0.5977,141,5.56,
257,mugendai_mutype,やわやわNERD 超FreQuency,187.6,5.3625,4.5547,6.1721,0.6505,125,4.84,
258,mugendai_mutype,超惑星Xへの旅,173.63,5.5486,4.7167,6.567,0.6912,115,4.0,
259,mugendai_mutype,これはぼくたちの生存のあらすじ,234.77,5.3526,4.6147,6.0524,0.5535,156,6.22,
260,mygo,迷星叫,211.37,5.31,4.4689,6.0758,0.6542,141,5.39,
261,mygo,壱雫空,189.59,5.2434,4.6795,6.0459,0.5904,126,5.11,
264,mygo,歌いましょう鳴らしましょう,176.49,5.7806,5.1184,6.5163,0.5259,117,4.67,
262,mygo,碧天伴走,218.87,5.3707,4.6563,5.9718,0.5042,146,5.8,
263,mygo,影色舞,209.45,6.0287,5.2082,6.6699,0.5969,139,5.45,
265,mygo,潜在表明,262.12,5.517,4.4674,6.2121,0.7149,175,7.31,
267,mygo,春日影 (MyGO!!!!! ver.),256.61,4.9999,4.2174,5.8426,0.6042,171,7.57,
266,mygo,音一会,282.01,5.5716,4.8431,6.3554,0.6317,188,7.83,
269,mygo,迷路日々,215.45,5.3722,4.7463,5.9753,0.4791,143,6.7,
268,mygo,詩超絆,237.2,4.8639,4.1105,5.7643,0.6136,158,6.72,
270,mygo,無路矢,222.93,5.116,4.6845,5.646,0.3841,148,6.28,
275,mygo,孤壊牢,215.57,5.0172,4.3514,5.705,0.5433,143,5.93,
273,mygo,歩拾道,260.28,5.273,4.7718,5.8396,0.489,173,7.27,
271,mygo,名無声,271.65,5.2237,4.6496,6.0217,0.5428,181,7.91,
272,mygo,栞,266.41,5.6336,4.719,6.385,0.6296,178,7.64,
276,mygo,霧周途,222.17,5.3449,4.826,5.9002,0.4028,148,6.38,
274,mygo,明弦音,243.92,5.2191,4.5025,5.772,0.4989,162,6.62,
280,mygo,夜隠染,200.97,5.0331,4.4704,5.7019,0.472,134,4.72,
279,mygo,輪符雨,207.57,4.7986,4.1866,5.6285,0.5952,138,5.29,
278,mygo,処救生,217.49,4.9496,4.3727,5.5296,0.4895,145,5.83,
277,mygo,端程山,260.97,5.1283,4.6085,5.5693,0.407,174,6.88,
281,mygo,過惰幻,237.61,5.1619,4.516,5.796,0.5057,158,6.42,
282,mygo,回層浮,261.24,5.4456,4.5647,6.0606,0.5775,174,6.51,
283,mygo,砂寸奏,223.6,5.4183,4.905,6.1432,0.4809,149,6.02,
287,mygo,証命讃歌,192.2,5.8791,5.0835,6.654,0.6543,128,5.11,
284,mygo,焚音打,242.92,5.6043,4.5841,6.4436,0.7193,162,7.2,
286,mygo,掌心正銘,221.47,5.5255,4.6718,6.2138,0.5989,147,6.17,
285,mygo,残痕字,255.07,5.7124,4.8845,6.167,0.5392,170,6.83,
288,mygo,エガクミライ,239.41,5.4806,4.7466,6.1367,0.5343,159,6.22,
290,mygo,聿日箋秋,236.36,5.3908,4.7938,6.01,0.4943,157,6.54,
294,mygo,雑踏、僕らの街 (Cover),188.23,5.7576,5.1714,6.3975,0.5033,125,5.39,
289,mygo,静降想,278.19,5.5381,4.9433,6.0577,0.441,185,7.88,
292,mygo,だれかの心臓になれたなら (Cover),236.37,5.6559,4.5859,6.3031,0.6439,157,6.5,
293,mygo,遥か彼方 (Cover),249.23,5.4196,4.6727,6.3679,0.6339,166,6.52,
291,mygo,往欄印,298.15,5.3119,4.2083,6.0575,0.7375,199,7.26,
300,mygo,春日影,123.01,4.5264,4.1718,5.0677,0.3484,81,3.08,
297,mygo,ノンブレス・オブリージュ (Cover),207.25,5.3574,4.7312,6.0453,0.5579,138,5.53,
298,mygo,swim (Cover),209.55,5.0393,4.3848,5.8728,0.5709,139,5.6,
295,mygo,過去を喰らう (Cover),240.48,5.8409,5.1209,6.4824,0.5365,160,6.59,
296,mygo,君の神様になりたい。 (Cover),249.33,5.6081,4.9245,6.1096,0.4458,166,6.79,
299,mygo,猛独が襲う (Cover),254.32,5.3014,4.8018,6.0307,0.5005,169,6.62,
301,pastel_palettes,TITLE IDOL,268.37,5.9719,4.9227,6.6375,0.6605,179,7.71,
302,pastel_palettes,ワクワクmeetsトリップ,247.3,6.8236,6.1675,7.2205,0.4863,165,6.64,
303,pastel_palettes,ゆら・ゆらRing-Dong-Dance,265.14,6.3634,5.3504,7.0488,0.6434,177,7.55,
304,pastel_palettes,もういちど ルミナス,260.04,5.8622,5.0575,6.5852,0.6142,173,7.37,
305,pastel_palettes,あっつあつ 常夏 らぶ☆サマー！,246.87,6.6947,6.0243,7.2979,0.5947,164,7.22,
306,pastel_palettes,天下トーイツ A to Z☆,218.57,6.5275,5.8106,7.1998,0.6503,145,6.64,
307,pastel_palettes,しゅわりん☆どり〜みん,236.37,5.9234,4.9962,6.6987,0.6721,157,5.9,
308,pastel_palettes,Power of LOVE!!!,231.7,6.0686,5.0794,6.8705,0.7,154,5.86,
309,pastel_palettes,きゅ～まい＊flower,220.6,6.4205,5.608,6.894,0.553,147,5.26,
312,pastel_palettes,はなまる◎アンダンテ,226.47,6.242,5.0174,7.0221,0.7545,151,6.05,
310,pastel_palettes,Winking☆Cheer,310.07,5.807,4.9511,6.7371,0.6555,207,7.25,
311,pastel_palettes,ゆめゆめグラデーション,284.73,6.6171,5.4506,7.1396,0.6537,190,7.17,
313,pastel_palettes,パスパレボリューションず☆,231.33,6.2376,5.2122,6.9159,0.6981,154,5.59,
314,pastel_palettes,SURVIVOR ねばーぎぶあっぷ!,248.63,5.9669,5.3625,6.8452,0.6847,166,6.18,
315,pastel_palettes,Wonderland Girl,271.03,6.5134,5.6624,7.2764,0.6085,181,7.32,
316,pastel_palettes,ゼッタイ宣言～Recital～,241.53,5.81,5.112,6.5388,0.5657,161,6.42,
318,pastel_palettes,Wonderful Sweet!,247.4,6.3991,5.2111,7.1977,0.7371,165,6.69,
317,pastel_palettes,ぎゅっDAYS♪,251.63,7.0309,6.3208,7.5785,0.5582,168,6.83,
319,pastel_palettes,るんっ♪てぃてぃー！,229.27,6.2874,5.6156,6.7923,0.502,153,6.31,
320,pastel_palettes,パッパレ☆人生！バーン万歳！,239.53,6.5416,5.6618,7.2941,0.632,159,6.3,
322,pastel_palettes,あこがれacross,234.57,6.2931,5.5246,6.942,0.6451,156,6.07,
321,pastel_palettes,Brand new Pastel Road!,255.5,5.5432,4.3928,6.7117,0.9176,170,6.56,
323,pastel_palettes,ハレハレ☆フォーチュン,270.47,6.191,5.0443,6.9121,0.7138,180,6.69,
324,pastel_palettes,ハナヒバナ,274.2,6.1641,4.6594,6.9593,0.8615,183,7.32,
325,pastel_palettes,そばかす,250.57,6.298,5.6529,7.0102,0.6044,167,7.28,
328,pastel_palettes,ラムのラブソング,162.4,6.4041,5.7577,6.924,0.5107,108,4.65,
326,pastel_palettes,気まぐれロマンティック,243.77,5.8541,5.1644,6.6311,0.5681,162,6.97,
327,pastel_palettes,ドリームパレード,234.7,6.519,5.7124,7.0345,0.5629,156,6.59,
329,pastel_palettes,DANCE! おジャ魔女,196.5,6.3177,5.4196,6.9875,0.6143,131,5.27,
330,pastel_palettes,DISCOTHEQUE,243.27,6.7441,5.5745,7.7349,0.8172,162,6.14,
331,pastel_palettes,ゆりゆららららゆるゆり大事件,229.27,6.1996,5.6351,6.6884,0.4343,153,6.08,
332,pastel_palettes,SAKURAスキップ,228.83,6.5501,6.0407,7.1649,0.4467,152,6.02,
333,pastel_palettes,Stay Alive,263.97,5.2714,4.453,5.8501,0.5258,176,7.25,
334,pastel_palettes,秘密の扉から会いにきて,218.6,5.9874,5.0703,6.762,0.6569,145,6.13,
335,pastel_palettes,トリドリ＊パレット,252.23,5.7441,5.1525,6.2789,0.4915,168,6.54,
336,pastel_palettes,ドラマチック！アライブ,259.53,5.9458,5.2897,6.5292,0.5309,173,7.16,
338,pastel_palettes,ReReReエボリューションず☆,214.47,5.9698,4.993,6.5391,0.6268,143,5.65,
337,pastel_palettes,Radiate Warriors,240.33,6.0177,5.3658,6.5557,0.4976,160,5.92,
339,pastel_palettes,everyday flower,240.3,6.3361,5.4729,6.9809,0.607,160,6.49,
340,pastel_palettes,With〜きみとわたしたちの物語〜,245.87,5.8493,4.9421,6.6338,0.6587,164,6.72,
341,pastel_palettes,フレっとパレットFight Song!!,241.97,6.2065,5.4902,6.8515,0.5643,161,6.07,
342,pastel_palettes,デイオフ・ラフ・ラブ・サンクス,243.7,5.7832,4.7278,6.5681,0.6945,162,5.99,
344,pastel_palettes,Y.O.L.O！！！！！(パスパレver.),268.87,5.899,4.7149,6.5577,0.7184,179,7.08,
343,pastel_palettes,ホワイト ノスタルジア,283.83,5.3306,4.4797,5.9208,0.5642,189,8.23,
347,pastel_palettes,春を告げる (Cover),198.93,5.7318,4.909,6.5968,0.6726,132,5.86,
346,pastel_palettes,Sparkling Daydream (Cover),249.23,6.4232,5.2463,7.2136,0.7474,166,6.69,
345,pastel_palettes,奏（かなで） (Cover),294.37,5.8489,4.8472,6.5917,0.6653,196,7.86,
348,pastel_palettes,だから、ひとりじゃない (Cover),230.13,6.2081,5.2354,7.0172,0.6746,153,6.16,
349,pastel_palettes,サインはB (Cover),215.4,5.8414,4.3524,6.71,0.8457,143,5.6,
351,pastel_palettes,最上級にかわいいの！ (Cover),191.33,5.8666,5.1513,6.5633,0.5612,127,4.64,
350,pastel_palettes,愛包ダンスホール (Cover),222.8,6.1462,5.4632,6.8812,0.5613,148,6.03,
352,pastel_palettes,♡桃色片想い♡ (Cover),257.57,6.6367,5.9067,7.3781,0.6035,172,6.69,
353,pastel_palettes,金曜日のおはよう (Cover),241.73,6.2433,5.5083,6.9704,0.6252,161,6.79,
354,pastel_palettes,魔法少女とチョコレゐト (Cover),187.96,5.4564,4.7506,6.028,0.5137,125,5.69,
357,pastel_palettes,みくみくにしてあげる♪【してやんよ】 (Cover),103.53,6.1233,5.2354,7.1882,0.7723,68,3.14,
355,pastel_palettes,可愛くてごめん (Cover),220.27,6.1871,5.2126,6.735,0.6154,147,5.89,
356,pastel_palettes,からくりピエロ (Cover),252.23,6.6593,5.5,7.2405,0.6832,168,5.91,
359,pastel_palettes,アイドル (Cover),214.37,5.7789,5.0135,6.2953,0.5087,143,4.88,
358,pastel_palettes,ルカルカ★ナイトフィーバー (Cover),242.0,6.2289,5.6846,6.9145,0.6021,161,6.89,
361,pastel_palettes,ふわふわ時間 (Cover),245.23,6.4248,5.2707,7.1135,0.7784,163,6.67,
362,pastel_palettes,Fantastic future (Cover),246.9,6.6436,5.0761,7.1839,0.7952,164,6.55,
360,pastel_palettes,secret base ～君がくれたもの～ (Cover),322.0,5.587,4.6211,6.4592,0.7207,215,8.3,
363,pastel_palettes,Baby Sweet Berry Love (Cover),244.23,6.216,5.3594,6.8243,0.6045,163,6.7,
365,pastel_palettes,ヒトリゴト (Cover),235.27,6.124,5.1204,7.1426,0.7565,157,5.87,
366,pastel_palettes,惑星ループ (Cover),206.77,5.8549,5.0233,6.6498,0.639,137,5.02,
364,pastel_palettes,Q＆A　リサイタル！ (Cover),291.2,6.464,5.1982,7.1434,0.7105,194,8.07,
368,pastel_palettes,ハッピーシンセサイザ (Cover),238.0,6.5051,5.8136,6.9767,0.5726,158,6.35,
367,pastel_palettes,世界は恋に落ちている (Cover),313.2,6.5683,5.4742,7.4555,0.7928,209,7.53,
369,pastel_palettes,春擬き (Cover),269.03,6.0094,5.1191,6.7386,0.6184,179,7.29,
370,pastel_palettes,Make it! (Cover),252.4,6.0482,5.0894,7.0742,0.7729,168,6.71,
371,pastel_palettes,花ハ踊レヤいろはにほ (Cover),251.1,6.4352,5.4301,7.2915,0.7603,167,7.05,
372,pastel_palettes,夜に駆ける (Cover),262.6,6.5974,5.7617,7.176,0.6058,175,6.93,
373,pastel_palettes,徒花ネクロマンシー (Cover),242.7,6.4405,4.8834,7.2673,0.8843,162,6.34,
374,pastel_palettes,ノスタルジックレインフォール (Cover),237.03,5.9417,5.0329,6.8879,0.6885,158,6.3,
375,poppin_party,Yes! BanG_Dream!,309.97,5.9524,4.7336,6.7929,0.8366,207,8.24,
378,poppin_party,ティアドロップス,217.13,5.7664,4.7542,6.6594,0.7535,144,6.07,
377,poppin_party,走り始めたばかりのキミに,260.97,6.1064,4.9262,7.1039,0.8292,174,7.1,
376,poppin_party,STAR BEAT!～ホシノコドウ～,320.73,6.0852,4.8835,6.9986,0.7917,214,8.54,
379,poppin_party,ときめきエクスペリエンス！,257.67,6.3527,5.5199,7.2055,0.6947,172,6.38,
380,poppin_party,キラキラだとか夢だとか ～Sing Girls～,305.9,6.2174,5.2486,7.0223,0.7292,204,7.91,
381,poppin_party,私の心はチョココロネ,252.9,6.1194,5.0133,6.9293,0.7314,168,6.57,
384,poppin_party,ティアドロップス ～Popipa Acoustic Ver.～,232.73,5.5397,4.4893,6.4103,0.754,155,6.61,
383,poppin_party,夢みるSunflower,279.9,6.2172,5.018,7.1194,0.7904,187,7.9,
382,poppin_party,前へススメ！,309.47,6.1536,5.1001,7.0763,0.7342,206,8.43,
385,poppin_party,走り始めたばかりのキミに ～Popipa Acoustic Ver.～,296.17,5.6949,4.6859,6.751,0.831,198,7.74,
386,poppin_party,Time Lapse,249.0,5.6333,4.4883,6.7655,0.8761,166,6.73,
387,poppin_party,八月のif,275.73,6.2051,5.1651,6.9441,0.6969,184,7.24,
389,poppin_party,B.O.F,218.9,6.1646,5.199,6.9205,0.6368,146,5.16,
388,poppin_party,クリスマスのうた,277.37,6.348,5.1855,7.1475,0.7252,185,7.6,
390,poppin_party,CiRCLING,261.33,6.4066,5.5313,7.1305,0.6922,174,7.2,
391,poppin_party,二重の虹(ダブル レインボウ),246.23,5.5318,4.7821,6.302,0.6114,164,6.74,
392,poppin_party,最高(さあ行こう)！,228.87,6.5143,5.4325,7.2795,0.7894,152,6.15,
393,poppin_party,ガールズコード,325.23,5.8601,4.8821,6.6828,0.6602,217,8.5,
394,poppin_party,Yes! BanG_Dream! ～Popipa Acoustic Ver.～,308.4,5.8766,5.3022,6.491,0.5427,206,8.3,
395,poppin_party,夏空 SUN! SUN! SEVEN! ～Popipa Acoustic Ver.～,299.93,6.0066,5.2186,6.9156,0.6969,200,8.13,
397,poppin_party,Breakthrough!,275.8,6.2093,4.8357,7.1732,0.8703,184,7.77,
396,poppin_party,STAR BEAT!～ホシノコドウ～ ～Popipa Acoustic Ver.～,327.73,5.6155,4.5938,6.3057,0.6362,219,8.83,
398,poppin_party,NO GIRL NO CRY/Poppin'Party Ver.,312.8,6.1952,5.2441,7.0397,0.6652,209,8.26,
399,poppin_party,イニシャル,295.24,5.8251,5.0927,6.7802,0.6857,197,7.85,
400,poppin_party,Hello! Wink!,281.93,5.8784,5.0517,6.7498,0.6743,188,7.44,
401,poppin_party,Step×Step!,249.0,5.8572,4.667,6.5168,0.6874,166,6.79,
402,poppin_party,Jumpin',247.87,5.9952,4.6115,6.8879,0.8545,165,6.8,
403,poppin_party,White Afternoon,299.97,5.6094,4.8164,6.2921,0.57,200,7.83,
404,poppin_party,キラキラスター！,275.97,5.9878,5.1095,6.8155,0.6239,184,7.27,
406,poppin_party,Dreamers Go!,258.0,6.0314,5.1153,6.8265,0.6821,172,6.18,
405,poppin_party,Returns,323.17,5.5638,4.3713,6.5179,0.8305,216,8.46,
407,poppin_party,キズナミュージック♪,315.4,5.9332,5.1029,6.5711,0.6367,210,8.45,
409,poppin_party,夢を撃ち抜く瞬間に！,280.57,5.9826,5.3077,6.7083,0.5967,187,7.84,
410,poppin_party,ぽっぴん'しゃっふる,278.18,6.472,5.7431,7.1398,0.5334,185,7.84,
408,poppin_party,ミライトレイン,355.67,5.6616,4.9561,6.4008,0.6117,238,9.62,
411,poppin_party,夏空 SUN! SUN! SEVEN!,271.17,6.4663,5.2755,7.2204,0.7402,181,6.57,
414,poppin_party,夏のドーン！,221.35,6.5532,5.1444,7.3833,0.8438,147,6.19,
413,poppin_party,HAPPY HAPPY PARTY!,282.45,6.3157,5.4953,7.0136,0.5818,188,7.78,
412,poppin_party,1000回潤んだ空,330.77,5.3145,4.4197,6.2684,0.7418,221,9.19,
415,poppin_party,キミにもらったもの,235.43,4.9144,4.1936,5.7985,0.6297,157,6.84,
416,poppin_party,Light Delight,308.83,5.5483,4.5565,6.5057,0.7019,206,8.16,
417,poppin_party,切ないSandglass,246.47,5.7597,4.7556,6.5478,0.6704,164,6.91,
418,poppin_party,Home Street,228.0,6.3634,5.2233,7.1299,0.7736,152,5.34,
420,poppin_party,SAKURA MEMORIES,254.6,5.8112,4.8828,6.8267,0.7736,170,6.87,
419,poppin_party,What's the POPIPA!?,278.67,5.9874,4.7944,6.9043,0.8191,186,7.82,
421,poppin_party,アニバーサリー,273.83,6.3474,5.5203,6.9287,0.6216,183,7.54,
422,poppin_party,Tomorrow's Door,247.6,5.7107,4.7572,6.537,0.6757,165,6.74,
423,poppin_party,イントロダクション,221.4,6.2268,5.0794,6.9237,0.6829,147,6.35,
424,poppin_party,TARINAI,219.63,6.1878,5.1733,6.9857,0.7064,146,5.4,
425,poppin_party,DOKI DOKI SCARY,240.36,6.1628,5.2039,7.0493,0.6674,160,5.75,
426,poppin_party,Photograph,258.07,5.9332,4.8413,6.702,0.687,172,6.76,
429,poppin_party,星の約束,245.13,5.6576,4.6503,6.4096,0.6839,163,6.76,
427,poppin_party,夏に閉じこめて,261.64,5.408,4.6653,6.2821,0.614,174,7.52,
428,poppin_party,ぽっぴん'どりーむ！,269.77,6.1131,5.2168,6.8909,0.6769,180,7.34,
430,poppin_party,新しい季節に,211.8,6.1237,5.4405,6.6966,0.5046,141,6.12,
431,poppin_party,トレモロアイズ,241.4,5.8595,5.0806,6.6946,0.6617,161,5.41,
432,poppin_party,雨上がり、キミと,265.91,5.8112,5.0808,6.4456,0.5943,177,7.21,
435,poppin_party,Sweets BAN!,255.87,6.1405,4.967,6.8826,0.7365,170,7.11,
433,poppin_party,花咲く未来に,276.13,6.1018,5.2562,6.7108,0.5536,184,7.74,
436,poppin_party,キミが始まる！,218.23,5.8724,5.0142,6.5008,0.5703,145,6.47,
434,poppin_party,Live Beyond!!,314.6,5.5415,4.5027,6.3458,0.702,210,8.43,
437,poppin_party,Moonlight Walk,226.57,5.486,4.6251,6.4191,0.698,151,6.51,
440,poppin_party,Future Place,232.97,6.4131,5.6743,6.997,0.5764,155,6.48,
438,poppin_party,ここから先は歌にならない,277.6,6.2864,5.1965,6.9296,0.666,185,7.96,
441,poppin_party,大好き！,247.46,5.969,4.5838,6.6883,0.787,165,7.31,
439,poppin_party,青春 To Be Continued,256.37,6.1308,5.3225,6.9316,0.6207,171,7.47,
442,poppin_party,Five Letters,249.23,5.8859,4.6769,6.7686,0.7546,166,7.22,
443,poppin_party,最強☆ソング,255.13,5.9067,5.2071,6.7239,0.6209,170,6.87,
446,poppin_party,とっておきAnswer,196.8,6.0559,5.1674,6.8112,0.6216,131,4.46,
444,poppin_party,RiNG A BELL,261.07,6.1462,5.0665,7.0658,0.7562,174,6.97,
447,poppin_party,START!! True dreams,242.88,5.555,4.4765,6.1213,0.6191,162,6.48,
448,poppin_party,どきどきデエト,217.33,5.9977,5.0582,6.7537,0.6622,145,6.03,
445,poppin_party,Drive Your Heart,268.87,5.7425,4.9671,6.4774,0.6112,179,7.66,
449,poppin_party,チョコレイトの低音レシピ,271.02,6.4836,5.5732,7.2742,0.6674,181,6.61,
450,poppin_party,Chu Chueen!,229.9,5.7583,4.6855,6.4751,0.7349,153,5.93,
453,poppin_party,Game Changer,195.77,6.0567,4.8181,6.9561,0.7948,130,5.5,
454,poppin_party,花園電気ギター！！！,199.06,6.1051,4.8651,6.8387,0.7833,132,5.42,
451,poppin_party,どきどきSING OUT!,248.18,6.4677,5.6076,7.2506,0.6927,165,6.53,
452,poppin_party,Freedom,264.57,5.5865,4.6314,6.34,0.6578,176,6.78,
455,poppin_party,す、好きなんかじゃない！,236.94,6.2388,5.161,7.0398,0.7697,158,6.1,
456,poppin_party,遠い音楽 ～ハートビート～,243.16,6.2377,5.2875,6.9503,0.6707,162,6.42,
457,poppin_party,ほな！,227.2,6.7168,5.728,7.341,0.6653,151,5.69,
458,poppin_party,世界中の青空をあつめて,230.4,5.9117,4.9162,6.5615,0.6348,153,5.9,
459,poppin_party,勇気Limit！,222.64,6.2332,5.3223,7.0287,0.6573,148,5.78,
460,poppin_party,開けたらDream!,309.03,6.1798,5.2932,7.1136,0.7519,206,7.38,
461,poppin_party,絆色のアンサンブル,312.1,5.8945,4.75,6.6639,0.7282,208,7.37,
463,poppin_party,ちゅ、多様性。 (Cover),188.09,5.8485,4.8163,6.5681,0.6948,125,4.96,
464,poppin_party,フィクション (Cover),232.0,6.4172,5.7495,6.9921,0.5545,154,6.13,
465,poppin_party,幾億光年 (Cover),275.4,6.0381,5.1817,6.6979,0.5948,184,7.31,
462,poppin_party,NO GIRL NO CRY (Poppin'Party Ver.),312.8,6.1952,5.2441,7.0397,0.6652,209,8.93,
467,poppin_party,じょいふる (Cover),194.6,6.6078,5.9172,7.3988,0.6334,129,5.71,
466,poppin_party,心絵 (Cover),256.67,5.4605,4.8534,6.2476,0.5389,171,7.0,
468,poppin_party,MATSURI BAYASHI (Cover),231.13,6.1319,4.9914,6.8082,0.7683,154,6.13,
470,poppin_party,トウキョウ・シャンディ・ランデヴ (Cover),186.87,6.4971,5.5964,7.1149,0.569,124,4.73,
469,poppin_party,私は最強 (Cover),257.93,5.7323,4.8,6.7149,0.7046,172,7.14,
471,poppin_party,夜行性ハイズ (Cover),226.0,6.0897,4.5848,6.7884,0.7888,150,5.95,
472,poppin_party,メランコリック (Cover),220.97,5.9246,5.0289,6.7628,0.6907,147,5.91,
473,poppin_party,怪獣の花唄 (Cover),223.1,5.959,5.416,6.5931,0.4572,148,5.84,
474,poppin_party,光るなら (Cover),253.77,6.4581,5.5331,7.0863,0.6451,169,6.11,
475,poppin_party,ミュージック・アワー (Cover),280.83,6.5295,5.5735,7.1753,0.7618,187,8.22,
476,poppin_party,only my railgun (Cover),253.27,5.7063,3.9573,6.4746,1.0253,169,7.52,
478,poppin_party,Daydream café (Cover),229.03,6.3969,5.6083,6.9798,0.579,152,7.09,
477,poppin_party,ロミオとシンデレラ (Cover),280.33,6.4279,5.518,7.1757,0.6492,187,8.31,
479,poppin_party,君じゃなきゃダメみたい (Cover),239.73,5.6918,4.6857,6.3957,0.6868,160,7.18,
480,poppin_party,＊〜アスタリスク〜 (Cover),252.67,6.0072,4.9989,6.5938,0.6714,168,6.37,
482,poppin_party,檄！帝国華撃団 (Cover),184.6,6.4148,5.3436,7.3639,0.7747,123,4.06,
481,poppin_party,DAYS of DASH (Cover),253.67,6.0982,5.2208,6.8443,0.6657,169,6.25,
483,poppin_party,DAYS (Cover),235.1,5.8315,5.1884,6.696,0.6417,157,6.5,
486,poppin_party,ヴァンパイア (Cover),182.17,6.3499,5.4582,6.9748,0.6256,121,5.62,
484,poppin_party,ディスカバリー！ (Cover),278.23,6.1477,4.8436,7.0481,0.8617,185,7.42,
485,poppin_party,チェリボム (Cover),246.4,5.6467,4.9225,6.1971,0.5097,164,6.94,
487,poppin_party,怪物 (Cover),206.57,5.9379,5.2338,6.5761,0.5713,137,5.85,
488,poppin_party,大河よ共に泣いてくれ (Cover),207.67,5.6796,4.8103,6.5072,0.7288,138,4.77,
489,poppin_party,空色デイズ (Cover),253.83,5.8261,4.7161,6.6416,0.6953,169,6.19,
490,raise_a_suilen,Invincible Fighter,250.87,5.6904,4.4815,6.4849,0.7759,167,6.82,
492,raise_a_suilen,SOUL SOLDIER,239.93,5.1682,3.6847,6.0339,0.8805,160,6.5,
493,raise_a_suilen,UNSTOPPABLE,230.5,5.7203,4.8662,6.4292,0.7255,153,6.08,
491,raise_a_suilen,A DECLARATION OF ×××,315.77,5.2599,4.2271,6.3024,0.8184,211,7.96,
494,raise_a_suilen,HELL! or HELL?,282.34,5.3112,4.1349,6.3253,0.7812,188,7.36,
495,raise_a_suilen,Beautiful Birthday,256.1,5.3479,4.3859,6.0974,0.703,171,6.71,
497,raise_a_suilen,DRIVE US CRAZY,245.67,4.8003,3.6594,6.0173,0.914,164,6.5,
496,raise_a_suilen,Takin’ my Heart,286.93,5.0947,3.9855,6.5985,0.9347,191,7.76,
498,raise_a_suilen,!NVADE SHOW!,265.67,5.3383,4.2677,6.088,0.6978,177,7.09,
499,raise_a_suilen,REIGNING,249.4,4.961,4.1567,5.8122,0.6507,166,6.83,
500,raise_a_suilen,EXPOSE ‘Burn out!!!’,283.74,5.6169,4.5776,6.3309,0.8075,189,7.25,
502,raise_a_suilen,V.I.P MONSTER,241.9,4.5337,3.4759,5.5905,0.8328,161,6.32,
504,raise_a_suilen,Ray of hope,190.77,4.7741,3.8358,5.7352,0.7354,127,5.85,
501,raise_a_suilen,R・I・O・T,301.5,5.279,4.3829,6.0652,0.6507,201,9.13,
503,raise_a_suilen,mind of Prominence,266.23,4.7612,3.7786,5.6953,0.7479,177,7.18,
505,raise_a_suilen,EXIST,238.47,5.1048,3.9929,5.9994,0.7579,159,6.74,
506,raise_a_suilen,Sacred world,300.83,5.5771,4.5539,6.3415,0.7822,201,8.42,
508,raise_a_suilen,DANCING DARING,215.07,5.1895,3.9699,6.0915,0.8341,143,5.66,
507,raise_a_suilen,-N-E-M-E-S-I-S-,267.8,4.4186,2.9817,5.2662,0.9476,178,7.12,
509,raise_a_suilen,BATTLE CRY,234.37,4.9833,3.9485,5.9338,0.7762,156,6.26,
511,raise_a_suilen,THE WAY OF LIFE,238.2,5.2626,4.3792,6.1884,0.7338,159,6.35,
510,raise_a_suilen,Domination to world,258.2,4.6297,3.3981,5.6301,0.8336,172,6.82,
512,raise_a_suilen,灼熱 Bonfire!,224.8,5.1275,4.1808,5.9445,0.7676,150,4.87,
513,raise_a_suilen,Repaint,234.6,5.6732,4.7505,6.6094,0.7643,156,5.55,
514,raise_a_suilen,Life on the Lotus,243.33,4.7336,3.5071,5.8628,0.9253,162,5.96,
515,raise_a_suilen,CORUSCATE -DNA-,287.43,5.3959,4.3411,6.1477,0.7103,192,7.48,
516,raise_a_suilen,That Is How I Roll!,265.87,5.9861,4.7359,6.7224,0.7456,177,6.97,
517,raise_a_suilen,しゅわりん☆どり～みん,265.34,6.208,5.0068,7.0303,0.7989,177,7.41,
520,raise_a_suilen,Don't be afraid!,143.9,6.0103,4.5914,6.8971,0.8723,95,3.83,
518,raise_a_suilen,パスパレボリューションず☆,231.72,6.388,5.6187,6.9611,0.603,154,6.84,
519,raise_a_suilen,えがおのオーケストラっ！,255.57,6.2103,4.6518,6.7588,0.7945,170,6.35,
522,raise_a_suilen,Hey-day狂騒曲(カプリチオ),241.23,5.9572,5.2332,7.0034,0.8039,161,5.57,
523,raise_a_suilen,Scarlet Sky,246.47,6.2183,5.5077,6.9274,0.6123,164,6.91,
521,raise_a_suilen,ゆら・ゆらRing-Dong-Dance,294.87,5.9914,4.8947,6.545,0.6745,197,7.97,
524,raise_a_suilen,ゴーカ！ごーかい！？ファントムシーフ！,242.37,6.1924,5.0253,6.9269,0.6902,161,6.29,
526,raise_a_suilen,That Is How I Roll! (ライブ / アンコール),283.0,5.8684,4.7308,6.5845,0.7398,189,6.97,
528,raise_a_suilen,Apocalypse,252.6,4.9024,3.7378,6.0542,0.856,168,6.74,
527,raise_a_suilen,R･I･O･T (ライブ / アンコール),348.13,5.5829,4.4363,6.4241,0.7594,232,9.12,
529,raise_a_suilen,TWIN TALE,217.51,4.9561,3.8114,5.972,0.8273,145,6.05,
531,raise_a_suilen,BERSER-KEY,230.97,5.2298,4.5824,6.0509,0.5988,154,6.55,
530,raise_a_suilen,STRAY CERBERUS,256.13,4.7857,3.8406,5.5018,0.7276,171,6.86,
532,raise_a_suilen,POLARIS,271.63,5.1162,4.214,6.0758,0.7607,181,6.5,
534,raise_a_suilen,VIVID FIRST TIME,229.97,5.4177,4.3464,6.6,0.9063,153,5.76,
533,raise_a_suilen,HOWLING AMBITION,258.57,4.8789,3.8836,5.8006,0.8125,172,7.64,
536,raise_a_suilen,Drown Out the Noise and Push Through the Trash,216.04,4.8352,3.692,5.7273,0.8202,144,5.51,
535,raise_a_suilen,'FIGHT' ADDICT,231.6,5.665,4.564,6.5845,0.8008,154,6.54,
537,raise_a_suilen,FIVE as ONE,255.16,5.0026,4.2087,5.9294,0.6416,170,6.56,
538,raise_a_suilen,EXPOSE 'Burn out!!!' (English),283.73,5.2082,4.1176,5.9225,0.8387,189,7.08,
541,raise_a_suilen,WHAT AN EXPLOSION,190.9,4.7455,3.5645,5.8172,0.8195,127,4.63,
539,raise_a_suilen,Takin' my Heart (English),285.0,5.068,3.9854,6.2966,0.8522,190,8.78,
542,raise_a_suilen,RUNAWAY STAR,228.9,5.4285,4.6287,6.2528,0.602,152,6.62,
540,raise_a_suilen,WELCOME TO PANDEMONIUM,254.83,5.1687,4.1549,5.8562,0.6543,170,7.2,
543,raise_a_suilen,Bad Kids All Bet,228.2,5.1694,4.2117,6.0186,0.6676,152,6.25,
544,raise_a_suilen,Light a fire,269.0,4.9499,4.2082,5.7635,0.6385,179,6.84,
545,raise_a_suilen,Embrace of light,271.97,5.0335,4.3239,5.7016,0.512,181,7.62,
548,raise_a_suilen,ラスハピーポー！,200.37,5.7721,4.8553,6.4875,0.6805,133,5.64,
549,raise_a_suilen,1/3の純情な感情 (Cover),222.9,5.4503,4.3401,6.1117,0.725,148,6.45,
546,raise_a_suilen,OUTSIDER RODEO,269.07,5.4429,4.2424,6.336,0.8549,179,7.21,
547,raise_a_suilen,JUST THE WAY I AM,258.7,5.0626,4.0,5.974,0.8056,172,7.24,
550,raise_a_suilen,ヒトリノ夜 (Cover),237.8,5.3842,4.3143,6.2553,0.7943,158,6.18,
553,raise_a_suilen,Bling-Bang-Bang-Born (Cover),168.7,5.3356,4.7225,5.9367,0.5369,112,3.96,
554,raise_a_suilen,第六感 (Cover),193.27,5.7612,4.6729,6.6344,0.7656,128,5.23,
555,raise_a_suilen,革命道中 (Cover),198.17,5.5407,4.4968,6.3293,0.6991,132,5.47,
552,raise_a_suilen,メギツネ (Cover),250.83,4.1434,2.8495,5.2092,0.9432,167,7.37,
556,raise_a_suilen,Get Wild (Cover),199.63,4.8393,3.9941,5.5603,0.623,133,5.64,
551,raise_a_suilen,激動 (Cover),333.6,5.4062,3.9937,6.3173,0.9264,223,9.2,
557,raise_a_suilen,ボッカデラべリタ (Cover),201.84,5.4052,2.5141,6.4472,1.554,134,4.83,
559,raise_a_suilen,劣等上等 (Cover),237.07,4.9085,3.8323,5.9176,0.785,158,6.79,
560,raise_a_suilen,Just Awake (Cover),222.97,4.4273,3.4439,5.4635,0.8042,148,6.96,
558,raise_a_suilen,第ゼロ感 (Cover),288.77,4.8631,4.186,5.7079,0.6055,193,8.39,
561,raise_a_suilen,Keep the Heat and Fire Yourself Up (Cover),205.84,4.9139,3.9523,5.9572,0.9033,137,6.54,
562,raise_a_suilen,ボッカデラベリタ (Cover),202.0,5.1595,2.4643,6.2102,1.4764,134,6.63,
563,raise_a_suilen,VORACITY (Cover),207.53,5.1778,4.1237,6.0848,0.7575,138,6.17,
564,raise_a_suilen,神っぽいな (Cover),204.3,5.5704,4.6591,6.5213,0.7598,136,4.13,
565,raise_a_suilen,狂乱 Hey Kids!! (Cover),249.9,5.2432,4.1936,6.266,0.8135,166,6.24,
566,raise_a_suilen,SAVIOR OF SONG (Cover),249.2,5.5393,4.7005,6.4915,0.7183,166,6.18,
567,raise_a_suilen,恋しさとせつなさと心強さと (Cover),250.73,5.8397,5.0098,6.6117,0.6427,167,6.69,
569,raise_a_suilen,CORE PRIDE (Cover),257.23,5.2213,4.3252,6.1276,0.7269,171,6.64,
568,raise_a_suilen,DEPARTURES (Cover),332.93,5.6624,4.944,6.6223,0.6743,222,8.0,
570,roselia,Neo-Aspect,307.29,5.3767,4.6154,6.1863,0.6119,205,8.34,
571,roselia,BLACK SHOUT,247.05,5.513,4.6499,6.3363,0.6479,165,6.98,
572,roselia,Opera of the wasteland,284.8,5.4116,4.7696,5.9979,0.5189,190,7.87,
574,roselia,ONENESS,239.23,5.4326,4.742,5.9931,0.562,159,6.81,
573,roselia,陽だまりロードナイト,289.84,5.9385,4.9649,6.8682,0.7471,193,8.16,
575,roselia,Re:birth day,268.73,5.6171,4.6945,6.8185,0.8202,179,7.33,
577,roselia,- HEROIC ADVENT -,222.1,6.0588,4.9717,6.8874,0.7461,148,5.7,
576,roselia,Legendary,291.98,5.6552,5.0007,6.4557,0.5929,195,7.21,
581,roselia,LOUDER,216.22,5.5489,4.7673,6.5125,0.7023,144,6.46,
578,roselia,Determination Symphony,281.89,5.5781,4.7598,6.5125,0.6428,188,7.94,
579,roselia,熱色スターマイン,280.28,5.8195,4.8451,6.6691,0.7195,187,7.58,
580,roselia,軌跡,312.53,5.1243,4.3451,6.3333,0.7553,209,7.87,
583,roselia,BRAVE JEWEL,247.46,5.7256,4.7104,6.5067,0.687,165,6.6,
582,roselia,R,285.3,5.5442,4.5302,6.4002,0.7212,190,7.58,
585,roselia,Safe and Sound,258.53,5.6414,4.7311,6.4455,0.6825,172,6.65,
587,roselia,Break your desire,261.37,5.4559,4.7211,6.3413,0.5944,174,7.22,
586,roselia,Avant-garde HISTORY,306.8,5.4512,4.6105,6.3581,0.6684,205,8.25,
584,roselia,FIRE BIRD,360.33,5.0053,4.0885,5.9037,0.7009,241,9.23,
589,roselia,約束,304.6,5.6365,4.6922,6.4789,0.6533,203,8.66,
590,roselia,"""UNIONS"" Road",309.27,5.6035,4.7354,6.2723,0.5989,206,8.78,
591,roselia,Song I am.,242.57,5.0156,4.1452,5.7344,0.6881,162,7.07,
592,roselia,Sage der Rosen,244.97,5.3148,3.9844,6.0458,0.7688,163,7.25,
593,roselia,覚悟のLiberation,260.83,5.3173,3.9596,5.9837,0.757,174,7.28,
594,roselia,Keep Heart,246.0,5.7561,4.7094,6.536,0.6652,164,6.72,
595,roselia,Original Call,225.33,5.2641,4.6546,6.1289,0.579,150,5.88,
596,roselia,Always recall.,252.33,5.1444,4.2309,6.1843,0.7783,168,6.47,
597,roselia,Floral Haven,281.93,4.7539,4.026,5.6715,0.6435,188,7.28,
599,roselia,閃光,218.6,5.9322,5.193,6.6253,0.5722,145,5.69,
598,roselia,Sprechchor,310.0,5.3453,4.3911,6.2256,0.7019,207,7.72,
600,roselia,THE HISTORIC...,271.3,5.1755,4.2959,5.9626,0.7098,181,7.17,
602,roselia,廻廻奇譚,221.24,5.6129,4.3889,6.5568,0.8309,147,5.85,
601,roselia,ROZEN HORIZON,366.57,5.2717,4.4755,6.3709,0.8021,245,10.03,
604,roselia,Synchrogazer,266.74,5.2919,4.1754,6.1493,0.7677,178,7.13,
606,roselia,Dazzle the Destiny,241.17,5.4348,4.7221,5.9349,0.5362,161,7.5,
603,roselia,鳥の詩,356.8,6.1096,5.0427,7.0026,0.7126,238,9.8,
607,roselia,Grateful Melting,217.27,5.2419,4.4171,6.1397,0.6527,145,6.5,
605,roselia,名前のない怪物,301.27,5.5628,4.2749,6.7733,0.9501,201,8.52,
608,roselia,Second to None,233.73,5.4375,3.4966,6.3834,1.0919,156,5.93,
609,roselia,Steadfast Spirits,224.89,5.5665,4.3244,6.1924,0.6923,150,5.95,
610,roselia,紫炎,221.37,5.5517,4.8681,6.4504,0.6007,147,5.7,
611,roselia,XV,235.07,5.4239,4.6457,6.2888,0.6527,156,6.42,
613,roselia,Fear Nothing,228.97,5.0585,4.121,5.8714,0.672,152,5.98,
612,roselia,Blessing Chord,277.2,5.7834,4.705,6.6167,0.7388,185,6.69,
614,roselia,PASSIONATE ANTHEM,242.97,5.7758,4.6312,6.5343,0.752,162,6.46,
615,roselia,Requiem for Fate,238.37,5.2583,4.2265,6.2615,0.7764,159,5.82,
617,roselia,Sunlit Musical,232.07,5.7135,4.5947,6.5541,0.766,154,5.71,
618,roselia,Talk to My Tone,245.97,5.4772,4.7663,6.1695,0.5724,164,6.46,
619,roselia,一逢のFull Glory,232.43,5.4394,4.5412,6.206,0.629,155,6.57,
616,roselia,Sanctuary,310.93,5.3829,4.6056,6.041,0.5802,207,8.51,
620,roselia,礎の花冠,246.93,5.4325,4.339,6.3159,0.7421,164,6.49,
621,roselia,FRONTIER FANTASIA,262.53,5.7903,4.5172,6.664,0.8154,175,7.01,
622,roselia,Dear Gleam,253.47,5.321,4.3706,6.0137,0.598,169,5.64,
623,roselia,Call the shots,265.33,5.7539,4.5398,6.4269,0.7394,177,6.32,
625,roselia,VIOLET LINE,290.73,5.1109,4.3403,5.9789,0.6598,194,7.15,
624,roselia,THRONE OF ROSE,312.37,5.4548,4.7004,6.0956,0.5521,208,8.34,
627,roselia,ZEAL of proud,279.07,5.0962,4.0702,6.1096,0.7983,186,7.29,
626,roselia,Ringing Bloom,334.87,5.2931,4.1685,6.0904,0.7117,224,9.32,
628,roselia,Singing “OURS”,316.2,5.3349,4.51,6.2733,0.705,211,8.59,
629,roselia,競宴Red×Violet,263.47,5.915,5.092,6.6368,0.6353,176,7.98,
630,roselia,overtuRe,244.13,5.6578,4.6897,6.4397,0.6729,163,7.01,
631,roselia,Proud of oneself,235.77,5.7516,4.7777,6.528,0.6537,157,6.28,
632,roselia,Sing Alive,315.4,5.2218,4.3741,5.9429,0.6191,210,8.49,
635,roselia,ヒバナ -Reloaded- (Cover),205.27,5.7913,4.379,6.6379,0.8764,136,5.65,
633,roselia,Swear ～Night & Day～,304.02,4.6739,4.0577,5.2526,0.4906,203,8.63,
634,roselia,Reweave (Cover),238.13,5.4012,4.2932,6.1262,0.7225,159,7.47,
636,roselia,ファタール (Cover),220.84,5.911,4.8116,6.7221,0.7748,147,6.51,
637,roselia,HONEY (Cover),227.6,6.0345,4.7024,6.9978,0.9305,151,6.53,
638,roselia,悪魔の子 (Cover),227.17,4.9087,4.0718,6.0175,0.7538,151,5.68,
639,roselia,slash (Cover),241.13,5.3309,4.5348,6.2189,0.6401,161,5.97,
641,roselia,乙女解剖 (Cover),224.1,6.0539,5.1455,6.6853,0.6632,149,6.2,
642,roselia,六兆年と一夜物語 (Cover),216.37,5.8187,4.4603,6.7345,0.8589,144,5.97,
640,roselia,右肩の蝶 (Cover),276.5,5.6603,4.394,6.3053,0.7178,184,7.21,
643,roselia,残酷な天使のテーゼ (Cover),261.8,5.5583,4.3456,6.7254,0.9026,174,6.46,
644,roselia,海色 (Cover),256.83,5.8293,4.7842,6.7479,0.7654,171,6.0,
646,roselia,魂のルフラン (Cover),269.53,5.6485,4.6858,6.7906,0.7724,180,7.79,
645,roselia,ETERNAL BLAZE (Cover),309.2,5.901,4.8205,6.7201,0.755,206,8.74,
649,roselia,シャルル (Cover),232.63,6.2381,5.4366,7.0076,0.6592,155,7.32,
648,roselia,スカイクラッドの観測者 (Cover),273.8,5.8234,4.4826,6.8618,0.8943,183,8.06,
647,roselia,This game (Cover),283.63,6.1315,5.0613,7.0025,0.7178,189,8.23,
650,roselia,新時代 (Cover),226.63,6.0762,4.6413,7.3294,1.0128,151,6.36,
652,roselia,Red fraction (Cover),201.0,5.3163,4.1073,6.3569,0.7845,134,4.62,
651,roselia,革命デュアリズム (Cover),237.43,5.9023,5.1276,6.4758,0.5054,158,6.27,
654,roselia,Paradisus‐Paradoxum (Cover),232.67,5.386,4.3589,6.2731,0.7401,155,6.52,
655,roselia,Realize (Cover),246.13,5.0382,3.7311,6.3202,0.9623,164,7.07,
653,roselia,深愛 (Cover),273.23,5.6085,4.7557,6.4744,0.6268,182,7.26,
656,roselia,Preserved Roses (Cover),210.63,6.2658,5.3201,6.9276,0.6649,140,6.28,
659,roselia,KING (Cover),134.73,5.3953,4.1145,6.524,0.9532,89,2.45,
658,roselia,Shangri-La (Cover),239.0,5.8389,4.7668,6.5704,0.7045,159,6.21,
657,roselia,My Dearest (Cover),337.13,5.9667,5.1073,6.7293,0.6159,225,9.25,
661,mygo,羅永線,233.64,5.1974,4.4478,5.8997,0.557,156,6.4,
660,mygo,素寄曲,238.73,5.5973,5.0397,6.2149,0.4964,159,6.48,
662,mygo,騒混出,227.31,5.2019,4.4237,5.8966,0.5901,151,6.15,
663,morfonica,深海少女 (Cover),218.13,5.7463,4.3931,6.7114,0.8939,145,3.21,
664,mugendai_mutype,等身大あんりみてっど,168.73,6.0627,5.4492,6.7265,0.5174,112,2.05,
665,mugendai_mutype,好きになっちゃえ！,207.77,5.1988,4.4199,6.0257,0.6348,138,2.65,
666,mugendai_mutype,YoU kNOw the overture,174.0,5.8119,5.0006,6.5808,0.6024,115,2.07,
667,mugendai_mutype,唱 (Cover),194.61,5.4498,4.6471,6.3232,0.6744,129,2.47,
668,mugendai_mutype,インキャのキャキャキャ (Cover),220.61,5.9404,5.2815,6.5928,0.5168,147,3.04,
669,mugendai_mutype,デビルじゃないもん (Cover),164.0,6.0393,5.1436,6.7897,0.6662,109,2.3,
670,mugendai_mutype,エイリアンエイリアン (Cover),197.63,6.0948,5.389,6.7092,0.6068,131,2.71,
671,mugendai_mutype,ぼくたちいつでも しゅわっしゅわ！ (Cover),184.62,6.1922,5.5166,6.7887,0.5787,123,2.45,
673,mugendai_mutype,ビッグマウス feat.りむる (Cover),173.76,5.222,4.4322,6.0082,0.6285,115,2.0,
672,mugendai_mutype,回レ!雪月花 (Cover),234.52,5.9939,5.2568,6.6676,0.5631,156,2.86,
674,mugendai_mutype,KiLLKiSS (Cover),207.66,5.1629,4.2311,6.4441,0.8161,138,3.07,
675,mugendai_mutype,君が飛び降りるのならば (Cover),173.78,5.9134,4.7751,6.8188,0.8188,115,2.38,
677,mugendai_mutype,パラレルラルラ (Cover),157.99,5.9921,5.0261,6.5739,0.6474,105,1.62,
676,mugendai_mutype,地球最後の告白を (Cover),267.18,4.7317,4.1837,5.5604,0.5472,178,3.21,
678,mugendai_mutype,夜もすがら君想ふ (Cover),236.77,6.3026,5.8287,6.783,0.4049,158,3.52,
679,mugendai_mutype,ジレンマ (Cover),167.26,6.0713,5.36,6.6425,0.5215,111,2.3,
681,mugendai_mutype,メンタルチェンソー (Cover),177.6,6.091,5.4908,6.6098,0.4538,118,1.94,
680,mugendai_mutype,glow (Cover),287.63,4.6899,4.2778,5.2474,0.388,192,3.54,
683,mugendai_mutype,フォニイ (Cover),189.56,5.675,5.0148,6.5106,0.5677,126,2.81,
682,mugendai_mutype,ホシアイ (Cover),286.67,5.2462,4.4612,5.8568,0.5624,191,4.18,
684,mugendai_mutype,ELECT (Cover),193.4,5.7095,4.8202,6.3208,0.6488,128,2.05,
685,mugendai_mutype,ユキトキ (Cover),273.11,6.024,4.7474,6.6549,0.7058,182,3.36,
686,mugendai_mutype,スイートマジック (Cover),216.56,5.4938,4.6642,6.3429,0.6757,144,2.87,
687,mugendai_mutype,少年よ我に帰れ (Cover),390.02,5.3864,4.1887,5.9752,0.6704,261,5.32,
688,mugendai_mutype,One Last Kiss (Cover),259.56,4.8011,3.9367,5.5473,0.5741,173,3.89,
689,mugendai_mutype,ミルククラウン・オン・ソーネチカ (Cover),215.23,6.1316,4.9922,7.0888,0.8071,143,2.36,
690,mugendai_mutype,決戦スピリット (Cover),272.56,5.3979,4.3911,6.0322,0.5911,182,3.3,
691,mugendai_mutype,ティアドロップス (Cover),216.55,5.7134,4.4373,6.4927,0.7644,144,2.8,
692,mugendai_mutype,ロウワー (Cover),230.93,5.9446,5.1097,6.6405,0.6205,154,2.91,
693,mugendai_mutype,ハイドアンド・シーク (Cover),265.53,5.9387,5.153,6.5228,0.5131,177,3.36,
694,mugendai_mutype,不可解 (Cover),277.76,5.704,4.9062,6.3122,0.5531,185,3.75,
695,mugendai_mutype,GURU (Cover),191.51,5.9606,4.856,6.5571,0.6481,127,2.74,
696,mugendai_mutype,経験値上昇中☆ (Cover),231.84,5.329,4.7983,6.0649,0.5024,154,2.86,
697,mugendai_mutype,翼をください (Cover),218.99,4.4047,4.0686,5.1279,0.4356,146,2.89,
698,mugendai_mutype,元気を出して (Cover),290.01,5.1022,4.5198,5.6467,0.4417,193,3.95,
699,mugendai_mutype,ハッピー☆マテリアル (Cover),224.87,6.2773,5.2399,6.9664,0.6501,150,3.22,
700,mugendai_mutype,時をかける少女 (Cover),232.04,5.5617,4.8018,6.2347,0.5545,154,2.95,
701,mugendai_mutype,TOMORROW (Cover),289.37,5.782,4.8457,6.6519,0.6738,193,3.58,
703,mugendai_mutype,CH4NGE (Cover),139.41,5.2632,4.5815,5.908,0.5255,92,1.76,
702,mugendai_mutype,PARTY☆NIGHT（D-POP version） (Cover),320.39,6.5699,5.3091,7.214,0.7845,214,4.29,
704,mugendai_mutype,絶え間なく藍色 (Cover),221.1,6.0121,5.1811,7.0238,0.7113,147,3.65,
705,mugendai_mutype,撫でんな (Cover),187.45,5.8979,4.9914,6.5615,0.6222,124,3.13,
706,mugendai_mutype,なにやってもうまくいかない (Cover),151.04,5.6674,4.6194,6.4533,0.7143,100,2.4,
707,mugendai_mutype,マーシャル・マキシマイザー (Cover),162.12,5.7726,5.2089,6.3277,0.4769,107,2.86,
708,mugendai_mutype,ZEAL of proud (Cover),279.23,5.0779,4.2552,6.1083,0.706,186,5.52,
709,mugendai_mutype,繰り返し一粒 (Cover),256.0,5.7626,4.7605,6.319,0.5864,171,4.82,
710,poppin_party,乙女はサイコパス (Cover),256.88,6.02,4.6946,6.8028,0.7422,171,4.27,
711,roselia,Neo-Aspect,310.3,5.483,4.6953,6.0296,0.5521,207,5.39,
712,millsage,カーネーションの咲く日に,238.0,5.2913,4.2538,6.0555,0.6738,158,3.91,
713,mugendai_mutype,唱 (Cover),194.61,5.4498,4.6471,6.3232,0.6744,129,2.78,
715,mugendai_mutype,デビルじゃないもん (Cover),164.0,6.0393,5.1436,6.7897,0.6662,109,2.54,
714,mugendai_mutype,インキャのキャキャキャ (Cover),220.61,5.9404,5.2815,6.5928,0.5168,147,3.17,
717,mugendai_mutype,ぼくたちいつでも しゅわっしゅわ！ (Cover),184.62,6.1922,5.5166,6.7887,0.5787,123,2.41,
716,mugendai_mutype,エイリアンエイリアン (Cover),197.63,6.0948,5.389,6.7092,0.6068,131,2.59,
719,mugendai_mutype,ビッグマウス feat.りむる (Cover),173.76,5.222,4.4322,6.0082,0.6285,115,2.09,
718,mugendai_mutype,回レ!雪月花 (Cover),234.52,5.9939,5.2568,6.6676,0.5631,156,2.8,
720,mugendai_mutype,KiLLKiSS (Cover),215.32,5.164,4.2281,6.4604,0.8211,143,3.13,
721,mygo,二息歩行 (Reloaded) (Cover),198.01,6.0612,4.6151,6.8762,0.826,132,2.69,
722,mygo,社会距離 (Cover),243.25,6.5373,5.6726,7.2645,0.6246,162,3.09,
723,mygo,君の神様になりたい。 (Cover),253.33,5.4668,4.2516,6.3112,0.8803,169,3.19,
724,mygo,Henceforth (Cover),234.3,6.2388,4.8793,6.945,0.7237,156,3.06,
725,mygo,ティアドロップス (Cover),215.05,6.3512,5.4693,7.0086,0.6254,143,2.84,
726,mygo,遠心力 (Cover),197.48,6.1543,5.2237,6.7997,0.6281,131,2.56,
727,mygo,ないばいたりてぃ (Cover),213.02,6.226,5.3876,6.9233,0.6213,142,2.66,
729,mygo,もしも命が描けたら (Cover),201.94,5.3461,4.667,5.7558,0.4555,134,2.57,
728,mygo,キリトリセン (Cover),237.25,6.1261,5.4611,6.7177,0.5613,158,3.09,
731,mygo,パメラ (Cover),194.6,6.0727,5.2877,6.7227,0.6182,129,2.56,
730,mygo,TEENAGE RIOT (Cover),223.77,5.7557,4.783,6.6978,0.7363,149,2.98,
733,mygo,シンデレラボーイ (Cover),231.64,5.735,4.8361,6.7395,0.7023,154,2.8,
732,mygo,栞 (Cover),262.97,5.337,4.8257,5.9649,0.4941,175,3.27,
735,mygo,正しくなれない (Cover),241.65,5.3029,4.5051,6.3537,0.6898,161,3.24,
734,mygo,少女レイ (Cover),288.8,5.9979,4.6965,7.0594,0.8369,193,3.76,
737,roselia,擬態ごっこ (Cover),147.55,5.9573,4.3712,6.7461,0.9427,98,1.45,
736,mygo,恋してる自分すら愛せるんだ (Cover),223.6,4.7352,4.0477,6.4427,0.8785,149,2.61,
