idx,band,song,i_mean,i_std,i_max,i_min,i_start,i_end
0,afterglow,ON YOUR MARK,0.12054,0.72580,1.22611,-0.66669,-0.03037,0.07349
1,afterglow,That Is How I Roll!,0.49796,0.82530,1.91718,-0.58242,0.85529,0.81895
2,afterglow,SENSENFUKOKU,0.09921,0.80883,1.40000,-0.88091,0.01079,0.19293
3,afterglow,I knew it!,0.02736,0.69909,1.04592,-0.79392,0.50725,0.00448
4,afterglow,ツナグ、ソラモヨウ,0.00049,0.79964,1.23416,-1.15989,-1.05496,0.34473
5,afterglow,Hey-day狂騒曲(カプリチオ),0.58697,0.95695,2.17963,-0.75530,-0.00205,0.82116
6,afterglow,"Easy come, Easy go!",0.00525,0.79209,1.19049,-0.94155,0.00678,0.30842
7,afterglow,Sasanqua,-0.07625,0.79608,1.15622,-1.07530,-0.33508,0.54732
8,afterglow,RED RED RED,0.00616,0.82488,1.15589,-1.10780,-0.71584,0.12569
9,afterglow,ONE OF US,0.14195,0.78777,1.39900,-0.96957,0.07030,0.37255
10,afterglow,Y.O.L.O!!!!!,0.55304,0.81412,1.91750,-0.54800,0.93058,0.82847
11,afterglow,Scarlet Sky,0.33391,0.73247,1.53209,-0.58625,0.03189,0.64428
12,afterglow,Off we go.,-0.15307,0.85789,1.26868,-1.24011,-0.14255,-0.27006
13,afterglow,いつも通りのBrand new days,0.07241,0.74161,1.30839,-0.83911,0.22776,0.63102
14,afterglow,SWITCH ON NOW,0.36943,0.76030,1.62131,-0.58411,0.54921,0.41821
15,afterglow,ランブリングメモリー,-0.01961,0.80991,1.21343,-0.97133,-0.29132,-0.11948
16,afterglow,COMIC PANIC!!!,0.39949,0.79278,1.69515,-0.73116,0.26349,0.48234
17,afterglow,Trouble Joyful!!,0.19483,0.77152,1.39024,-0.79162,0.35147,0.20585
18,afterglow,Jamboree!Journey!,0.05627,0.83655,1.44668,-1.08653,-0.62307,0.05746
19,afterglow,カナユメ,-0.34091,0.76650,0.83431,-1.30041,-0.49254,-0.23128
20,afterglow,独創収差,-0.03635,0.87721,1.16924,-1.46198,-0.40857,-0.64061
21,afterglow,極彩色,0.21249,0.86162,1.53061,-1.25801,-0.75097,0.29542
22,afterglow,サクラゼンセン,-0.11113,0.75004,0.98088,-1.15750,-0.48913,0.04219
23,afterglow,True color,0.09152,0.80333,1.39984,-0.97534,-0.16571,-0.03784
24,afterglow,Crow Song,0.37076,0.73412,1.47031,-0.54410,0.81139,0.33691
25,afterglow,カサブタ,0.05099,0.70174,1.12956,-0.74033,0.14308,0.33654
26,afterglow,アイのシナリオ,0.12352,0.86470,1.52752,-0.99613,0.45157,0.28986
27,afterglow,Northern lights,-0.12805,0.80057,1.06910,-1.08473,0.21067,-0.04039
28,afterglow,トーキョーワンダー。,-0.25183,0.89332,1.13956,-1.62483,-0.73427,-0.38906
29,afterglow,Reach Out To The Truth,0.41807,0.80787,1.86202,-0.53989,0.64088,0.63764
30,afterglow,Listen!!,0.07733,0.81170,1.45554,-0.92371,0.08664,0.24143
31,afterglow,青い栞,-0.50725,0.93702,1.00131,-1.69074,-0.81122,-0.81810
32,afterglow,イマジネーション,0.14638,0.86352,1.60520,-0.91765,0.23421,0.42391
33,afterglow,Butter-Fly,0.48023,0.67994,1.56089,-0.42950,0.64201,0.69437
34,afterglow,燦々,0.34965,0.86748,1.92835,-0.95036,-0.17667,0.61237
35,afterglow,That's why I'm here.,0.03909,0.76559,1.31804,-0.95309,0.19966,0.35689
36,afterglow,IGNITE GLOW,-0.05701,0.71450,1.00078,-1.03263,-0.22308,0.15940
37,afterglow,ペトリコール・オベーション,-0.11508,0.67192,0.90224,-0.89295,-0.10814,0.05736
38,afterglow,Made My Day,-0.02566,0.76963,1.29528,-0.88341,-0.08240,0.04576
39,afterglow,Glowing After,0.25832,0.94201,2.10107,-0.94410,0.41085,0.51136
40,afterglow,A Sunset So Bright,0.39370,0.73215,1.45110,-0.66997,0.33755,0.48082
41,afterglow,Start as Usual,0.33352,0.69328,1.42265,-0.49531,0.21518,0.41206
42,afterglow,“Say cheese!!!!!”,0.31891,0.72746,1.54670,-0.60411,0.24276,0.33028
43,afterglow,花笑みのデュオ,0.51459,0.86545,2.10650,-0.71509,0.65703,0.45710
44,afterglow,READY STEADY GO (Cover),0.36107,0.80862,1.69893,-0.73806,-0.04727,0.37425
45,afterglow,abnormalize (Cover),0.04810,0.87918,1.40418,-1.17019,-0.07796,0.09328
46,afterglow,メンタルチェンソー (Cover),-0.06431,0.87556,1.54521,-1.17776,-0.02917,-0.33175
47,afterglow,Bunny Girl (Cover),0.22849,1.09077,2.39840,-0.95639,0.55154,0.07437
48,afterglow,オレンジ (Cover),0.13979,0.98311,1.67707,-1.40043,-0.55836,0.03888
49,afterglow,カゲロウデイズ (Cover),0.10364,0.81607,1.46493,-0.94381,-0.18349,0.31525
50,afterglow,DAY×DAY (Cover),0.42816,0.74019,1.66828,-0.52475,0.29016,0.32172
51,afterglow,ロキ (Cover),-0.00224,0.90364,1.42126,-1.08509,-0.02327,0.42682
52,afterglow,CHAINSAW BLOOD (Cover),-0.18857,0.81845,1.10076,-1.20279,-0.54539,-0.29499
53,afterglow,チルドレンレコード (Re:boot) (Cover),0.15782,0.94661,1.88240,-0.99537,-0.21727,0.44189
54,afterglow,青のすみか (Cover),0.24595,1.02458,1.86043,-1.44091,0.15577,0.58224
55,afterglow,GO!!! (Cover),0.13339,0.81388,1.28503,-0.95873,0.25526,0.58011
56,afterglow,天ノ弱 (Cover),0.01279,0.87221,1.48677,-1.04234,0.09239,0.37251
57,afterglow,アスノヨゾラ哨戒班 (Cover),0.32657,0.89647,1.60864,-1.05645,0.27696,0.04186
58,afterglow,瞬間センチメンタル (Cover),0.22870,0.81096,1.48643,-0.79435,0.31006,0.45094
59,afterglow,プライド革命 (Cover),0.17745,0.77122,1.50732,-0.77706,0.57096,0.35432
60,afterglow,命に嫌われている。 (Cover),-0.19343,0.97540,1.42698,-1.67837,-1.40614,0.02253
61,afterglow,Redo (Cover),0.02507,0.79030,1.28968,-1.03654,-0.16367,0.70690
62,afterglow,インフェルノ (Cover),0.11658,0.81449,1.31496,-0.94614,0.52114,0.32928
63,afterglow,ドラマツルギー (Cover),-0.16204,0.77527,1.07350,-1.21942,-0.84463,0.31371
64,afterglow,COLORS (Cover),-0.30829,0.84303,0.80777,-1.55225,-0.31648,-1.00140
65,afterglow,午夜の待ち合わせ (Cover),0.13033,0.92547,1.49290,-1.22323,-0.58093,-0.01477
66,afterglow,サムライハート（Some Like It Hot!!） (Cover),-0.24689,0.79179,0.98951,-1.15961,-0.43006,0.08717
67,afterglow,ベノム (Cover),0.33020,0.77645,1.53567,-0.75224,0.42988,0.51181
68,afterglow,Don't say “lazy” (Cover),0.58930,0.99598,2.00084,-0.77013,0.87487,-1.72887
69,afterglow,Part of the Life,0.17807,0.65717,1.16797,-0.68117,0.27757,0.01041
70,afterglow,Punchline Halloween!!!,-0.09999,0.81259,1.07140,-0.97774,-0.32503,0.00803
71,afterglow,I love your way！,0.22924,0.69997,1.27802,-0.58796,0.28870,0.74856
72,ave_mujica,KiLLKiSS,-0.32424,1.31387,1.59046,-2.66099,-2.15766,0.45117
73,ave_mujica,"Georgette Me, Georgette You",-0.45744,1.13694,1.29355,-2.08463,-1.27925,0.97476
74,ave_mujica,Imprisoned XII,-0.71010,1.29993,2.13426,-2.21184,-0.54641,-0.91376
75,ave_mujica,Crucifix X,-0.12451,1.01068,1.62494,-2.00731,-1.94039,-0.00416
76,ave_mujica,八芒星ダンス,0.41997,1.10428,2.23364,-2.00067,-1.73307,0.48852
77,ave_mujica,顔,0.75979,0.99241,2.66423,-0.61936,0.25603,0.99752
78,ave_mujica,天球のMúsica,0.27745,1.14959,1.90946,-2.03014,-1.69755,0.22567
79,ave_mujica,黒のバースデイ,0.15758,1.26385,2.80711,-2.41577,-2.15944,2.09277
80,ave_mujica,ふたつの月 ~Deep Into The Forest~,0.23899,0.97966,1.81425,-1.49107,-1.63461,2.30423
81,ave_mujica,Choir ‘S’ Choir,0.12848,1.05964,2.43039,-1.28041,-1.23807,2.81492
82,ave_mujica,神さま、バカ,0.01449,1.16862,3.55398,-1.36244,-0.56770,2.48599
83,ave_mujica,Mas?uerade Rhapsody Re?uest,0.07658,0.99033,1.98768,-1.19929,-0.26149,1.43982
84,ave_mujica,Ave Mujica,-0.08040,1.37980,3.55398,-1.52865,-0.28195,3.55398
85,ave_mujica,Symbol I : △,0.39685,0.87388,1.99070,-0.96813,0.46034,-0.03934
86,ave_mujica,Symbol II : Air,0.57480,0.87484,2.00599,-0.64305,0.25347,0.39135
87,ave_mujica,Symbol III : ▽,-1.01715,1.08768,0.90169,-2.63037,-1.92357,-0.86458
88,ave_mujica,Symbol IV : Earth,0.10667,1.02484,2.03792,-1.33673,-0.55751,-0.37637
89,ave_mujica,Ether,0.13724,1.12323,1.94627,-2.11082,-0.89620,-1.82894
90,ave_mujica,The Whole Blue World,-0.04743,0.86820,1.45669,-1.39330,0.13433,-0.05789
91,ave_mujica,in your blue eyes,-0.44546,1.04511,1.14521,-2.30431,-1.06043,-1.29679
92,ave_mujica,素晴らしき世界 でも どこにもない場所,-0.14313,0.95256,1.52865,-1.46858,-1.18317,-0.45670
93,ave_mujica,Angles,-0.49968,1.19372,1.62144,-2.23628,-1.74411,-2.20361
94,ave_mujica,DIVINE,0.30965,0.94315,2.11050,-1.09132,0.42747,0.11783
95,ave_mujica,Sophie,-0.04219,0.72615,1.26700,-1.02787,0.01315,-0.30376
96,ave_mujica,‘S/’ The Way,0.30604,0.86186,1.74587,-0.65693,0.37206,0.36842
97,ave_mujica,碧い瞳の中に,-0.57760,1.04186,1.16199,-2.32128,-1.21845,-0.80153
98,ave_mujica,堕天 (Cover),0.35185,0.97163,1.99984,-1.17316,0.44568,0.50882
99,ave_mujica,KINGS (Cover),0.10522,0.84146,1.55100,-1.04049,0.25296,-0.18914
100,ave_mujica,暗黒天国 (Cover),0.06503,0.80274,1.50936,-0.98894,-0.07638,0.02412
101,various_artists,Don't be afraid!,-0.10351,0.82070,1.20189,-1.21824,-0.22233,-0.25831
102,various_artists,Glee! Glee! Glee!,0.02070,0.86735,1.39825,-1.07728,-0.09929,0.19040
103,various_artists,"Be shine, shining!",0.19981,1.15427,2.23134,-1.58913,-0.09591,0.21689
104,various_artists,"Here, the world",0.37138,1.09408,2.37409,-1.08498,0.38899,0.35641
105,various_artists,CiRCLE THANKS MUSiC♪,0.16899,0.75841,1.41427,-0.79928,0.07462,0.42833
106,hello_happy_world,キミがいなくちゃっ！,-0.04576,0.84686,1.39609,-1.07529,-0.71785,0.46268
107,hello_happy_world,ハイファイブ∞あどべんちゃっ,0.54733,0.85440,2.00043,-0.59982,0.69231,0.97225
108,hello_happy_world,スマイルブーケで た〜まや〜！,-0.01333,0.83598,1.30254,-1.24639,-0.02304,-0.30349
109,hello_happy_world,えがお･シング･あ･ソング,0.42109,0.90013,1.93763,-0.98558,-0.25106,1.04142
110,hello_happy_world,YAPPY! SCHOOL CARNIVAL☆彡,0.21240,0.84097,1.73333,-0.92071,0.21978,0.13458
111,hello_happy_world,にこ×にこ=ハイパースマイルパワー！,0.51458,0.76888,1.70594,-0.58266,0.62720,0.71225
112,hello_happy_world,ないすみちゅっ！,0.29342,0.82516,1.68929,-0.79567,0.25234,0.76717
113,hello_happy_world,ゴーカ！ごーかい！？ファントムシーフ！,0.24042,0.73064,1.31957,-0.80277,0.24585,-0.02298
114,hello_happy_world,うぃーきゃん☆フレフレっ！,0.19015,0.82795,1.52580,-0.92675,0.13819,0.35876
115,hello_happy_world,えがおのオーケストラっ！,-0.12053,0.95918,1.44876,-1.52772,-0.27184,-0.63681
116,hello_happy_world,にこにこねくと！,-0.15206,0.86452,1.23876,-1.26038,-0.53211,0.10902
117,hello_happy_world,ふぁいぶスマイル◯オールインっ！,0.05612,0.79943,1.45190,-1.13426,-0.21871,0.07369
118,hello_happy_world,せかいのっびのびトレジャー！,0.19305,0.89601,1.71271,-1.04153,0.35450,0.60713
119,hello_happy_world,きらっ☆と キミフェス！,0.39019,1.00999,2.29228,-1.02519,0.29087,0.55730
120,hello_happy_world,うちゃパ！で ぱっぴかポーんっ！,0.25364,0.79658,1.68316,-0.88325,-0.13726,0.55327
121,hello_happy_world,はれやか すこやか ぴかりんりん♪,0.36706,0.82925,1.72921,-0.84825,0.24945,0.23523
122,hello_happy_world,ふわふわ☆ゆめいろサンドイッチ,-0.11319,0.90297,1.51437,-1.39252,-0.03523,0.04441
123,hello_happy_world,Happy! Happier! Happiest!,0.22591,0.78988,1.56448,-0.80553,0.36514,0.18106
124,hello_happy_world,現るっ！大怪盗ハロハッピー！,0.25072,0.86458,1.76989,-0.95771,0.56804,0.27144
125,hello_happy_world,わちゃ・もちゃ・ぺったん行進曲,0.24412,1.02233,2.00981,-1.29761,0.28832,-0.25580
126,hello_happy_world,おもいでイルミネーション,0.62692,0.73196,1.90281,-0.36271,0.47881,0.80828
127,hello_happy_world,おもいやりハーモニー,-0.01715,0.85797,1.58575,-1.08531,-0.19685,0.23734
128,hello_happy_world,ハピネスっ！ハピィーマジカルっ♪,0.36389,0.77707,1.57540,-0.76152,-0.00346,0.59950
129,hello_happy_world,えがお、あーゆーれでぃ???,0.40573,0.85438,1.89824,-0.93626,0.17139,0.43569
130,hello_happy_world,ハッピーサマーウェディング,0.31567,0.84977,1.77380,-0.87452,0.26167,0.50849
131,hello_happy_world,ひまわりの約束,-0.42453,0.85803,1.08587,-1.57296,-0.59171,-0.53872
132,hello_happy_world,ハッピー☆マテリアル,0.55694,0.84410,2.05072,-0.69562,0.66442,0.99291
133,hello_happy_world,太陽曰く燃えよカオス,0.31466,1.06240,1.94123,-1.50739,0.24219,-0.47395
134,hello_happy_world,エクストラ・マジック・アワー,0.19151,0.82115,1.52137,-1.02451,-0.02818,0.20099
135,hello_happy_world,コレカラ,0.41165,0.80569,1.78152,-0.73875,0.54080,0.94528
136,hello_happy_world,全力少年,0.12642,0.87674,1.44478,-1.31701,-1.08858,0.74685
137,hello_happy_world,オレンジ,0.11574,0.96471,1.81869,-1.24828,0.07487,0.44976
138,hello_happy_world,Happy Girl,0.41982,0.96915,1.99574,-1.17398,-0.75458,1.00326
139,hello_happy_world,ン・パカマーチ,0.15003,1.05515,2.22183,-1.26418,0.03762,0.73507
140,hello_happy_world,サンバロハッピ〜！,0.12357,0.85754,1.59632,-1.00962,0.15112,0.37649
141,hello_happy_world,ボクらの夏's☆ショーたいむっ！！,0.25406,0.84697,1.76524,-0.93431,0.61420,0.86664
142,hello_happy_world,むすんでわらって,0.43050,0.91783,1.93808,-0.97974,0.37558,0.61620
143,hello_happy_world,キミを れっつ・はぶ・ふぁん♪,0.35944,0.87326,1.62687,-0.90358,0.27209,0.24814
144,hello_happy_world,らいふ・いず・みゅーじかるっ♪♪♪,0.10739,0.72450,1.21702,-0.78615,-0.05378,0.38001
145,hello_happy_world,れっつ・スマイル・すとり〜みんぐっ♪,0.20086,0.75660,1.25089,-1.01866,-0.15790,0.21701
146,hello_happy_world,やっほー！いっぽ！わんだふぉー！,0.45514,0.80239,1.85941,-0.63085,0.74141,0.65854
147,hello_happy_world,とーくとぅみー・とーくとぅゆー,0.49699,0.69943,1.63162,-0.49413,0.33641,0.65220
148,hello_happy_world,ハイタッチ／＼びりーばーず☆,0.29293,0.80897,1.70856,-0.81388,0.11042,0.23134
149,hello_happy_world,Listen to Smile!,-0.04063,0.85252,1.38219,-1.25847,-0.90630,0.24746
150,hello_happy_world,スマイリーキャロル,0.24955,0.80499,1.69776,-0.83009,0.10115,0.73403
151,hello_happy_world,えがお、み〜っけた！,-0.13638,0.87455,1.29269,-1.44014,-0.21764,-0.07898
152,hello_happy_world,上海ハニー (Cover),0.45137,1.07444,2.46880,-1.05244,0.68565,0.85441
153,hello_happy_world,シル・ヴ・プレジデント (Cover),0.67463,0.93113,2.27895,-0.66222,0.58001,0.94653
154,hello_happy_world,ヒャダインのじょーじょーゆーじょー (Cover),0.36166,0.95699,2.00927,-0.97089,0.52303,1.48188
155,hello_happy_world,はいよろこんで (Cover),-0.02802,1.14615,2.17474,-1.53662,-0.48357,0.43932
156,hello_happy_world,シカ色デイズ (Cover),0.62024,1.05797,2.60966,-0.81970,0.91375,1.07518
157,hello_happy_world,強風オールバック (Cover),0.66468,1.44901,3.55398,-1.35514,0.85161,0.86682
158,hello_happy_world,最高到達点 (Cover),0.02650,0.94681,1.68172,-1.32874,-0.13475,-0.44680
159,hello_happy_world,許婚っきゅん (Cover),0.07550,1.04689,2.10246,-1.23062,-0.12373,0.72259
160,hello_happy_world,新宝島 (Cover),0.35746,1.15024,2.09237,-1.30508,-0.42297,-0.35387
161,hello_happy_world,ドレミファロンド (Cover),-0.07255,0.94972,1.46688,-1.31333,-0.17064,0.61086
162,hello_happy_world,きゅうくらりん (Cover),-0.05615,0.84520,1.30978,-1.23708,-0.18335,0.58174
163,hello_happy_world,ロメオ (Cover),0.45245,0.89313,2.11313,-0.70857,-0.12005,0.83496
164,hello_happy_world,エイリアンエイリアン (Cover),0.43064,0.89198,1.65428,-0.85190,0.31793,0.72748
165,hello_happy_world,いーあるふぁんくらぶ (Cover),0.39226,0.98096,1.96985,-1.04513,0.72978,0.26938
166,hello_happy_world,回レ！雪月花 (Cover),0.38877,0.90337,1.84644,-1.07950,0.47167,0.69149
167,hello_happy_world,恋愛裁判 (Cover),0.16611,0.97150,2.02518,-1.08648,0.10394,0.61162
168,hello_happy_world,TOMORROW (Cover),0.26109,0.81849,1.63748,-0.89486,0.50673,0.62872
169,hello_happy_world,GO! GO! MANIAC (Cover),0.62794,0.88244,1.96373,-0.64925,0.75186,1.21296
170,hello_happy_world,Dragon Night (Cover),-0.03953,1.17789,1.99196,-1.64718,-0.35746,1.11346
171,hello_happy_world,ようこそジャパリパークへ (Cover),0.25846,0.84529,1.75194,-0.87422,-0.08718,0.92728
172,hello_happy_world,ウィーアー！ (Cover),0.05412,0.75183,1.31662,-0.94688,-0.07887,0.58365
173,hello_happy_world,おジャ魔女カーニバル!! (Cover),0.23958,0.75837,1.54085,-0.73338,0.33675,0.76063
174,hello_happy_world,ダーリンダンス (Cover),0.39861,0.93341,2.13815,-0.91077,0.42705,0.37194
175,hello_happy_world,ノーポイッ！ (Cover),0.52052,0.91307,2.27046,-0.69015,0.51998,0.76026
176,hello_happy_world,SHINY DAYS (Cover),0.08077,0.96831,1.94983,-1.13511,0.25173,0.06744
177,hello_happy_world,シルエット (Cover),0.26292,0.82675,1.60269,-0.90183,0.17853,0.22071
178,ikka_dumb_rock,ホーミー・タイッ！！,0.52257,0.71022,1.57504,-0.55489,0.70593,0.53134
179,millsage,起死開戦,0.14313,0.87412,1.43984,-0.81635,0.37044,0.70166
180,morfonica,Daylight -デイライト-,0.51398,0.52112,1.35343,-0.29032,0.04577,0.40191
181,morfonica,メランコリックララバイ,0.46786,0.84609,1.81649,-0.70860,0.68693,0.41958
182,morfonica,flame of hope,0.44264,0.77473,1.83090,-0.57354,0.26791,0.76789
183,morfonica,ブルームブルーム,0.38458,0.79153,1.80816,-0.64668,0.44147,0.60892
184,morfonica,カラフルリバティー,0.25281,0.83981,1.65464,-0.85269,0.19508,0.27450
185,morfonica,fly with the night,0.06708,0.71156,1.30875,-0.92239,0.01087,-0.10187
186,morfonica,金色へのプレリュード,-0.01930,0.83961,1.33781,-1.07709,-0.13910,-0.25538
187,morfonica,The Circle Of Butterflies,-0.21335,0.76245,1.02903,-1.09224,-0.27915,0.08150
188,morfonica,ハーモニー・デイ,0.19026,0.86799,1.73745,-0.91705,0.33144,-0.01936
189,morfonica,Sweet Cheers!,-0.16624,0.80748,1.20725,-1.14271,-0.25766,-0.23078
190,morfonica,"寄る辺のSunny, Sunny",0.06237,0.83468,1.42309,-1.17681,-0.31250,0.34381
191,morfonica,誓いのWingbeat,0.26055,0.75009,1.45174,-0.82134,-0.47766,0.65724
192,morfonica,Ever Sky Blue,0.11989,0.84130,1.41768,-1.15690,-0.27442,-0.36564
193,morfonica,Polyphonyscape,0.39611,1.00591,1.99133,-1.24465,0.42245,-0.34391
194,morfonica,Wreath of Brave,0.18335,0.73256,1.28803,-0.81553,0.44402,0.43333
195,morfonica,Merry Merry Thanks!!,0.16811,0.88057,1.48496,-1.29382,-0.91858,0.11838
196,morfonica,Sonorous,-0.15285,0.80967,1.07708,-1.37411,-0.29755,-0.40816
197,morfonica,両翼のBrilliance,0.22254,0.72525,1.27600,-0.97352,-0.06740,0.56320
198,morfonica,Steer to Utopia,0.24220,0.70374,1.30176,-0.87916,-0.60812,0.42594
199,morfonica,Fateful...,0.14341,0.81355,1.59740,-0.98123,0.21005,0.47570
200,morfonica,ティリカモニカリラ,-0.08714,0.80281,1.11088,-1.43333,-1.01161,0.32340
201,morfonica,Secret Dawn,0.07672,0.84808,1.42289,-1.04513,-0.19478,-0.35911
202,morfonica,Angel's Ladder,0.34523,0.71489,1.48853,-0.60603,0.34160,0.47549
203,morfonica,One step at a time,0.22385,0.93209,1.68477,-1.01647,0.06016,-0.50550
204,morfonica,Tempest,0.23932,0.82956,1.36616,-0.86551,-0.58379,0.29720
205,morfonica,フレージング ミラージュ,0.17916,0.86067,1.21113,-1.47271,-0.99896,0.48320
206,morfonica,MUGEN Reverberate!,0.46897,0.74797,1.67833,-0.55620,0.63296,0.64821
207,morfonica,わたしまちがいさがし,0.39140,1.02139,2.32577,-1.23446,-0.47388,0.54827
208,morfonica,esora no clover,-0.01520,0.85559,1.19298,-1.27229,0.13117,-0.54213
209,morfonica,きょうもMerry go rounD,0.51589,0.83406,1.93126,-0.58596,0.28775,0.83324
210,morfonica,Feathered Dreams,0.30486,0.68326,1.34402,-0.65971,0.19681,0.54652
211,morfonica,Portray Empathy,0.28560,0.77177,1.48512,-0.73633,0.12247,0.38390
212,morfonica,ビューティ・フォー,0.38042,0.92335,1.73928,-0.68782,0.44192,0.19562
213,morfonica,胡蝶翔る星月夜,0.02538,0.66357,0.90434,-0.84823,0.15103,0.06965
214,morfonica,Color of Us,0.11427,0.81069,1.20669,-1.14592,0.59621,0.40262
215,morfonica,Resonant Strings,0.57993,0.83756,1.93321,-0.66616,0.71665,0.37981
216,morfonica,Shining Leaves,0.22582,0.73843,1.40440,-0.82153,0.49511,0.10982
217,morfonica,音がえしのセレナーデ,0.30954,0.72623,1.37485,-0.75042,0.36630,0.40883
218,morfonica,蒼穹へのトレイル,0.09894,0.85716,1.31407,-1.55309,-0.79790,-0.65748
219,morfonica,QUEEN (Cover),0.33066,0.87928,1.62240,-0.78453,0.53446,0.20596
220,morfonica,again (Cover),0.01829,0.91716,1.27040,-1.40655,-0.05168,0.03351
221,morfonica,輪舞-revolution (Cover),0.45755,0.80074,1.81629,-0.64671,0.69316,0.90046
222,morfonica,メロウ (Cover),0.04618,0.82543,1.34068,-1.15307,0.06218,-0.07114
223,morfonica,祝福 (Cover),0.15948,0.78260,1.31275,-0.93709,0.31971,0.80276
224,morfonica,Overdose (Cover),0.04621,0.78642,1.26478,-1.05606,-0.12003,0.37608
225,morfonica,かくれんぼ (Cover),-0.01628,0.73110,1.12607,-1.18871,0.15942,0.08675
226,morfonica,chAngE (Cover),0.15573,0.92683,1.75696,-1.13305,0.38212,0.34819
227,morfonica,ALIVE (Cover),0.44200,0.76424,1.70323,-0.63166,0.47693,0.47104
228,morfonica,Nameless Story (Cover),0.44363,0.78594,1.80671,-0.74257,0.44897,0.63806
229,morfonica,青空のラプソディ (Cover),0.30763,0.79151,1.48060,-0.85481,0.09255,-0.05535
230,morfonica,Nevereverland (Cover),0.01233,0.84198,1.47103,-1.19008,-0.75532,0.43348
231,morfonica,メリッサ (Cover),0.01179,0.79315,1.36337,-1.04961,0.07982,0.25180
232,morfonica,COLORFUL BOX (Cover),0.20827,0.85776,1.57989,-0.87956,0.48785,-0.24804
233,morfonica,unravel (Cover),0.12356,0.99430,1.41077,-1.51562,0.09340,-0.35356
234,morfonica,アゲハ蝶 (Cover),0.10730,0.71309,1.33582,-0.79127,-0.11512,0.36662
235,morfonica,V.I.P (Cover),0.07902,0.71094,1.21663,-0.79579,0.18566,0.40688
236,morfonica,CQCQ (Cover),0.27907,0.85321,1.74171,-0.97246,0.18295,0.19997
237,mugendai_mutype,アイの夢限,-0.23474,0.87629,1.11790,-1.64598,-0.86881,-0.02662
238,mugendai_mutype,どんがらがっしゃん,0.44657,0.84299,1.95472,-0.59832,0.46012,0.38405
239,mugendai_mutype,みゅーたんとミュータント,0.19197,1.34915,2.94293,-1.45788,0.13122,0.17212
240,mugendai_mutype,チューニング,-0.16639,0.89229,1.08653,-1.85573,-1.15271,-0.51554
241,mugendai_mutype,Dream Voyage,0.12283,0.72787,1.28375,-0.83237,0.05230,0.53806
242,mugendai_mutype,グラディエント,-0.48717,0.84019,0.85889,-1.84684,-1.30805,-0.68343
243,mugendai_mutype,LET'Sあちあちトレーニング！,0.50921,0.98388,2.30161,-1.07411,-0.58032,1.14653
244,mugendai_mutype,真夜中遊園地,0.78656,0.78216,1.98735,-0.28499,0.84984,1.33431
245,mugendai_mutype,テレパシー,-0.82105,1.08842,1.29229,-2.16644,-1.39059,0.24050
246,mugendai_mutype,TRASH LIFE,0.17713,1.18098,1.99599,-2.00469,-1.72547,0.82029
247,mugendai_mutype,新人類は仮想世界の夢を見るか?,0.94762,0.80290,2.30719,-0.12167,0.91503,1.07101
248,mugendai_mutype,コミュ着火Fire!,0.78135,0.74395,2.00713,-0.28893,1.05426,0.71470
249,mugendai_mutype,Calling,0.46067,0.69783,1.63483,-0.43334,0.70493,0.43623
250,mugendai_mutype,Hi-Vision,0.51174,0.94643,2.05528,-0.84420,0.36230,0.90599
251,mugendai_mutype,コハク,0.12459,0.77638,1.30923,-1.07747,-0.06553,-0.11006
252,mugendai_mutype,✞animaるパーティ✞開催中✞,0.43433,0.82162,1.64032,-0.91052,0.31883,0.04416
253,mugendai_mutype,エンプティパペット,0.40754,0.92641,1.96943,-1.01359,-0.02452,0.46804
254,mugendai_mutype,限界現実サバイブ天使,0.68049,0.68293,1.79584,-0.37066,0.72583,0.53524
255,mugendai_mutype,ビッグマウス,0.86207,0.82004,2.18417,-0.40306,0.81599,1.05665
256,mugendai_mutype,夢現妄想世界,0.44691,0.64944,1.43075,-0.39423,0.74929,0.25787
257,mugendai_mutype,やわやわNERD 超FreQuency,1.09125,0.90245,2.55450,-0.27923,1.18184,1.40201
258,mugendai_mutype,超惑星Xへの旅,0.69682,0.92244,2.16204,-0.67870,0.44488,1.10977
259,mugendai_mutype,これはぼくたちの生存のあらすじ,0.50924,0.76380,1.59844,-0.50086,0.19741,0.62722
260,mygo,迷星叫,-0.05256,1.00496,1.25315,-1.95603,-0.16348,-1.32877
261,mygo,壱雫空,0.15124,0.77236,1.33091,-0.84378,0.34632,0.03831
262,mygo,碧天伴走,0.18407,0.66188,1.20640,-0.75191,0.37791,-0.02801
263,mygo,影色舞,-0.07148,0.78216,1.23873,-1.10925,-0.04630,-0.05961
264,mygo,歌いましょう鳴らしましょう,0.48996,0.66191,1.61427,-0.37202,0.33835,0.73495
265,mygo,潜在表明,-0.31955,0.84927,1.09203,-1.55826,-1.15361,-1.15205
266,mygo,音一会,0.22840,0.80456,1.42878,-0.63964,0.19907,-1.45889
267,mygo,春日影 (MyGO!!!!! ver.),-0.36068,0.78204,0.86728,-1.49262,-0.71492,-0.44912
268,mygo,詩超絆,-0.24257,0.94483,1.02124,-2.33362,-2.02486,-0.30427
269,mygo,迷路日々,0.02779,0.78853,1.30790,-1.08479,-0.12329,0.25605
270,mygo,無路矢,0.05708,0.61310,0.95084,-0.89897,0.20523,-0.17098
271,mygo,名無声,-0.16399,0.77780,0.77297,-1.12849,-0.17321,-0.08106
272,mygo,栞,-0.47933,0.99907,1.39220,-1.72483,-0.51756,-1.34359
273,mygo,歩拾道,0.12125,0.80620,1.53317,-0.99078,0.01116,-0.54638
274,mygo,明弦音,0.32727,0.74915,1.30357,-0.68603,0.19159,0.47948
275,mygo,孤壊牢,0.06173,0.75226,0.93499,-0.94558,-0.18273,0.23111
276,mygo,霧周途,0.24780,0.67710,1.10642,-0.74868,0.47739,-0.23861
277,mygo,端程山,0.00176,0.76059,1.02872,-1.04651,-0.05131,-0.83033
278,mygo,処救生,-0.03973,0.67023,0.94350,-0.96171,-0.19435,-0.24360
279,mygo,輪符雨,-0.01766,0.72367,1.01353,-1.00329,-0.33945,-0.31014
280,mygo,夜隠染,0.02302,0.93449,1.41628,-1.25341,-0.56404,-0.23410
281,mygo,過惰幻,-0.56260,0.90730,0.92948,-1.75042,-0.93808,-0.62106
282,mygo,回層浮,-0.08268,0.68325,1.02211,-1.03400,0.08753,-0.36587
283,mygo,砂寸奏,0.10162,0.84732,1.28607,-1.20293,-0.17845,-0.36093
284,mygo,焚音打,0.04607,0.72915,0.99102,-0.90433,-0.21741,-1.03956
285,mygo,残痕字,0.36929,0.84257,1.56137,-0.82131,-0.24161,0.61351
286,mygo,掌心正銘,0.50041,0.90711,1.69240,-0.92025,-0.40818,0.74025
287,mygo,証命讃歌,0.68668,0.79045,1.98576,-0.29711,0.62822,1.03729
288,mygo,エガクミライ,-0.33444,0.94273,1.18815,-1.70410,-1.33979,-0.75944
289,mygo,静降想,0.28741,1.03778,1.60302,-1.76662,-0.63483,-0.56212
290,mygo,聿日箋秋,0.03253,0.71745,1.04700,-0.84253,-0.04117,0.21364
291,mygo,往欄印,0.74580,0.91591,2.08941,-0.34690,1.00415,-0.17403
292,mygo,だれかの心臓になれたなら (Cover),0.14703,1.12787,1.65065,-2.16833,0.67796,-1.02257
293,mygo,遥か彼方 (Cover),0.21872,0.84234,1.47581,-1.17969,-0.58414,0.46182
294,mygo,雑踏、僕らの街 (Cover),0.12051,0.83312,1.49156,-0.91751,0.22962,0.21111
295,mygo,過去を喰らう (Cover),0.30768,0.72939,1.45428,-0.82245,0.25417,-0.50679
296,mygo,君の神様になりたい。 (Cover),0.07420,0.78243,1.24124,-1.00314,0.32969,-0.56529
297,mygo,ノンブレス・オブリージュ (Cover),-0.01843,0.94842,1.50259,-1.58935,-0.82251,-0.29837
298,mygo,swim (Cover),0.27745,0.83492,1.35106,-1.00258,0.48892,-0.61596
299,mygo,猛独が襲う (Cover),0.42934,0.86870,1.80632,-0.90852,0.56112,0.98175
300,mygo,春日影,-1.06353,1.00023,0.57255,-2.34247,-1.29275,-0.54163
301,pastel_palettes,TITLE IDOL,0.23726,0.83400,1.66764,-0.95511,0.20204,0.39782
302,pastel_palettes,ワクワクmeetsトリップ,0.52592,0.93479,2.14080,-0.81564,0.53721,0.58246
303,pastel_palettes,ゆら・ゆらRing-Dong-Dance,0.86240,0.92510,2.52199,-0.42608,0.74884,1.18112
304,pastel_palettes,もういちど ルミナス,0.03106,0.75770,1.26963,-0.89731,0.19774,0.39623
305,pastel_palettes,あっつあつ 常夏 らぶ☆サマー！,0.72256,0.94233,2.31231,-0.67923,0.44340,0.39752
306,pastel_palettes,天下トーイツ A to Z☆,0.46291,0.80714,1.80136,-0.67185,0.42801,0.73066
307,pastel_palettes,しゅわりん☆どり〜みん,0.51223,0.72752,1.63512,-0.56014,0.53504,-0.20943
308,pastel_palettes,Power of LOVE!!!,0.30714,0.78326,1.59835,-0.84770,0.22892,0.01834
309,pastel_palettes,きゅ～まい＊flower,0.62195,0.77245,1.80066,-0.55310,0.63781,0.73458
310,pastel_palettes,Winking☆Cheer,-0.34478,0.74707,0.94886,-1.33927,-0.30652,-0.55460
311,pastel_palettes,ゆめゆめグラデーション,0.33703,0.80700,1.70078,-0.78808,0.56236,0.23393
312,pastel_palettes,はなまる◎アンダンテ,0.27468,0.87354,1.61970,-1.09880,0.22905,-0.43387
313,pastel_palettes,パスパレボリューションず☆,0.25778,0.84605,1.49348,-1.05782,-0.17273,-0.00157
314,pastel_palettes,SURVIVOR ねばーぎぶあっぷ!,0.35657,0.97332,1.99307,-1.03639,0.26109,0.07152
315,pastel_palettes,Wonderland Girl,0.49294,0.81885,1.91122,-0.67478,0.44453,0.49016
316,pastel_palettes,ゼッタイ宣言～Recital～,0.18842,0.86871,1.58932,-1.20178,0.01563,0.50765
317,pastel_palettes,ぎゅっDAYS♪,0.74229,0.93725,2.43756,-0.59542,0.45075,1.15793
318,pastel_palettes,Wonderful Sweet!,0.81157,0.85444,2.26425,-0.54802,0.90912,1.05509
319,pastel_palettes,るんっ♪てぃてぃー！,0.62608,0.83398,2.13085,-0.56092,0.30800,0.79654
320,pastel_palettes,パッパレ☆人生！バーン万歳！,0.58428,0.98615,2.22576,-0.86965,1.06820,0.10694
321,pastel_palettes,Brand new Pastel Road!,0.24081,0.83464,1.61705,-0.94620,0.19117,-0.16241
322,pastel_palettes,あこがれacross,0.01666,0.80105,1.23517,-1.22384,-0.22329,-0.01147
323,pastel_palettes,ハレハレ☆フォーチュン,0.26527,0.87807,1.77798,-0.92909,0.07106,-0.66730
324,pastel_palettes,ハナヒバナ,-0.07238,1.00422,1.56282,-1.73214,-0.73461,-0.36472
325,pastel_palettes,そばかす,0.47348,0.78405,1.83554,-0.71178,0.06017,0.76214
326,pastel_palettes,気まぐれロマンティック,-0.10634,0.87618,1.24579,-1.41477,0.17677,0.35401
327,pastel_palettes,ドリームパレード,0.53794,0.73211,1.65975,-0.56980,0.50458,0.45941
328,pastel_palettes,ラムのラブソング,0.20515,1.18486,2.58759,-1.30187,0.49644,0.52945
329,pastel_palettes,DANCE! おジャ魔女,0.21713,0.71561,1.32190,-0.70166,0.21469,0.42121
330,pastel_palettes,DISCOTHEQUE,0.39054,0.86230,1.88803,-0.90079,0.62836,0.06879
331,pastel_palettes,ゆりゆららららゆるゆり大事件,0.85893,0.95858,2.33496,-0.87881,0.78236,0.55813
332,pastel_palettes,SAKURAスキップ,0.37185,0.70921,1.59520,-0.54729,0.36694,0.50879
333,pastel_palettes,Stay Alive,-0.17818,0.89081,1.04374,-1.79291,-1.28378,0.22390
334,pastel_palettes,秘密の扉から会いにきて,0.74716,0.73717,1.97376,-0.24843,0.87244,0.82709
335,pastel_palettes,トリドリ＊パレット,0.17716,0.67107,1.30705,-0.63412,-0.03455,0.48226
336,pastel_palettes,ドラマチック！アライブ,0.59519,0.89072,2.11898,-0.62060,1.05047,0.61620
337,pastel_palettes,Radiate Warriors,0.28678,0.80386,1.64431,-0.71027,0.67953,0.61876
338,pastel_palettes,ReReReエボリューションず☆,0.28289,0.80560,1.65654,-0.85133,0.00120,0.21896
339,pastel_palettes,everyday flower,0.08116,0.78091,1.44404,-0.91116,0.26461,0.11428
340,pastel_palettes,With〜きみとわたしたちの物語〜,0.64111,0.84996,1.94190,-0.70337,-0.10078,1.00942
341,pastel_palettes,フレっとパレットFight Song!!,0.66697,0.80838,2.07645,-0.35821,0.89107,1.25153
342,pastel_palettes,デイオフ・ラフ・ラブ・サンクス,0.52585,0.98409,2.06834,-0.91404,-0.17656,0.02003
343,pastel_palettes,ホワイト ノスタルジア,-0.09575,0.79578,1.02002,-1.31181,-0.52618,-0.53890
344,pastel_palettes,Y.O.L.O！！！！！(パスパレver.),0.60583,0.72187,1.71440,-0.45928,1.04965,1.02536
345,pastel_palettes,奏（かなで） (Cover),-0.18132,1.30589,2.26259,-2.39551,-1.61673,-0.66762
346,pastel_palettes,Sparkling Daydream (Cover),0.43754,0.79934,1.61603,-0.90441,0.49774,0.62845
347,pastel_palettes,春を告げる (Cover),-0.09544,1.14250,1.76007,-2.12154,0.35788,-1.22409
348,pastel_palettes,だから、ひとりじゃない (Cover),0.27383,0.87627,1.79914,-1.00011,0.25517,0.73513
349,pastel_palettes,サインはB (Cover),0.62369,0.74474,1.94699,-0.37273,0.67338,0.93864
350,pastel_palettes,愛包ダンスホール (Cover),1.06939,0.90877,2.62976,-0.21588,1.02469,1.29204
351,pastel_palettes,最上級にかわいいの！ (Cover),0.06211,0.85351,1.40005,-1.10527,-0.03437,0.23388
352,pastel_palettes,♡桃色片想い♡ (Cover),0.53479,0.84759,1.90013,-0.53103,0.73505,0.75219
353,pastel_palettes,金曜日のおはよう (Cover),0.58714,0.84054,2.09552,-0.44201,1.18685,0.56679
354,pastel_palettes,魔法少女とチョコレゐト (Cover),0.58082,1.16883,3.00075,-0.79518,0.75266,0.71648
355,pastel_palettes,可愛くてごめん (Cover),0.21874,1.04422,2.05771,-1.21002,0.10031,0.84080
356,pastel_palettes,からくりピエロ (Cover),0.41902,1.11699,2.32759,-1.27927,-0.09032,-0.35945
357,pastel_palettes,みくみくにしてあげる♪【してやんよ】 (Cover),0.68064,0.95818,2.35063,-0.65944,0.72495,0.63714
358,pastel_palettes,ルカルカ★ナイトフィーバー (Cover),0.68939,0.80987,1.80831,-0.48890,0.98632,0.30716
359,pastel_palettes,アイドル (Cover),0.79106,1.05736,2.80260,-0.70900,1.01726,0.51296
360,pastel_palettes,secret base ～君がくれたもの～ (Cover),-0.57260,1.08257,0.94207,-2.42872,-1.49600,-1.00378
361,pastel_palettes,ふわふわ時間 (Cover),0.46250,0.94745,2.21567,-0.86978,0.35264,0.28674
362,pastel_palettes,Fantastic future (Cover),0.66334,0.94984,2.39797,-0.62208,0.96137,0.98283
363,pastel_palettes,Baby Sweet Berry Love (Cover),0.37681,0.82478,1.70231,-0.81247,0.42057,1.15314
364,pastel_palettes,Q＆A　リサイタル！ (Cover),0.66528,0.90131,2.29468,-0.74595,1.02237,1.07700
365,pastel_palettes,ヒトリゴト (Cover),0.39572,0.82244,1.79852,-0.81874,0.53398,0.46327
366,pastel_palettes,惑星ループ (Cover),0.28063,0.87337,1.78125,-0.88065,0.38761,0.43521
367,pastel_palettes,世界は恋に落ちている (Cover),0.75188,0.92381,2.43026,-0.67586,0.76324,1.22742
368,pastel_palettes,ハッピーシンセサイザ (Cover),0.99160,0.95814,2.66656,-0.32784,1.23494,1.39053
369,pastel_palettes,春擬き (Cover),0.13986,0.72278,1.41699,-0.72090,0.25022,0.19600
370,pastel_palettes,Make it! (Cover),0.64656,0.84500,2.05088,-0.58758,1.06586,0.82456
371,pastel_palettes,花ハ踊レヤいろはにほ (Cover),0.39292,0.85705,1.86136,-0.93640,-0.14800,0.55370
372,pastel_palettes,夜に駆ける (Cover),0.03196,0.86581,1.44145,-1.07857,-0.44781,0.03367
373,pastel_palettes,徒花ネクロマンシー (Cover),0.66048,0.74311,1.80352,-0.54925,0.39378,1.01987
374,pastel_palettes,ノスタルジックレインフォール (Cover),-0.06475,0.83741,1.28440,-1.29882,-0.27072,0.43680
375,poppin_party,Yes! BanG_Dream!,0.25500,0.90983,1.79311,-0.96883,0.57070,0.61981
376,poppin_party,STAR BEAT!～ホシノコドウ～,0.17530,0.91811,1.69937,-1.05197,-0.16734,-0.18378
377,poppin_party,走り始めたばかりのキミに,0.14190,1.02103,1.72522,-1.33004,0.01364,-0.32311
378,poppin_party,ティアドロップス,0.32724,0.91509,1.92401,-0.92814,-0.04851,0.53165
379,poppin_party,ときめきエクスペリエンス！,0.23064,0.89604,1.88230,-0.92371,0.31195,0.44563
380,poppin_party,キラキラだとか夢だとか ～Sing Girls～,0.03681,0.83889,1.46341,-1.12067,0.04053,-0.07972
381,poppin_party,私の心はチョココロネ,-0.21068,0.97534,1.51108,-1.57424,-0.95114,0.25276
382,poppin_party,前へススメ！,0.33397,0.94523,1.88360,-1.19016,-0.05499,0.30045
383,poppin_party,夢みるSunflower,0.17861,1.03215,1.72339,-1.37200,-0.46966,0.12564
384,poppin_party,ティアドロップス ～Popipa Acoustic Ver.～,-0.36894,1.24073,1.92298,-2.10854,-0.19182,-0.19429
385,poppin_party,走り始めたばかりのキミに ～Popipa Acoustic Ver.～,-0.30125,1.29498,2.41027,-2.03601,0.01419,-0.56078
386,poppin_party,Time Lapse,0.61794,1.01745,2.59191,-0.81842,0.90303,1.33688
387,poppin_party,八月のif,-0.00419,0.99756,1.72201,-1.36630,0.09675,-0.71801
388,poppin_party,クリスマスのうた,0.16747,0.90484,1.74647,-1.07501,0.08083,0.47524
389,poppin_party,B.O.F,0.27673,0.80521,1.60857,-0.66662,0.52324,1.03215
390,poppin_party,CiRCLING,0.19573,0.83603,1.58419,-0.97082,-0.59400,0.47278
391,poppin_party,二重の虹(ダブル レインボウ),0.09979,0.90366,1.54303,-1.39163,0.09570,0.28832
392,poppin_party,最高(さあ行こう)！,0.66475,0.83730,2.18949,-0.50301,0.75167,1.35088
393,poppin_party,ガールズコード,0.01272,0.85709,1.36444,-1.18135,0.32015,0.02738
394,poppin_party,Yes! BanG_Dream! ～Popipa Acoustic Ver.～,-0.18201,1.34163,2.55724,-1.87730,0.13770,-0.26676
395,poppin_party,夏空 SUN! SUN! SEVEN! ～Popipa Acoustic Ver.～,-0.06591,1.28267,2.48846,-1.52065,0.34108,0.85373
396,poppin_party,STAR BEAT!～ホシノコドウ～ ～Popipa Acoustic Ver.～,-0.30948,1.10514,1.98664,-1.62240,-0.43476,0.31453
397,poppin_party,Breakthrough!,0.20332,0.87109,1.59719,-0.90331,-0.80516,0.94286
398,poppin_party,NO GIRL NO CRY/Poppin'Party Ver.,0.25881,0.84781,1.59081,-0.85615,0.07025,-0.29742
399,poppin_party,イニシャル,0.15042,0.92586,1.89277,-1.06435,0.47377,0.53544
400,poppin_party,Hello! Wink!,0.44876,0.84482,1.75471,-0.78739,0.73957,0.68636
401,poppin_party,Step×Step!,-0.01473,1.05793,1.75200,-1.93352,-1.10187,-0.52573
402,poppin_party,Jumpin',-0.01223,0.89326,1.44207,-1.12978,-0.45805,0.18948
403,poppin_party,White Afternoon,-0.16034,1.01896,1.56725,-1.62578,-0.95829,-0.27386
404,poppin_party,キラキラスター！,0.01750,0.91661,1.53392,-1.23153,-0.25624,0.11401
405,poppin_party,Returns,-0.36491,0.94533,1.08497,-1.82056,-0.97690,-0.81484
406,poppin_party,Dreamers Go!,-0.01578,0.90626,1.54304,-1.28672,0.21137,-0.10020
407,poppin_party,キズナミュージック♪,-0.20974,0.83794,1.05535,-1.45503,-0.48151,-0.81624
408,poppin_party,ミライトレイン,-0.12278,0.90733,1.44558,-1.20483,-0.25223,0.31273
409,poppin_party,夢を撃ち抜く瞬間に！,0.00371,0.80419,1.34215,-1.06782,-0.34378,0.10101
410,poppin_party,ぽっぴん'しゃっふる,0.17299,0.84727,1.52959,-0.88554,0.60414,0.46071
411,poppin_party,夏空 SUN! SUN! SEVEN!,0.28390,0.89676,1.94587,-0.88410,0.47865,0.72904
412,poppin_party,1000回潤んだ空,-0.26327,1.02941,1.52415,-1.66777,-0.69423,0.06611
413,poppin_party,HAPPY HAPPY PARTY!,0.04375,0.90506,1.56145,-1.32736,-0.16124,-0.13115
414,poppin_party,夏のドーン！,0.71637,0.95871,2.35994,-0.59628,0.54419,1.21440
415,poppin_party,キミにもらったもの,-0.67126,1.24665,1.51141,-2.70520,-1.79642,-1.00751
416,poppin_party,Light Delight,-0.16155,1.00839,1.36102,-2.33476,-1.38839,-1.29424
417,poppin_party,切ないSandglass,-0.02462,1.08796,2.03968,-1.56190,-0.39253,-0.40424
418,poppin_party,Home Street,0.22749,1.05725,2.40493,-1.08591,0.56129,0.26105
419,poppin_party,What's the POPIPA!?,0.51391,0.90421,2.18245,-0.71691,0.32563,0.67719
420,poppin_party,SAKURA MEMORIES,0.01685,0.95083,1.60901,-1.29399,-0.36200,-0.19263
421,poppin_party,アニバーサリー,0.13741,0.83822,1.47670,-0.90183,0.23201,-0.18640
422,poppin_party,Tomorrow's Door,0.12036,0.89437,1.42045,-1.37176,-0.39242,-0.71145
423,poppin_party,イントロダクション,0.17949,0.92492,1.87457,-1.02766,0.33379,0.09501
424,poppin_party,TARINAI,0.43266,0.99452,2.27480,-0.83547,0.33753,0.53438
425,poppin_party,DOKI DOKI SCARY,0.41260,0.88096,1.91368,-0.82974,0.57052,0.32920
426,poppin_party,Photograph,0.05898,0.93600,1.49261,-1.33846,-0.71780,-0.14506
427,poppin_party,夏に閉じこめて,-0.17313,0.88573,1.33876,-1.21130,-0.36929,-0.26357
428,poppin_party,ぽっぴん'どりーむ！,0.22511,0.84977,1.66600,-0.92000,0.12985,0.42275
429,poppin_party,星の約束,0.07452,1.00340,1.72700,-1.44127,-0.08943,-1.45178
430,poppin_party,新しい季節に,0.00039,0.93909,1.80140,-1.12534,0.25362,0.21114
431,poppin_party,トレモロアイズ,0.31035,1.01728,2.13501,-1.20155,-0.69107,-0.26406
432,poppin_party,雨上がり、キミと,0.49579,0.91592,2.05518,-0.71717,0.30103,-0.15158
433,poppin_party,花咲く未来に,0.49408,0.83138,1.93810,-0.54239,0.52713,-0.00660
434,poppin_party,Live Beyond!!,0.17226,0.78031,1.41815,-0.82864,0.30910,0.25735
435,poppin_party,Sweets BAN!,0.22015,0.89749,1.86981,-0.92014,-0.07172,0.63104
436,poppin_party,キミが始まる！,0.13929,0.82856,1.59940,-0.85803,0.09992,0.49738
437,poppin_party,Moonlight Walk,0.21446,0.79206,1.54668,-0.79097,0.60435,0.49067
438,poppin_party,ここから先は歌にならない,0.22510,0.84551,1.64479,-0.95772,0.21751,0.50043
439,poppin_party,青春 To Be Continued,0.36264,0.91310,1.92907,-0.81523,0.37659,0.38994
440,poppin_party,Future Place,0.50361,0.89591,1.97928,-0.82924,0.23677,-0.16541
441,poppin_party,大好き！,0.02609,0.96607,1.47195,-2.13295,-1.39927,-0.55171
442,poppin_party,Five Letters,-0.11105,1.08598,1.74541,-1.89129,-0.63657,-0.87191
443,poppin_party,最強☆ソング,0.26461,0.99391,1.94713,-1.31705,0.17324,-0.23070
444,poppin_party,RiNG A BELL,0.32200,0.96224,2.04414,-0.99045,0.08979,-0.31864
445,poppin_party,Drive Your Heart,0.28360,0.79575,1.47550,-0.81914,0.12339,-0.20309
446,poppin_party,とっておきAnswer,0.16262,0.82839,1.55085,-0.87076,0.11375,0.29388
447,poppin_party,START!! True dreams,0.30407,0.96752,1.87335,-1.19321,0.46549,-0.89546
448,poppin_party,どきどきデエト,0.24191,0.88698,1.78041,-0.92796,0.23394,0.25744
449,poppin_party,チョコレイトの低音レシピ,0.16720,1.03991,1.98414,-1.23674,0.07346,0.89960
450,poppin_party,Chu Chueen!,0.49738,0.86470,1.96415,-0.51831,0.77787,0.84986
451,poppin_party,どきどきSING OUT!,-0.16464,0.79600,1.22569,-1.20741,-0.20172,-0.18712
452,poppin_party,Freedom,0.05864,0.92250,1.50214,-1.36823,0.19474,-0.86511
453,poppin_party,Game Changer,0.74079,0.94741,2.53072,-0.46476,0.90083,0.82141
454,poppin_party,花園電気ギター！！！,0.44611,0.94221,1.95717,-1.06329,0.17603,-0.01602
455,poppin_party,す、好きなんかじゃない！,-0.00515,0.74751,1.24908,-1.12796,-0.15490,-0.66427
456,poppin_party,遠い音楽 ～ハートビート～,0.07933,0.77997,1.33285,-1.01692,0.13180,-0.63225
457,poppin_party,ほな！,0.43923,0.98522,2.24191,-0.82326,0.42003,0.57257
458,poppin_party,世界中の青空をあつめて,0.59989,0.84932,2.01352,-0.45983,0.83012,0.37900
459,poppin_party,勇気Limit！,0.36517,0.93272,2.06173,-0.81762,0.35989,0.72467
460,poppin_party,開けたらDream!,0.24373,0.79176,1.56185,-0.78812,0.49686,0.68722
461,poppin_party,絆色のアンサンブル,0.32211,0.73990,1.56204,-0.66903,0.23006,0.09794
462,poppin_party,NO GIRL NO CRY (Poppin'Party Ver.),0.25881,0.84781,1.59081,-0.85615,0.07025,-0.29742
463,poppin_party,ちゅ、多様性。 (Cover),0.38105,0.84524,1.74228,-0.79182,0.30378,1.02690
464,poppin_party,フィクション (Cover),0.38656,0.94235,2.26633,-0.88146,0.29510,0.45259
465,poppin_party,幾億光年 (Cover),0.09826,0.88480,1.76320,-0.96080,0.34757,0.44373
466,poppin_party,心絵 (Cover),-0.21036,0.81974,1.07531,-1.31020,-0.29849,-0.87919
467,poppin_party,じょいふる (Cover),0.43014,0.89286,1.69723,-0.65371,0.45344,0.58502
468,poppin_party,MATSURI BAYASHI (Cover),0.34016,0.80608,1.61040,-0.75747,0.41137,0.57391
469,poppin_party,私は最強 (Cover),0.00919,0.74378,1.21803,-0.93938,-0.27955,0.27422
470,poppin_party,トウキョウ・シャンディ・ランデヴ (Cover),0.31170,1.00844,1.98708,-1.09752,0.13372,0.35015
471,poppin_party,夜行性ハイズ (Cover),-0.08577,1.03077,1.82058,-1.51057,-0.18726,0.48537
472,poppin_party,メランコリック (Cover),0.45368,0.84478,1.85115,-0.71961,0.79093,0.82329
473,poppin_party,怪獣の花唄 (Cover),0.22875,0.76324,1.38370,-0.96702,0.03834,0.52959
474,poppin_party,光るなら (Cover),0.02887,0.86474,1.37201,-1.26455,0.04391,-0.19997
475,poppin_party,ミュージック・アワー (Cover),0.22987,0.91935,1.76968,-1.07882,0.22940,-0.41073
476,poppin_party,only my railgun (Cover),0.57152,0.96513,2.20783,-0.77205,0.15242,0.48941
477,poppin_party,ロミオとシンデレラ (Cover),0.03901,0.86160,1.50159,-1.15830,-0.02155,0.60292
478,poppin_party,Daydream café (Cover),0.21970,1.00779,2.26290,-1.05328,0.38447,0.17567
479,poppin_party,君じゃなきゃダメみたい (Cover),0.68711,0.88795,2.23468,-0.63030,0.55565,0.70862
480,poppin_party,＊〜アスタリスク〜 (Cover),0.19660,0.93144,1.80969,-1.18877,0.06298,-0.17075
481,poppin_party,DAYS of DASH (Cover),-0.03328,0.74198,1.14383,-1.01262,0.08553,0.24551
482,poppin_party,檄！帝国華撃団 (Cover),0.49620,0.87330,2.04513,-0.62382,0.36920,1.23112
483,poppin_party,DAYS (Cover),0.03324,0.91234,1.39893,-1.21791,-0.74939,0.31040
484,poppin_party,ディスカバリー！ (Cover),0.26136,0.97148,1.90573,-1.35517,-0.02205,-0.32067
485,poppin_party,チェリボム (Cover),0.14785,0.81895,1.47927,-0.97430,-0.04679,0.16670
486,poppin_party,ヴァンパイア (Cover),0.17275,0.90606,1.74211,-1.04311,0.01849,0.50625
487,poppin_party,怪物 (Cover),-0.22805,0.95087,1.49292,-1.47944,-0.07657,-0.19304
488,poppin_party,大河よ共に泣いてくれ (Cover),0.30621,0.78910,1.57671,-0.80353,0.29526,0.60025
489,poppin_party,空色デイズ (Cover),0.37559,0.77566,1.60421,-0.74305,0.88288,0.13207
490,raise_a_suilen,Invincible Fighter,0.79770,0.85127,2.42483,-0.32864,0.88475,1.06086
491,raise_a_suilen,A DECLARATION OF ×××,1.17162,0.80331,2.54387,-0.01375,1.02130,1.39360
492,raise_a_suilen,SOUL SOLDIER,0.24743,0.85546,1.63556,-1.10362,-0.77522,0.64079
493,raise_a_suilen,UNSTOPPABLE,0.55414,0.75696,1.94355,-0.38827,0.94280,0.59745
494,raise_a_suilen,HELL! or HELL?,0.66647,0.79048,1.84876,-0.56661,0.73887,1.20368
495,raise_a_suilen,Beautiful Birthday,0.80143,0.84037,2.26603,-0.51860,0.33778,0.92184
496,raise_a_suilen,Takin’ my Heart,0.54458,0.99021,1.91308,-1.36454,-0.95467,-0.08474
497,raise_a_suilen,DRIVE US CRAZY,0.34835,0.85814,2.12665,-0.56916,0.25298,0.44336
498,raise_a_suilen,!NVADE SHOW!,0.55710,0.79996,2.05582,-0.34949,0.60962,1.02616
499,raise_a_suilen,REIGNING,0.23122,0.89007,1.54020,-1.19161,-0.08650,-0.11548
500,raise_a_suilen,EXPOSE ‘Burn out!!!’,0.82262,0.75875,2.13194,-0.09010,0.63100,0.99850
501,raise_a_suilen,R・I・O・T,0.67317,0.82198,1.92492,-0.43784,-0.00605,1.00084
502,raise_a_suilen,V.I.P MONSTER,0.41903,0.89125,1.63459,-0.55627,0.06109,0.41799
503,raise_a_suilen,mind of Prominence,0.58565,0.73913,1.81495,-0.31438,0.64217,0.81086
504,raise_a_suilen,Ray of hope,0.18670,1.08310,1.59752,-2.38402,-1.88728,0.75937
505,raise_a_suilen,EXIST,-0.09401,0.81822,1.06449,-1.46587,-0.79721,-0.58260
506,raise_a_suilen,Sacred world,0.62682,0.85467,1.96683,-0.69329,0.94575,0.41124
507,raise_a_suilen,-N-E-M-E-S-I-S-,0.28071,0.72847,1.44003,-0.81075,-0.33508,0.33106
508,raise_a_suilen,DANCING DARING,0.53826,0.73052,1.73955,-0.29983,0.86346,0.37896
509,raise_a_suilen,BATTLE CRY,0.37445,0.66135,1.39543,-0.42795,0.11239,0.58715
510,raise_a_suilen,Domination to world,0.55851,0.73393,1.73341,-0.48535,0.23974,0.77472
511,raise_a_suilen,THE WAY OF LIFE,0.52639,0.74907,1.48235,-0.68013,-0.23444,0.74746
512,raise_a_suilen,灼熱 Bonfire!,0.33412,0.78425,1.71391,-0.59014,0.43585,0.38927
513,raise_a_suilen,Repaint,0.06776,0.78751,1.31815,-0.96179,-0.21514,0.78378
514,raise_a_suilen,Life on the Lotus,0.36708,0.98076,1.81522,-1.45030,-0.53267,-0.76242
515,raise_a_suilen,CORUSCATE -DNA-,0.46700,0.66683,1.48748,-0.39462,0.61322,0.58531
516,raise_a_suilen,That Is How I Roll!,0.43524,0.69146,1.43562,-0.57053,0.43481,0.16297
517,raise_a_suilen,しゅわりん☆どり～みん,0.07170,0.73685,1.22999,-1.18814,-0.46885,-0.21829
518,raise_a_suilen,パスパレボリューションず☆,0.19603,0.72848,1.26980,-1.05196,-0.19736,-0.01672
519,raise_a_suilen,えがおのオーケストラっ！,-0.21148,0.88254,1.25805,-1.48888,-0.54672,-0.23448
520,raise_a_suilen,Don't be afraid!,0.31285,0.93043,1.75776,-1.29874,-0.62014,0.18860
521,raise_a_suilen,ゆら・ゆらRing-Dong-Dance,0.28692,0.82708,1.44251,-1.13350,-0.52231,0.52299
522,raise_a_suilen,Hey-day狂騒曲(カプリチオ),0.32327,0.75138,1.47234,-0.89550,0.00585,-0.07323
523,raise_a_suilen,Scarlet Sky,0.44523,0.69757,1.51582,-0.62031,0.82271,0.04677
524,raise_a_suilen,ゴーカ！ごーかい！？ファントムシーフ！,0.24519,0.82039,1.55058,-1.09174,-0.39512,0.08678
525,raise_a_suilen,R・I・O・T,0.36493,0.89480,1.67669,-1.27121,-0.23643,-0.62730
526,raise_a_suilen,That Is How I Roll! (ライブ / アンコール),0.26382,0.81194,1.38174,-1.16391,-0.28164,-0.64615
527,raise_a_suilen,R･I･O･T (ライブ / アンコール),0.55114,0.92726,1.90648,-1.09621,-0.53706,0.67209
528,raise_a_suilen,Apocalypse,0.29564,0.87089,1.80296,-0.94956,0.58618,0.35119
529,raise_a_suilen,TWIN TALE,0.62151,0.65250,1.59922,-0.24912,0.57711,0.64379
530,raise_a_suilen,STRAY CERBERUS,0.64515,0.84746,2.03669,-0.65198,0.16484,0.34897
531,raise_a_suilen,BERSER-KEY,0.09105,0.77633,1.27947,-1.15217,-0.73940,0.22277
532,raise_a_suilen,POLARIS,0.28579,0.73777,1.56527,-0.70947,0.03637,-0.13567
533,raise_a_suilen,HOWLING AMBITION,0.88654,0.70887,2.18149,0.06254,1.13385,1.12697
534,raise_a_suilen,VIVID FIRST TIME,0.57353,0.65621,1.56461,-0.12937,0.59972,0.85322
535,raise_a_suilen,'FIGHT' ADDICT,0.86246,0.74930,2.02915,-0.20993,0.81310,0.85785
536,raise_a_suilen,Drown Out the Noise and Push Through the Trash,-0.05391,0.85155,1.28261,-1.51536,0.15722,0.02290
537,raise_a_suilen,FIVE as ONE,0.41755,0.76501,1.67933,-0.64771,-0.04526,0.40810
538,raise_a_suilen,EXPOSE 'Burn out!!!' (English),0.79929,0.73086,2.04186,-0.11439,0.64394,0.89406
539,raise_a_suilen,Takin' my Heart (English),0.65940,1.01515,2.13521,-1.34177,-0.97094,-0.21126
540,raise_a_suilen,WELCOME TO PANDEMONIUM,0.62267,0.60665,1.54921,-0.19863,0.60387,0.94447
541,raise_a_suilen,WHAT AN EXPLOSION,0.43410,0.76025,1.67966,-0.51411,0.27083,0.46503
542,raise_a_suilen,RUNAWAY STAR,0.37489,0.69226,1.45780,-0.38879,0.38569,0.52168
543,raise_a_suilen,Bad Kids All Bet,0.98090,0.73003,2.19354,0.03974,1.23394,1.07566
544,raise_a_suilen,Light a fire,-0.57046,1.08140,0.93476,-2.67324,-2.09548,-1.79349
545,raise_a_suilen,Embrace of light,-0.09984,0.89623,1.51122,-1.50420,-1.10737,-0.29814
546,raise_a_suilen,OUTSIDER RODEO,0.55370,0.67256,1.61320,-0.45628,0.36884,0.55888
547,raise_a_suilen,JUST THE WAY I AM,0.45844,0.75830,1.74226,-0.37435,0.72176,0.85603
548,raise_a_suilen,ラスハピーポー！,0.70551,0.70620,1.88857,-0.20797,0.54328,0.70250
549,raise_a_suilen,1/3の純情な感情 (Cover),0.73794,0.93961,2.35467,-0.45643,-0.05621,0.90399
550,raise_a_suilen,ヒトリノ夜 (Cover),0.59638,0.81569,1.90691,-0.58688,0.08567,1.03552
551,raise_a_suilen,激動 (Cover),0.38868,1.14101,2.12369,-1.75588,-1.77690,0.78767
552,raise_a_suilen,メギツネ (Cover),0.24080,0.64847,1.10488,-0.49055,0.10791,0.62179
553,raise_a_suilen,Bling-Bang-Bang-Born (Cover),0.51785,1.00334,2.36444,-0.82871,0.44462,1.05189
554,raise_a_suilen,第六感 (Cover),0.87593,0.97561,2.75059,-0.36936,1.37358,0.88845
555,raise_a_suilen,革命道中 (Cover),0.41162,0.97348,2.17601,-0.92848,0.76129,0.68001
556,raise_a_suilen,Get Wild (Cover),0.41685,0.88895,1.70164,-1.03988,0.13248,0.27729
557,raise_a_suilen,ボッカデラべリタ (Cover),0.24546,0.80728,1.63703,-0.83045,0.40496,0.06166
558,raise_a_suilen,第ゼロ感 (Cover),0.38403,0.85541,1.73152,-1.19004,0.29592,-0.90408
559,raise_a_suilen,劣等上等 (Cover),0.62588,0.87876,2.39706,-0.40919,0.66183,1.07420
560,raise_a_suilen,Just Awake (Cover),0.29579,0.70900,1.32055,-0.68593,0.37379,0.63921
561,raise_a_suilen,Keep the Heat and Fire Yourself Up (Cover),0.46319,0.77666,1.65665,-0.75496,0.44296,0.76479
562,raise_a_suilen,ボッカデラベリタ (Cover),0.16474,0.78885,1.51478,-0.87076,0.33241,0.00062
563,raise_a_suilen,VORACITY (Cover),0.20845,0.80713,1.65897,-0.69929,0.33388,0.59020
564,raise_a_suilen,神っぽいな (Cover),0.36100,0.84995,1.70714,-0.60683,-0.20695,0.79834
565,raise_a_suilen,狂乱 Hey Kids!! (Cover),0.25444,0.70544,1.50717,-0.55861,0.55549,0.51063
566,raise_a_suilen,SAVIOR OF SONG (Cover),0.37887,0.84477,1.76773,-0.94676,0.46046,0.56486
567,raise_a_suilen,恋しさとせつなさと心強さと (Cover),-0.06326,0.82934,1.42857,-1.13702,-0.03200,0.56936
568,raise_a_suilen,DEPARTURES (Cover),-0.31900,0.93542,1.22940,-1.74679,-0.28351,-0.72980
569,raise_a_suilen,CORE PRIDE (Cover),0.43034,0.68428,1.60813,-0.43440,0.37541,0.57379
570,roselia,Neo-Aspect,0.20525,0.68738,1.19842,-0.87677,-0.06116,-0.02179
571,roselia,BLACK SHOUT,0.01992,0.78496,1.06124,-1.30456,-0.71042,0.07958
572,roselia,Opera of the wasteland,0.02147,0.83586,1.29704,-1.37868,-1.25115,0.03915
573,roselia,陽だまりロードナイト,-0.10118,0.79627,1.19738,-1.22907,0.01608,-0.19594
574,roselia,ONENESS,0.05190,0.80660,1.25740,-1.01461,-0.17828,0.19774
575,roselia,Re:birth day,-0.00676,0.85505,1.21227,-1.39045,-0.11908,0.25904
576,roselia,Legendary,0.07859,0.64449,1.18821,-0.83462,0.22799,-0.00013
577,roselia,- HEROIC ADVENT -,0.06978,0.77924,1.22209,-0.94093,-0.26484,0.54963
578,roselia,Determination Symphony,0.27197,0.75849,1.56644,-0.73326,0.38849,0.56972
579,roselia,熱色スターマイン,0.31273,0.79315,1.56355,-0.75778,-0.12010,0.49410
580,roselia,軌跡,-0.62768,1.04079,0.89018,-2.51348,-2.13036,0.39904
581,roselia,LOUDER,-0.01200,0.69557,1.12871,-1.06453,0.12641,-0.50850
582,roselia,R,0.35884,0.90858,1.94300,-0.82434,0.80107,-0.27405
583,roselia,BRAVE JEWEL,-0.08365,0.79977,1.02768,-1.46523,-0.01238,0.03866
584,roselia,FIRE BIRD,-0.45702,0.67109,0.65092,-1.45248,-0.31017,-1.01857
585,roselia,Safe and Sound,0.05179,0.84861,1.43047,-1.09527,-0.41960,0.44450
586,roselia,Avant-garde HISTORY,0.12193,0.77071,1.26574,-1.02073,0.00756,0.11773
587,roselia,Break your desire,0.06511,0.80836,1.49632,-0.92092,-0.34486,0.73727
588,roselia,Neo-Aspect,0.14334,0.72163,1.12963,-0.83954,-0.02218,0.48262
589,roselia,約束,0.07225,0.68141,1.07990,-0.86082,-0.33363,0.32735
590,roselia,"""UNIONS"" Road",-0.20436,0.74438,0.95132,-1.30701,-0.68428,-0.31941
591,roselia,Song I am.,0.34820,0.89304,1.56472,-1.10128,-0.06734,1.46799
592,roselia,Sage der Rosen,-0.29020,0.72461,0.76624,-1.49008,-1.41882,0.10740
593,roselia,覚悟のLiberation,0.20160,0.67793,1.23470,-0.77821,0.27762,0.79351
594,roselia,Keep Heart,0.15776,0.73152,1.22730,-0.85938,-0.01908,-0.10478
595,roselia,Original Call,0.00423,0.83297,1.27202,-1.21109,-0.48507,-0.28256
596,roselia,Always recall.,0.23853,0.85436,1.59252,-0.93434,0.18437,0.10378
597,roselia,Floral Haven,-0.10994,0.87684,1.01753,-1.54572,-0.96325,-0.04652
598,roselia,Sprechchor,-0.25594,0.94918,0.96657,-1.87108,-1.52616,0.31975
599,roselia,閃光,-0.26108,0.79271,0.92741,-1.53575,-0.75147,-0.11482
600,roselia,THE HISTORIC...,0.13440,0.70649,1.33832,-0.95790,-0.59403,0.12072
601,roselia,ROZEN HORIZON,0.07697,0.63828,1.13094,-0.91290,-0.51009,-0.03626
602,roselia,廻廻奇譚,0.55059,0.91860,2.08879,-0.85967,1.10037,0.93255
603,roselia,鳥の詩,-0.09134,0.94677,1.25002,-2.20946,-1.32166,-1.52440
604,roselia,Synchrogazer,0.46382,0.72472,1.52024,-0.59625,1.01170,1.37369
605,roselia,名前のない怪物,0.31011,0.94140,1.68660,-1.15187,1.02412,0.81212
606,roselia,Dazzle the Destiny,0.02702,0.60845,0.90917,-0.76719,-0.14958,0.20300
607,roselia,Grateful Melting,-0.28310,0.87787,0.95046,-1.79559,-1.25058,0.31487
608,roselia,Second to None,0.30867,0.73806,1.54582,-0.67329,0.08478,0.47404
609,roselia,Steadfast Spirits,0.06639,0.72075,1.08340,-0.98449,-0.50700,0.23769
610,roselia,紫炎,0.21952,0.63665,1.12969,-0.51611,0.17358,0.77351
611,roselia,XV,0.64913,0.68703,1.75799,-0.28094,0.83000,0.66875
612,roselia,Blessing Chord,-0.09461,0.72678,1.03074,-1.09668,-0.72505,0.52028
613,roselia,Fear Nothing,0.39339,0.73484,1.45037,-0.82285,0.24043,0.40690
614,roselia,PASSIONATE ANTHEM,0.29077,0.84627,1.74141,-0.94601,-0.26608,0.52512
615,roselia,Requiem for Fate,0.19180,0.68956,1.19493,-0.92937,-0.50524,0.32658
616,roselia,Sanctuary,-0.16879,0.77734,0.98659,-1.30401,-1.08896,0.68073
617,roselia,Sunlit Musical,0.35945,0.88968,1.62314,-1.21428,-1.10816,0.40737
618,roselia,Talk to My Tone,0.03980,0.90084,1.25897,-1.65070,-1.06780,-0.34600
619,roselia,一逢のFull Glory,0.06060,0.92691,1.47157,-1.37785,0.25525,-0.64007
620,roselia,礎の花冠,0.21859,0.77654,1.46639,-0.88567,-0.13412,0.47337
621,roselia,FRONTIER FANTASIA,0.06965,0.90117,1.39306,-1.43103,-0.91929,-0.13563
622,roselia,Dear Gleam,-0.03500,0.75377,1.00405,-1.24630,-0.52497,-0.09112
623,roselia,Call the shots,-0.04102,0.71809,0.99100,-1.02010,-0.70705,-0.41735
624,roselia,THRONE OF ROSE,-0.10702,0.68439,0.93484,-0.95086,-0.13462,0.23448
625,roselia,VIOLET LINE,0.03536,0.71604,1.06971,-1.09881,-0.22374,0.20820
626,roselia,Ringing Bloom,0.22307,0.84601,1.41520,-1.49901,-1.25164,-0.48365
627,roselia,ZEAL of proud,0.23669,0.70455,1.30256,-0.77463,0.14610,0.53138
628,roselia,Singing “OURS”,-0.37581,0.93581,1.18755,-1.65528,-1.47745,-0.05074
629,roselia,競宴Red×Violet,0.08467,0.77715,1.36883,-0.94345,-0.19022,0.11780
630,roselia,overtuRe,0.14616,0.69428,1.22195,-0.86965,0.11954,0.21228
631,roselia,Proud of oneself,0.09418,0.74667,1.30479,-0.93313,-0.11867,0.01305
632,roselia,Sing Alive,0.02570,0.97242,1.46655,-1.64091,-0.84895,-0.05757
633,roselia,Swear ～Night & Day～,-0.57727,0.85016,0.81800,-2.02951,-0.97417,0.01303
634,roselia,Reweave (Cover),0.40411,0.81883,1.61402,-0.91869,-0.53687,0.80113
635,roselia,ヒバナ -Reloaded- (Cover),0.78017,0.75873,1.97441,-0.41435,0.77997,1.12495
636,roselia,ファタール (Cover),0.21722,0.93371,1.74544,-1.24229,-0.41096,0.15768
637,roselia,HONEY (Cover),0.05487,0.76440,1.14336,-1.27659,-0.34799,-0.45818
638,roselia,悪魔の子 (Cover),-0.06344,1.07765,1.75386,-1.95781,-0.02004,-1.00164
639,roselia,slash (Cover),0.18743,0.95971,1.78631,-1.19757,-0.41342,0.53628
640,roselia,右肩の蝶 (Cover),0.47841,0.71703,1.51970,-0.54087,0.78279,0.68546
641,roselia,乙女解剖 (Cover),0.59200,0.80844,1.86443,-0.71022,0.43545,0.77263
642,roselia,六兆年と一夜物語 (Cover),0.31652,0.91863,1.71944,-1.07067,-0.20947,1.37115
643,roselia,残酷な天使のテーゼ (Cover),0.21980,0.93219,1.46893,-1.65401,0.16028,-0.01075
644,roselia,海色 (Cover),0.43595,0.85674,1.70623,-0.79807,0.48583,0.67387
645,roselia,ETERNAL BLAZE (Cover),0.24755,0.79625,1.57302,-0.85238,0.11449,0.43346
646,roselia,魂のルフラン (Cover),-0.21708,0.92472,1.23392,-1.57359,-0.70711,0.66910
647,roselia,This game (Cover),0.05194,0.93391,1.41176,-1.83050,-1.31972,0.56115
648,roselia,スカイクラッドの観測者 (Cover),0.11444,0.93920,1.42344,-1.58668,-1.34606,-0.23741
649,roselia,シャルル (Cover),0.58525,0.80028,1.85884,-0.49484,0.55472,1.31364
650,roselia,新時代 (Cover),0.10993,0.84615,1.57626,-1.07762,0.21587,0.12926
651,roselia,革命デュアリズム (Cover),0.32630,0.78250,1.62434,-0.64795,0.21765,0.76517
652,roselia,Red fraction (Cover),0.47843,0.85184,1.81620,-0.85530,-0.23644,0.63456
653,roselia,深愛 (Cover),0.14382,0.79127,1.31789,-0.99544,-0.71702,0.54762
654,roselia,Paradisus‐Paradoxum (Cover),0.17427,0.80555,1.43235,-1.19803,-0.29497,0.39676
655,roselia,Realize (Cover),0.55530,0.89078,2.01368,-0.80403,0.20253,1.37964
656,roselia,Preserved Roses (Cover),0.82332,0.78540,2.01615,-0.39378,1.01034,0.83371
657,roselia,My Dearest (Cover),-0.19845,0.80118,1.06487,-1.35632,-0.31932,-0.07097
658,roselia,Shangri-La (Cover),0.30393,0.79182,1.48328,-0.90892,0.16196,0.45735
659,roselia,KING (Cover),0.60617,0.75515,1.72251,-0.57244,0.83666,0.66271
660,mygo,素寄曲,-0.14503,0.75149,0.94152,-1.21284,-0.33964,-0.26058
661,mygo,羅永線,0.33360,0.73744,1.43599,-0.58918,0.31144,0.37449
662,mygo,騒混出,0.32890,0.80683,1.42084,-0.84730,0.12288,-0.12639
