idx,band,song,duration_sec,bpm_autocorr,extract_sec,error,bpm_madmom,beat_count,beat_interval_median_sec,halftime_flag,official_bpm,ratio,octave_class
0,afterglow,ON YOUR MARK,241.35,143.5546875,13.1,,187.49999999999568,745.0,0.32,False,185.0,1.01351351351349,
1,afterglow,That Is How I Roll!,239.31,112.34714673913044,12.44,,181.8181818181749,720.0,0.33,False,180.0,1.0101010101009718,
2,afterglow,SENSENFUKOKU,246.27,129.19921875,13.01,,200.0000000000007,821.0,0.3,False,200.0,1.0000000000000036,
3,afterglow,I knew it!,291.03,80.74951171875,23.38,,199.99999999999952,970.0,0.3,False,200.0,0.9999999999999976,
4,afterglow,ツナグ、ソラモヨウ,248.73,75.99954044117646,19.84,,193.5483870967728,796.0,0.31,False,192.0,1.0080645161290251,
5,afterglow,Hey-day狂騒曲(カプリチオ),233.42,129.19921875,18.63,,157.89473684210716,616.0,0.38,False,158.0,0.9993337774816909,
6,afterglow,"Easy come, Easy go!",243.39,287.109375,19.27,,136.36363636363706,677.0,0.44,True,135.0,1.0101010101010153,
7,afterglow,Sasanqua,236.61,129.19921875,18.98,,199.9999999999924,781.0,0.3,False,198.0,1.0101010101009718,
8,afterglow,RED RED RED,224.08,117.45383522727272,17.85,,187.500000000004,703.0,0.32,False,188.0,0.9973404255319362,
9,afterglow,ONE OF US,282.0,135.99917763157896,22.99,,206.8965517241436,986.0,0.29,False,210.0,0.9852216748768743,
10,afterglow,Y.O.L.O!!!!!,270.64,129.19921875,22.21,,206.8965517241436,935.0,0.29,False,210.0,0.9852216748768743,
11,afterglow,Scarlet Sky,228.85,73.828125,17.91,,181.8181818181749,688.0,0.33,False,180.0,1.0101010101009718,
12,afterglow,Off we go.,251.64,151.99908088235293,19.63,,181.8181818181749,757.0,0.33,False,180.0,1.0101010101009718,
13,afterglow,いつも通りのBrand new days,237.08,95.703125,18.41,,193.5483870967728,759.0,0.31,False,192.0,1.0080645161290251,
14,afterglow,SWITCH ON NOW,207.03,143.5546875,16.57,,200.0000000000007,688.0,0.3,False,200.0,1.0000000000000036,
15,afterglow,ランブリングメモリー,324.56,71.77734375,24.5,,125.0000000000008,682.0,0.48,False,125.0,1.0000000000000064,
16,afterglow,COMIC PANIC!!!,280.31,103.359375,21.78,,206.8965517241436,980.0,0.29,False,210.0,0.9852216748768743,
17,afterglow,Trouble Joyful!!,237.65,161.4990234375,18.28,,193.5483870967728,769.0,0.31,False,194.0,0.9976720984369732,
18,afterglow,Jamboree!Journey!,259.57,135.99917763157896,18.74,,157.89473684209534,676.0,0.38,False,156.0,1.0121457489877907,
19,afterglow,カナユメ,307.22,123.046875,22.96,,124.99999999999989,641.0,0.48,False,125.0,0.9999999999999991,
20,afterglow,独創収差,276.29,184.5703125,21.08,,125.00000000000269,582.0,0.48,False,126.0,0.9920634920635134,
21,afterglow,極彩色,238.29,99.38401442307692,18.33,,187.49999999999568,735.0,0.32,False,185.0,1.01351351351349,
22,afterglow,サクラゼンセン,249.07,143.5546875,18.9,,142.85714285714226,702.0,0.42,True,140.0,1.020408163265302,
23,afterglow,True color,253.03,103.359375,19.33,,162.16216216216017,680.0,0.37,False,160.0,1.0135135135135012,
24,afterglow,Crow Song,244.03,172.265625,19.16,,171.4285714285742,710.0,0.35,False,174.0,0.9852216748768632,
25,afterglow,カサブタ,196.59,234.90767045454547,14.73,,171.4285714285742,565.0,0.35,False,172.0,0.9966777408638035,
26,afterglow,アイのシナリオ,259.66,172.265625,19.81,,181.8181818181749,780.0,0.33,False,180.0,1.0101010101009718,
27,afterglow,Northern lights,208.64,161.4990234375,17.1,,136.36363636363265,470.0,0.44,False,135.0,1.0101010101009826,
28,afterglow,トーキョーワンダー。,153.29,86.1328125,12.45,,136.36363636363706,352.0,0.44,False,138.0,0.9881422924901236,
29,afterglow,Reach Out To The Truth,171.18,172.265625,13.87,,171.4285714285707,486.0,0.35,False,170.0,1.0084033613445336,
30,afterglow,Listen!!,227.32,135.99917763157896,18.12,,176.47058823529235,665.0,0.34,False,175.0,1.0084033613445278,
31,afterglow,青い栞,336.32,123.046875,26.63,,133.33333333332828,740.0,0.45,False,132.0,1.0101010101009718,
32,afterglow,イマジネーション,177.7,129.19921875,14.14,,206.89655172413347,606.0,0.29,False,204.0,1.0141987829614385,
33,afterglow,Butter-Fly,250.03,86.1328125,19.92,,171.4285714285742,714.0,0.35,False,171.0,1.0025062656641766,
34,afterglow,燦々,194.62,143.5546875,16.06,,193.548387096775,636.0,0.31,False,196.0,0.9874917709019133,
36,afterglow,IGNITE GLOW,267.1,143.5546875,21.04,,133.33333333332828,588.0,0.45,False,132.0,1.0101010101009718,
37,afterglow,ペトリコール・オベーション,218.95,123.046875,17.17,,187.49999999999568,676.0,0.32,False,185.0,1.01351351351349,
38,afterglow,Made My Day,243.91,123.046875,19.21,,187.500000000004,703.0,0.32,False,190.0,0.986842105263179,
39,afterglow,Glowing After,254.3,198.76802884615384,19.35,,199.9999999999924,839.0,0.3,False,198.0,1.0101010101009718,
40,afterglow,A Sunset So Bright,231.1,151.99908088235293,18.05,,187.500000000004,732.0,0.32,False,190.0,0.986842105263179,
41,afterglow,Start as Usual,275.96,78.30255681818181,21.73,,181.8181818181749,824.0,0.33,False,180.0,1.0101010101009718,
42,afterglow,“Say cheese!!!!!”,260.59,129.19921875,19.9,,120.0,523.0,0.5,False,120.0,1.0,
43,afterglow,花笑みのデュオ,250.1,161.4990234375,19.66,,200.0000000000007,834.0,0.3,False,200.0,1.0000000000000036,
44,afterglow,READY STEADY GO (Cover),220.86,258.3984375,17.67,,142.85714285714468,529.0,0.42,False,144.0,0.9920634920635047,
45,afterglow,abnormalize (Cover),219.03,161.4990234375,17.64,,176.47058823529235,640.0,0.34,False,175.0,1.0084033613445278,
46,afterglow,メンタルチェンソー (Cover),177.1,103.359375,13.96,,187.5,556.0,0.32,False,188.0,0.9973404255319149,
47,afterglow,Bunny Girl (Cover),216.92,143.5546875,16.94,,162.16216216216017,580.0,0.37,False,160.0,1.0135135135135012,
48,afterglow,オレンジ (Cover),235.31,198.76802884615384,18.4,,199.9999999999924,627.0,0.3,True,200.0,0.999999999999962,
49,afterglow,カゲロウデイズ (Cover),233.48,135.99917763157896,18.48,,200.00000000000043,779.0,0.3,False,200.0,1.0000000000000022,
50,afterglow,DAY×DAY (Cover),218.77,95.703125,17.15,,193.5483870967728,704.0,0.31,False,193.0,1.0028413839211026,
51,afterglow,ロキ (Cover),229.61,161.4990234375,18.1,,149.99999999999787,572.0,0.4,False,150.0,0.9999999999999858,
52,afterglow,CHAINSAW BLOOD (Cover),202.68,184.5703125,16.02,,146.34146341463537,497.0,0.41,False,147.0,0.9955201592832338,
53,afterglow,チルドレンレコード (Re:boot) (Cover),189.42,143.5546875,14.66,,206.89655172413347,584.0,0.29,False,206.0,1.0043521928355994,
54,afterglow,青のすみか (Cover),197.15,99.38401442307692,15.36,,153.846153846148,503.0,0.39,False,152.0,1.0121457489878158,
55,afterglow,GO!!! (Cover),239.34,123.046875,18.92,,133.3333333333367,535.0,0.45,False,134.0,0.9950248756219157,
56,afterglow,天ノ弱 (Cover),187.52,184.5703125,15.42,,200.0000000000019,625.0,0.3,False,200.0,1.0000000000000095,
57,afterglow,アスノヨゾラ哨戒班 (Cover),191.76,123.046875,15.38,,187.49999999999568,592.0,0.32,False,185.0,1.01351351351349,
58,afterglow,瞬間センチメンタル (Cover),230.69,107.666015625,18.52,,166.66666666666694,648.0,0.36,False,168.0,0.9920634920634936,
59,afterglow,プライド革命 (Cover),238.25,135.99917763157896,18.54,,187.49999999999568,735.0,0.32,False,185.0,1.01351351351349,
60,afterglow,命に嫌われている。 (Cover),273.82,198.76802884615384,21.67,,199.99999999999952,821.0,0.3,False,200.0,0.9999999999999976,
61,afterglow,Redo (Cover),261.28,123.046875,20.57,,187.500000000004,755.0,0.32,False,190.0,0.986842105263179,
62,afterglow,インフェルノ (Cover),214.04,184.5703125,16.52,,187.49999999999568,661.0,0.32,False,185.0,1.01351351351349,
63,afterglow,ドラマツルギー (Cover),238.23,184.5703125,18.72,,150.0000000000032,704.0,0.4,True,149.0,1.0067114093959948,
64,afterglow,COLORS (Cover),218.32,129.19921875,17.15,,136.36363636363706,495.0,0.44,False,136.0,1.002673796791449,
65,afterglow,午夜の待ち合わせ (Cover),171.24,129.19921875,13.34,,187.500000000004,542.0,0.32,False,189.0,0.9920634920635133,
66,afterglow,サムライハート（Some Like It Hot!!） (Cover),190.43,107.666015625,15.06,,113.20754716981108,360.0,0.53,False,113.0,1.001836700617797,
67,afterglow,ベノム (Cover),198.07,135.99917763157896,15.67,,153.846153846148,502.0,0.39,False,152.0,1.0121457489878158,
69,afterglow,Part of the Life,88.46,184.5703125,7.04,,187.49999999999983,273.0,0.32,False,185.0,1.0135135135135125,
70,afterglow,Punchline Halloween!!!,233.89,184.5703125,17.91,,181.8181818181749,702.0,0.33,False,180.0,1.0101010101009718,
71,afterglow,I love your way！,263.4,129.19921875,19.99,,260.8695652173868,1117.0,0.23,False,130.0,2.0066889632106677,double(2x)
72,ave_mujica,KiLLKiSS,208.53,161.4990234375,15.79,,199.9999999999972,663.0,0.3,False,200.0,0.9999999999999859,
73,ave_mujica,"Georgette Me, Georgette You",234.22,117.45383522727272,17.82,,142.85714285714226,554.0,0.42,False,142.0,1.0060362173038189,
74,ave_mujica,Imprisoned XII,191.57,161.4990234375,14.43,,105.2631578947368,335.0,0.57,False,158.0,0.666222518321119,
75,ave_mujica,Crucifix X,298.51,143.5546875,23.21,,103.44827586206674,504.0,0.58,False,103.0,1.0043521928355994,
76,ave_mujica,八芒星ダンス,231.17,135.99917763157896,17.75,,115.38461538461311,455.0,0.52,False,114.0,1.0121457489878343,
77,ave_mujica,顔,241.73,56.17357336956522,18.76,,139.53488372093034,565.0,0.43,False,140.0,0.9966777408637881,
79,ave_mujica,黒のバースデイ,233.96,135.99917763157896,17.87,,199.9999999999924,751.0,0.3,False,198.0,1.0101010101009718,
83,ave_mujica,Mas?uerade Rhapsody Re?uest,249.65,123.046875,18.99,,187.500000000004,744.0,0.32,False,190.0,0.986842105263179,
84,ave_mujica,Ave Mujica,277.68,107.666015625,21.26,,113.2075471698126,644.0,0.53,True,222.0,0.509943906170327,half(0.5x)
106,hello_happy_world,キミがいなくちゃっ！,243.55,151.99908088235293,18.53,,124.99999999999896,504.0,0.48,False,124.0,1.0080645161290238,
107,hello_happy_world,ハイファイブ∞あどべんちゃっ,272.28,129.19921875,21.83,,199.9999999999924,899.0,0.3,False,198.0,1.0101010101009718,
108,hello_happy_world,スマイルブーケで た〜まや〜！,271.96,143.5546875,20.86,,150.00000000000054,682.0,0.4,False,151.0,0.9933774834437122,
109,hello_happy_world,えがお･シング･あ･ソング,248.72,151.99908088235293,19.01,,149.99999999999787,620.0,0.4,False,150.0,0.9999999999999858,
110,hello_happy_world,YAPPY! SCHOOL CARNIVAL☆彡,235.02,161.4990234375,18.03,,171.4285714285742,675.0,0.35,False,172.0,0.9966777408638035,
111,hello_happy_world,にこ×にこ=ハイパースマイルパワー！,233.06,184.5703125,18.06,,187.500000000004,738.0,0.32,False,190.0,0.986842105263179,
112,hello_happy_world,ないすみちゅっ！,256.89,92.28515625,19.9,,176.47058823529235,748.0,0.34,False,174.0,1.0141987829614503,
113,hello_happy_world,ゴーカ！ごーかい！？ファントムシーフ！,219.36,103.359375,16.85,,214.28571428571345,758.0,0.28,False,215.0,0.9966777408637835,
114,hello_happy_world,うぃーきゃん☆フレフレっ！,239.36,129.19921875,18.48,,181.8181818181749,717.0,0.33,False,180.0,1.0101010101009718,
115,hello_happy_world,えがおのオーケストラっ！,229.75,135.99917763157896,17.79,,139.534883720928,529.0,0.43,False,138.0,1.011122345803826,
116,hello_happy_world,にこにこねくと！,250.46,151.99908088235293,19.21,,166.66666666666694,700.0,0.36,False,167.0,0.9980039920159697,
117,hello_happy_world,ふぁいぶスマイル◯オールインっ！,246.03,83.35433467741936,20.05,,125.00000000000269,513.0,0.48,False,126.0,0.9920634920635134,
118,hello_happy_world,せかいのっびのびトレジャー！,212.44,172.265625,16.47,,193.5483870967728,656.0,0.31,False,85.0,2.2770398481973273,
119,hello_happy_world,きらっ☆と キミフェス！,230.75,123.046875,17.71,,127.6595744680854,493.0,0.47,False,128.0,0.9973404255319172,
120,hello_happy_world,うちゃパ！で ぱっぴかポーんっ！,217.46,143.5546875,17.31,,193.5483870967728,695.0,0.31,False,194.0,0.9976720984369732,
121,hello_happy_world,はれやか すこやか ぴかりんりん♪,255.87,234.90767045454547,20.28,,115.38461538461311,489.0,0.52,False,230.0,0.5016722408026657,half(0.5x)
122,hello_happy_world,ふわふわ☆ゆめいろサンドイッチ,291.53,112.34714673913044,22.06,,130.43478260869338,632.0,0.46,False,130.0,1.0033444816053336,
123,hello_happy_world,Happy! Happier! Happiest!,242.61,86.1328125,19.0,,171.4285714285742,697.0,0.35,False,172.0,0.9966777408638035,
124,hello_happy_world,現るっ！大怪盗ハロハッピー！,223.79,172.265625,17.3,,181.8181818181906,687.0,0.33,False,184.0,0.9881422924901663,
125,hello_happy_world,わちゃ・もちゃ・ぺったん行進曲,232.9,161.4990234375,18.11,,162.16216216216017,623.0,0.37,False,160.0,1.0135135135135012,
126,hello_happy_world,おもいでイルミネーション,252.41,161.4990234375,19.91,,166.66666666666035,696.0,0.36,False,165.0,1.0101010101009718,
127,hello_happy_world,おもいやりハーモニー,231.03,135.99917763157896,17.98,,136.36363636363046,519.0,0.44,False,135.0,1.0101010101009664,
128,hello_happy_world,ハピネスっ！ハピィーマジカルっ♪,210.42,184.5703125,16.06,,181.8181818181906,646.0,0.33,False,184.0,0.9881422924901663,
129,hello_happy_world,えがお、あーゆーれでぃ???,225.84,143.5546875,17.6,,139.534883720928,520.0,0.43,False,138.0,1.011122345803826,
130,hello_happy_world,ハッピーサマーウェディング,284.19,172.265625,22.41,,127.6595744680854,607.0,0.47,False,128.0,0.9973404255319172,
131,hello_happy_world,ひまわりの約束,307.01,103.359375,23.65,,78.94736842105358,483.0,0.76,True,79.0,0.9993337774816909,
132,hello_happy_world,ハッピー☆マテリアル,224.76,107.666015625,17.58,,162.16216216216228,613.0,0.37,False,163.0,0.9948598905654127,
133,hello_happy_world,太陽曰く燃えよカオス,238.72,99.38401442307692,17.61,,142.85714285714226,567.0,0.42,False,143.0,0.9990009990009948,
134,hello_happy_world,エクストラ・マジック・アワー,255.02,60.09265988372093,19.41,,181.8181818181749,767.0,0.33,False,180.0,1.0101010101009718,
135,hello_happy_world,コレカラ,214.65,161.4990234375,16.52,,162.16216216216017,582.0,0.37,False,162.0,1.0010010010009887,
136,hello_happy_world,全力少年,241.33,89.10290948275862,18.01,,133.3333333333367,539.0,0.45,False,134.0,0.9950248756219157,
137,hello_happy_world,オレンジ,277.92,135.99917763157896,20.9,,139.53488372093034,648.0,0.43,False,140.0,0.9966777408637881,
138,hello_happy_world,Happy Girl,237.71,95.703125,19.03,,146.3414634146341,575.0,0.41,False,145.0,1.0092514718250627,
139,hello_happy_world,ン・パカマーチ,155.68,117.45383522727272,11.95,,117.64705882352824,305.0,0.51,False,117.0,1.0055304172951132,
140,hello_happy_world,サンバロハッピ〜！,216.02,161.4990234375,16.67,,127.65957446808638,465.0,0.47,False,129.0,0.9896091044037704,
141,hello_happy_world,ボクらの夏's☆ショーたいむっ！！,206.49,161.4990234375,15.78,,176.4705882352942,614.0,0.34,False,178.0,0.9914077990746866,
142,hello_happy_world,むすんでわらって,241.5,86.1328125,19.01,,130.43478260869338,524.0,0.46,False,130.0,1.0033444816053336,
143,hello_happy_world,キミを れっつ・はぶ・ふぁん♪,234.57,103.359375,18.48,,157.89473684210716,616.0,0.38,False,158.0,0.9993337774816909,
144,hello_happy_world,らいふ・いず・みゅーじかるっ♪♪♪,237.23,86.1328125,18.03,,139.53488372093034,554.0,0.43,False,140.0,0.9966777408637881,
145,hello_happy_world,れっつ・スマイル・すとり〜みんぐっ♪,227.18,95.703125,17.7,,149.99999999999787,558.0,0.4,False,150.0,0.9999999999999858,
146,hello_happy_world,やっほー！いっぽ！わんだふぉー！,212.03,151.99908088235293,16.53,,315.7894736842025,825.0,0.19,True,158.0,1.998667554963307,double(2x)
147,hello_happy_world,とーくとぅみー・とーくとぅゆー,208.21,258.3984375,15.94,,136.36363636363706,476.0,0.44,False,137.0,0.9953550099535552,
148,hello_happy_world,ハイタッチ／＼びりーばーず☆,254.11,151.99908088235293,19.81,,166.66666666666035,702.0,0.36,False,165.0,1.0101010101009718,
149,hello_happy_world,Listen to Smile!,243.86,184.5703125,18.79,,127.6595744680854,517.0,0.47,False,127.0,1.005193499748704,
150,hello_happy_world,スマイリーキャロル,246.78,112.34714673913044,19.46,,109.09090909091248,454.0,0.55,False,220.0,0.4958677685950567,half(0.5x)
151,hello_happy_world,えがお、み〜っけた！,270.19,258.3984375,21.16,,142.85714285714226,642.0,0.42,False,143.0,0.9990009990009948,
152,hello_happy_world,上海ハニー (Cover),177.98,86.1328125,14.21,,130.4347826086954,386.0,0.46,False,130.0,1.0033444816053492,
154,hello_happy_world,ヒャダインのじょーじょーゆーじょー (Cover),250.9,215.33203125,19.76,,200.0000000000001,835.0,0.3,False,200.0,1.0000000000000007,
155,hello_happy_world,はいよろこんで (Cover),159.93,161.4990234375,12.26,,146.34146341463537,395.0,0.41,False,147.0,0.9955201592832338,
156,hello_happy_world,シカ色デイズ (Cover),201.9,184.5703125,16.4,,181.81818181818275,616.0,0.33,False,183.0,0.9935419771485396,
157,hello_happy_world,強風オールバック (Cover),134.65,234.90767045454547,11.14,,136.36363636363487,303.0,0.44,False,135.0,1.010101010100999,
158,hello_happy_world,最高到達点 (Cover),226.31,129.19921875,17.65,,133.33333333332828,498.0,0.45,False,132.0,1.0101010101009718,
159,hello_happy_world,許婚っきゅん (Cover),176.99,143.5546875,13.89,,146.34146341463537,433.0,0.41,False,147.0,0.9955201592832338,
160,hello_happy_world,新宝島 (Cover),250.9,287.109375,19.46,,157.89473684210716,662.0,0.38,False,158.0,0.9993337774816909,
161,hello_happy_world,ドレミファロンド (Cover),200.16,172.265625,15.88,,124.99999999999989,418.0,0.48,False,125.0,0.9999999999999991,
162,hello_happy_world,きゅうくらりん (Cover),214.55,198.76802884615384,16.59,,222.2222222222138,786.0,0.27,False,220.0,1.0101010101009718,
163,hello_happy_world,ロメオ (Cover),319.73,143.5546875,24.55,,139.534883720928,746.0,0.43,False,140.0,0.9966777408637715,
164,hello_happy_world,エイリアンエイリアン (Cover),182.83,151.99908088235293,13.87,,153.846153846148,466.0,0.39,False,152.0,1.0121457489878158,
165,hello_happy_world,いーあるふぁんくらぶ (Cover),239.2,151.99908088235293,18.52,,146.34146341463284,576.0,0.41,False,145.0,1.009251471825054,
166,hello_happy_world,回レ！雪月花 (Cover),234.54,151.99908088235293,17.72,,157.89473684210716,627.0,0.38,False,160.0,0.9868421052631697,
167,hello_happy_world,恋愛裁判 (Cover),222.69,89.10290948275862,16.84,,133.3333333333346,498.0,0.45,False,134.0,0.9950248756218999,
168,hello_happy_world,TOMORROW (Cover),274.43,143.5546875,21.37,,133.3333333333367,613.0,0.45,False,134.0,0.9950248756219157,
169,hello_happy_world,GO! GO! MANIAC (Cover),248.63,151.99908088235293,19.09,,124.99999999999989,519.0,0.48,False,250.0,0.49999999999999956,half(0.5x)
170,hello_happy_world,Dragon Night (Cover),228.38,143.5546875,17.78,,124.99999999999896,473.0,0.48,False,124.0,1.0080645161290238,
171,hello_happy_world,ようこそジャパリパークへ (Cover),205.94,198.76802884615384,15.65,,171.4285714285707,587.0,0.35,False,170.0,1.0084033613445336,
172,hello_happy_world,ウィーアー！ (Cover),240.84,161.4990234375,19.22,,166.66666666666694,675.0,0.36,False,168.0,0.9920634920634936,
173,hello_happy_world,おジャ魔女カーニバル!! (Cover),217.01,184.5703125,16.76,,146.34146341463537,536.0,0.41,False,148.0,0.9887936717205092,
174,hello_happy_world,ダーリンダンス (Cover),207.17,151.99908088235293,16.37,,153.8461538461536,527.0,0.39,False,153.0,1.0055304172951216,
175,hello_happy_world,ノーポイッ！ (Cover),242.76,151.99908088235293,19.36,,157.89473684210716,643.0,0.38,False,158.0,0.9993337774816909,
176,hello_happy_world,SHINY DAYS (Cover),262.05,107.666015625,21.46,,109.09090909091248,481.0,0.55,False,110.0,0.9917355371901134,
177,hello_happy_world,シルエット (Cover),240.74,172.265625,19.48,,181.81818181818275,735.0,0.33,False,183.0,0.9935419771485396,
180,morfonica,Daylight -デイライト-,357.01,143.5546875,28.06,,187.49999999998727,1095.0,0.32,False,185.0,1.0135135135134448,
181,morfonica,メランコリックララバイ,215.91,172.265625,17.55,,181.81818181818275,652.0,0.33,False,181.0,1.0045203415369213,
182,morfonica,flame of hope,252.8,129.19921875,20.22,,187.500000000004,801.0,0.32,False,190.0,0.986842105263179,
183,morfonica,ブルームブルーム,276.71,215.33203125,21.3,,181.8181818181749,832.0,0.33,False,180.0,1.0101010101009718,
184,morfonica,カラフルリバティー,218.55,123.046875,16.63,,187.49999999999568,675.0,0.32,False,185.0,1.01351351351349,
185,morfonica,fly with the night,240.48,129.19921875,18.13,,171.4285714285707,684.0,0.35,False,170.0,1.0084033613445336,
186,morfonica,金色へのプレリュード,270.97,184.5703125,21.02,,176.47058823529235,792.0,0.34,False,175.0,1.0084033613445278,
187,morfonica,The Circle Of Butterflies,258.46,123.046875,20.42,,176.47058823529235,751.0,0.34,False,174.0,1.0141987829614503,
188,morfonica,ハーモニー・デイ,218.88,172.265625,17.09,,181.81818181818275,666.0,0.33,False,182.0,0.9990009990010041,
189,morfonica,Sweet Cheers!,223.75,143.5546875,17.24,,109.09090909091248,410.0,0.55,False,110.0,0.9917355371901134,
190,morfonica,"寄る辺のSunny, Sunny",215.73,172.265625,16.64,,181.8181818181906,662.0,0.33,False,184.0,0.9881422924901663,
191,morfonica,誓いのWingbeat,254.71,80.74951171875,19.96,,206.89655172413347,851.0,0.29,False,205.0,1.0092514718250414,
192,morfonica,Ever Sky Blue,240.93,129.19921875,18.52,,193.5483870967728,648.0,0.31,False,195.0,0.9925558312655016,
193,morfonica,Polyphonyscape,250.98,161.4990234375,19.24,,153.8461538461536,637.0,0.39,False,153.0,1.0055304172951216,
194,morfonica,Wreath of Brave,262.9,129.19921875,20.09,,136.36363636363265,592.0,0.44,False,135.0,1.0101010101009826,
195,morfonica,Merry Merry Thanks!!,257.26,107.666015625,19.15,,146.34146341463028,614.0,0.41,False,145.0,1.0092514718250365,
196,morfonica,Sonorous,312.79,129.19921875,23.37,,133.33333333332828,688.0,0.45,False,132.0,1.0101010101009718,
197,morfonica,両翼のBrilliance,239.61,86.1328125,18.14,,171.4285714285742,688.0,0.35,False,172.0,0.9966777408638035,
198,morfonica,Steer to Utopia,216.26,112.34714673913044,16.4,,193.5483870967728,703.0,0.31,False,195.0,0.9925558312655016,
199,morfonica,Fateful...,286.83,129.19921875,21.88,,133.33333333332828,631.0,0.45,False,132.0,1.0101010101009718,
200,morfonica,ティリカモニカリラ,203.62,103.359375,15.2,,139.53488372093034,471.0,0.43,False,140.0,0.9966777408637881,
201,morfonica,Secret Dawn,238.15,161.4990234375,18.23,,130.4347826086954,512.0,0.46,False,131.0,0.9956853634251557,
202,morfonica,Angel's Ladder,253.17,99.38401442307692,19.13,,199.9999999999924,836.0,0.3,False,198.0,1.0101010101009718,
203,morfonica,One step at a time,263.13,161.4990234375,20.21,,176.47058823529235,711.0,0.34,False,175.0,1.0084033613445278,
204,morfonica,Tempest,251.9,129.19921875,18.62,,200.0000000000019,847.0,0.3,False,202.0,0.9900990099009995,
210,morfonica,Feathered Dreams,226.14,172.265625,17.87,,176.47058823529235,661.0,0.34,False,175.0,1.0084033613445278,
211,morfonica,Portray Empathy,253.29,172.265625,20.13,,171.4285714285742,727.0,0.35,False,172.0,0.9966777408638035,
212,morfonica,ビューティ・フォー,189.03,95.703125,14.49,,199.9999999999924,623.0,0.3,False,198.0,1.0101010101009718,
213,morfonica,胡蝶翔る星月夜,204.03,129.19921875,16.42,,100.00000000000006,340.0,0.6,False,200.0,0.5000000000000003,half(0.5x)
214,morfonica,Color of Us,233.45,123.046875,18.42,,193.5483870967728,756.0,0.31,False,194.0,0.9976720984369732,
215,morfonica,Resonant Strings,240.1,161.4990234375,18.8,,193.5483870967728,781.0,0.31,False,195.0,0.9925558312655016,
216,morfonica,Shining Leaves,217.94,184.5703125,17.2,,187.49999999999568,673.0,0.32,False,185.0,1.01351351351349,
217,morfonica,音がえしのセレナーデ,301.47,86.1328125,23.79,,181.8181818181906,823.0,0.33,False,185.0,0.9828009828010302,
218,morfonica,蒼穹へのトレイル,218.91,92.28515625,17.24,,193.5483870967728,701.0,0.31,False,192.0,1.0080645161290251,
219,morfonica,QUEEN (Cover),145.5,151.99908088235293,11.68,,171.4285714285707,414.0,0.35,False,170.0,1.0084033613445336,
220,morfonica,again (Cover),250.79,143.5546875,19.0,,139.53488372093034,584.0,0.43,False,140.0,0.9966777408637881,
221,morfonica,輪舞-revolution (Cover),273.15,258.3984375,21.21,,127.6595744680854,583.0,0.47,False,128.0,0.9973404255319172,
222,morfonica,メロウ (Cover),248.9,95.703125,18.75,,146.34146341463284,601.0,0.41,False,145.0,1.009251471825054,
223,morfonica,祝福 (Cover),194.01,143.5546875,14.66,,171.4285714285707,551.0,0.35,False,170.0,1.0084033613445336,
224,morfonica,Overdose (Cover),193.7,112.34714673913044,14.99,,117.64705882352987,382.0,0.51,False,118.0,0.9970089730807616,
225,morfonica,かくれんぼ (Cover),298.45,151.99908088235293,22.87,,181.8181818181749,896.0,0.33,False,180.0,1.0101010101009718,
226,morfonica,chAngE (Cover),249.29,107.666015625,19.13,,166.66666666666035,688.0,0.36,False,165.0,1.0101010101009718,
227,morfonica,ALIVE (Cover),215.88,117.45383522727272,16.32,,181.8181818181749,645.0,0.33,False,180.0,1.0101010101009718,
228,morfonica,Nameless Story (Cover),242.85,123.046875,18.33,,193.5483870967728,790.0,0.31,False,195.0,0.9925558312655016,
229,morfonica,青空のラプソディ (Cover),277.13,151.99908088235293,21.35,,136.3636363636354,625.0,0.44,False,135.0,1.010101010101003,
230,morfonica,Nevereverland (Cover),286.91,143.5546875,21.92,,200.0000000000019,739.0,0.3,True,206.5,0.9685230024213167,
231,morfonica,メリッサ (Cover),256.61,161.4990234375,19.02,,171.4285714285707,729.0,0.35,False,170.0,1.0084033613445336,
232,morfonica,COLORFUL BOX (Cover),238.39,107.666015625,18.23,,162.16216216216017,644.0,0.37,False,161.0,1.007218398522734,
233,morfonica,unravel (Cover),237.13,143.5546875,18.52,,136.36363636362827,533.0,0.44,False,135.0,1.0101010101009502,
234,morfonica,アゲハ蝶 (Cover),280.19,151.99908088235293,21.59,,115.38461538461628,542.0,0.52,False,116.0,0.9946949602122094,
235,morfonica,V.I.P (Cover),193.32,112.34714673913044,15.0,,187.49999999999568,597.0,0.32,False,185.0,1.01351351351349,
236,morfonica,CQCQ (Cover),221.29,86.1328125,17.07,,142.85714285714712,530.0,0.42,False,144.0,0.9920634920635217,
260,mygo,迷星叫,211.19,117.45383522727272,16.55,,187.500000000004,669.0,0.32,False,190.0,0.986842105263179,
261,mygo,壱雫空,188.95,184.5703125,15.17,,200.0000000000019,546.0,0.3,False,204.0,0.9803921568627544,
262,mygo,碧天伴走,218.58,129.19921875,16.93,,193.5483870967728,700.0,0.31,False,192.0,1.0080645161290251,
263,mygo,影色舞,209.15,107.666015625,16.38,,166.66666666666694,580.0,0.36,False,166.0,1.0040160642570297,
264,mygo,歌いましょう鳴らしましょう,176.31,112.34714673913044,13.64,,222.22222222222257,653.0,0.27,False,222.0,1.0010010010010026,
265,mygo,潜在表明,261.67,129.19921875,19.63,,136.36363636363487,590.0,0.44,False,135.0,1.010101010100999,
266,mygo,音一会,282.01,161.4990234375,22.13,,199.99999999999952,936.0,0.3,False,200.0,0.9999999999999976,
267,mygo,春日影 (MyGO!!!!! ver.),256.32,184.5703125,20.11,,193.5483870967728,829.0,0.31,False,97.0,1.9953441968739465,double(2x)
268,mygo,詩超絆,236.34,107.666015625,18.72,,187.49999999999983,612.0,0.32,True,190.0,0.986842105263157,
269,mygo,迷路日々,215.27,129.19921875,17.32,,133.33333333332828,558.0,0.45,True,260.0,0.5128205128204933,half(0.5x)
270,mygo,無路矢,222.58,234.90767045454547,17.27,,120.0,446.0,0.5,False,120.0,1.0,
271,mygo,名無声,271.65,184.5703125,22.35,,187.500000000004,860.0,0.32,False,190.0,0.986842105263179,
272,mygo,栞,265.58,95.703125,21.49,,88.23529411764618,387.0,0.68,False,88.0,1.0026737967914339,
273,mygo,歩拾道,260.27,129.19921875,20.51,,130.43478260869338,564.0,0.46,False,130.0,1.0033444816053336,
277,mygo,端程山,260.77,86.1328125,20.05,,181.8181818181749,784.0,0.33,False,181.0,1.004520341536878,
278,mygo,処救生,217.19,184.5703125,17.57,,193.5483870967728,692.0,0.31,False,191.0,1.0133423408208,
279,mygo,輪符雨,207.23,151.99908088235293,16.49,,153.8461538461536,532.0,0.39,False,154.0,0.9990009990009975,
281,mygo,過惰幻,237.44,83.35433467741936,18.7,,166.6666666666735,541.0,0.36,False,85.0,1.9607843137255707,double(2x)
284,mygo,焚音打,242.45,112.34714673913044,18.89,,187.500000000004,757.0,0.32,False,190.0,0.986842105263179,
285,mygo,残痕字,255.06,151.99908088235293,19.89,,176.47058823529235,746.0,0.34,False,175.0,1.0084033613445278,
288,mygo,エガクミライ,238.93,161.4990234375,19.28,,88.23529411764618,353.0,0.68,False,88.0,1.0026737967914339,
290,mygo,聿日箋秋,236.07,123.046875,18.66,,181.81818181818275,717.0,0.33,False,182.0,0.9990009990010041,
291,mygo,往欄印,297.87,172.265625,24.33,,181.8181818181749,876.0,0.33,False,180.0,1.0101010101009718,
292,mygo,だれかの心臓になれたなら (Cover),235.88,135.99917763157896,18.01,,146.34146341462522,538.0,0.41,False,145.0,1.0092514718250016,
293,mygo,遥か彼方 (Cover),248.76,172.265625,18.9,,171.4285714285742,653.0,0.35,False,175.0,0.9795918367347097,
294,mygo,雑踏、僕らの街 (Cover),187.95,83.35433467741936,14.55,,171.42857142857247,542.0,0.35,False,171.0,1.0025062656641666,
295,mygo,過去を喰らう (Cover),240.32,172.265625,18.6,,187.49999999999983,749.0,0.32,False,187.0,1.002673796791443,
297,mygo,ノンブレス・オブリージュ (Cover),206.82,143.5546875,17.11,,146.34146341463537,510.0,0.41,False,148.0,0.9887936717205092,
298,mygo,swim (Cover),209.33,123.046875,17.5,,193.5483870967728,679.0,0.31,False,195.0,0.9925558312655016,
299,mygo,猛独が襲う (Cover),254.31,151.99908088235293,21.27,,157.89473684210125,664.0,0.38,False,156.0,1.0121457489878285,
300,mygo,春日影,122.7,99.38401442307692,10.33,,187.49999999999568,274.0,0.32,True,97.0,1.9329896907216049,double(2x)
301,pastel_palettes,TITLE IDOL,267.89,143.5546875,21.57,,146.34146341463284,647.0,0.41,False,145.0,1.009251471825054,
302,pastel_palettes,ワクワクmeetsトリップ,246.83,135.99917763157896,20.41,,136.36363636363706,564.0,0.44,False,137.0,0.9953550099535552,
303,pastel_palettes,ゆら・ゆらRing-Dong-Dance,264.84,112.34714673913044,20.75,,171.4285714285742,760.0,0.35,False,172.0,0.9966777408638035,
304,pastel_palettes,もういちど ルミナス,259.77,83.35433467741936,20.52,,171.4285714285603,733.0,0.35,False,169.0,1.01437024513941,
305,pastel_palettes,あっつあつ 常夏 らぶ☆サマー！,246.86,112.34714673913044,18.72,,171.4285714285742,710.0,0.35,False,172.0,0.9966777408638035,
306,pastel_palettes,天下トーイツ A to Z☆,218.14,107.666015625,17.0,,153.8461538461536,556.0,0.39,False,153.0,1.0055304172951216,
307,pastel_palettes,しゅわりん☆どり〜みん,236.08,172.265625,19.0,,176.47058823529235,694.0,0.34,False,176.0,1.0026737967914339,
308,pastel_palettes,Power of LOVE!!!,231.53,172.265625,18.63,,176.47058823529235,678.0,0.34,False,175.0,1.0084033613445278,
309,pastel_palettes,きゅ～まい＊flower,220.29,117.45383522727272,17.05,,181.81818181818275,672.0,0.33,False,183.0,0.9935419771485396,
310,pastel_palettes,Winking☆Cheer,309.58,172.265625,24.15,,100.00000000000097,516.0,0.6,False,100.0,1.0000000000000098,
311,pastel_palettes,ゆめゆめグラデーション,284.26,89.10290948275862,21.46,,136.36363636363487,639.0,0.44,False,135.0,1.010101010100999,
312,pastel_palettes,はなまる◎アンダンテ,226.25,123.046875,17.59,,166.66666666666694,628.0,0.36,False,166.0,1.0040160642570297,
313,pastel_palettes,パスパレボリューションず☆,231.04,117.45383522727272,17.68,,176.47058823529235,674.0,0.34,False,174.0,1.0141987829614503,
314,pastel_palettes,SURVIVOR ねばーぎぶあっぷ!,248.46,129.19921875,18.44,,200.0,828.0,0.3,False,200.0,1.0,
315,pastel_palettes,Wonderland Girl,270.76,258.3984375,21.47,,136.36363636363706,619.0,0.44,False,137.0,0.9953550099535552,
316,pastel_palettes,ゼッタイ宣言～Recital～,241.26,172.265625,19.07,,176.47058823529235,713.0,0.34,False,177.0,0.9970089730807478,
317,pastel_palettes,ぎゅっDAYS♪,251.44,112.34714673913044,18.54,,171.42857142857162,714.0,0.35,False,170.0,1.008403361344539,
318,pastel_palettes,Wonderful Sweet!,247.1,161.4990234375,19.37,,166.66666666666694,690.0,0.36,False,167.0,0.9980039920159697,
319,pastel_palettes,るんっ♪てぃてぃー！,229.13,143.5546875,18.08,,162.16216216216174,624.0,0.37,False,163.0,0.9948598905654095,
320,pastel_palettes,パッパレ☆人生！バーン万歳！,239.33,135.99917763157896,18.97,,171.4285714285707,681.0,0.35,False,170.0,1.0084033613445336,
321,pastel_palettes,Brand new Pastel Road!,255.28,172.265625,20.76,,171.4285714285742,730.0,0.35,False,171.0,1.0025062656641766,
322,pastel_palettes,あこがれacross,234.29,92.28515625,18.31,,187.500000000004,539.0,0.32,True,190.0,0.986842105263179,
323,pastel_palettes,ハレハレ☆フォーチュン,270.01,117.45383522727272,21.48,,146.34146341463537,650.0,0.41,False,146.0,1.0023387905112011,
324,pastel_palettes,ハナヒバナ,273.51,95.703125,22.03,,95.23809523809592,433.0,0.63,False,95.0,1.0025062656641677,
325,pastel_palettes,そばかす,250.27,103.359375,19.29,,171.4285714285714,712.0,0.35,False,170.0,1.0084033613445376,
326,pastel_palettes,気まぐれロマンティック,243.46,83.35433467741936,19.6,,171.42857142857156,691.0,0.35,False,170.0,1.0084033613445387,
327,pastel_palettes,ドリームパレード,234.5,83.35433467741936,19.06,,171.4285714285742,674.0,0.35,False,172.0,0.9966777408638035,
328,pastel_palettes,ラムのラブソング,162.14,117.45383522727272,12.54,,181.8181818181819,487.0,0.33,False,180.0,1.0101010101010106,
329,pastel_palettes,DANCE! おジャ魔女,196.26,99.38401442307692,15.31,,153.846153846148,502.0,0.39,False,152.0,1.0121457489878158,
330,pastel_palettes,DISCOTHEQUE,242.81,92.28515625,19.59,,142.85714285714226,578.0,0.42,False,143.0,0.9990009990009948,
331,pastel_palettes,ゆりゆららららゆるゆり大事件,229.07,135.99917763157896,18.71,,176.47058823529235,669.0,0.34,False,175.0,1.0084033613445278,
332,pastel_palettes,SAKURAスキップ,228.56,161.4990234375,18.29,,166.66666666666035,630.0,0.36,False,165.0,1.0101010101009718,
333,pastel_palettes,Stay Alive,263.61,135.99917763157896,21.22,,139.53488372093034,616.0,0.43,False,140.0,0.9966777408637881,
334,pastel_palettes,秘密の扉から会いにきて,218.31,117.45383522727272,17.11,,181.8181818181906,671.0,0.33,False,184.0,0.9881422924901663,
335,pastel_palettes,トリドリ＊パレット,252.04,172.265625,20.78,,176.4705882352942,749.0,0.34,False,178.0,0.9914077990746866,
336,pastel_palettes,ドラマチック！アライブ,259.25,172.265625,20.84,,187.49999999999568,800.0,0.32,False,185.0,1.01351351351349,
337,pastel_palettes,Radiate Warriors,240.33,135.99917763157896,19.81,,130.43478260869338,521.0,0.46,False,130.0,1.0033444816053336,
338,pastel_palettes,ReReReエボリューションず☆,214.27,151.99908088235293,17.86,,187.5000000000019,665.0,0.32,False,188.0,0.997340425531925,
339,pastel_palettes,everyday flower,239.84,184.5703125,20.03,,136.36363636363706,542.0,0.44,False,136.0,1.002673796791449,
340,pastel_palettes,With〜きみとわたしたちの物語〜,245.26,184.5703125,20.28,,93.74999999999991,379.0,0.64,False,187.0,0.5013368983957215,half(0.5x)
341,pastel_palettes,フレっとパレットFight Song!!,241.53,95.703125,20.18,,146.34146341463284,584.0,0.41,False,145.0,1.009251471825054,
342,pastel_palettes,デイオフ・ラフ・ラブ・サンクス,243.23,161.4990234375,19.72,,139.53488372093034,567.0,0.43,False,140.0,0.9966777408637881,
343,pastel_palettes,ホワイト ノスタルジア,283.36,135.99917763157896,23.27,,139.534883720928,651.0,0.43,False,138.0,1.011122345803826,
344,pastel_palettes,Y.O.L.O！！！！！(パスパレver.),268.28,123.046875,22.12,,105.26315789473728,473.0,0.57,False,210.0,0.5012531328320823,half(0.5x)
345,pastel_palettes,奏（かなで） (Cover),294.09,73.828125,24.8,,149.99999999999787,734.0,0.4,False,75.0,1.9999999999999716,double(2x)
346,pastel_palettes,Sparkling Daydream (Cover),248.94,172.265625,20.78,,176.47058823529235,728.0,0.34,False,175.0,1.0084033613445278,
347,pastel_palettes,春を告げる (Cover),198.46,117.45383522727272,16.61,,120.0,398.0,0.5,False,120.0,1.0,
348,pastel_palettes,だから、ひとりじゃない (Cover),229.83,117.45383522727272,19.41,,181.8181818181749,690.0,0.33,False,180.0,1.0101010101009718,
349,pastel_palettes,サインはB (Cover),215.17,151.99908088235293,17.87,,176.47058823529235,630.0,0.34,False,175.0,1.0084033613445278,
350,pastel_palettes,愛包ダンスホール (Cover),222.35,135.99917763157896,18.19,,139.53488372093724,522.0,0.43,False,141.0,0.9896091044038102,
351,pastel_palettes,最上級にかわいいの！ (Cover),191.23,161.4990234375,16.15,,166.66666666666694,537.0,0.36,False,168.0,0.9920634920634936,
352,pastel_palettes,♡桃色片想い♡ (Cover),257.13,99.38401442307692,22.04,,153.8461538461536,659.0,0.39,False,154.0,0.9990009990009975,
353,pastel_palettes,金曜日のおはよう (Cover),241.28,117.45383522727272,20.58,,149.99999999999787,602.0,0.4,False,150.0,0.9999999999999858,
354,pastel_palettes,魔法少女とチョコレゐト (Cover),187.53,151.99908088235293,15.38,,149.99999999999787,470.0,0.4,False,150.0,0.9999999999999858,
355,pastel_palettes,可愛くてごめん (Cover),219.99,78.30255681818181,18.84,,162.16216216216017,589.0,0.37,False,160.0,1.0135135135135012,
356,pastel_palettes,からくりピエロ (Cover),251.7,103.359375,20.48,,101.6949152542367,428.0,0.59,False,102.0,0.997008973080752,
357,pastel_palettes,みくみくにしてあげる♪【してやんよ】 (Cover),103.23,151.99908088235293,8.88,,162.16216216216017,278.0,0.37,False,160.0,1.0135135135135012,
358,pastel_palettes,ルカルカ★ナイトフィーバー (Cover),241.81,258.3984375,20.42,,162.16216216216017,648.0,0.37,False,160.0,1.0135135135135012,
359,pastel_palettes,アイドル (Cover),214.18,161.4990234375,18.02,,166.66666666666694,585.0,0.36,False,166.0,1.0040160642570297,
360,pastel_palettes,secret base ～君がくれたもの～ (Cover),321.52,143.5546875,25.56,,142.85714285714226,683.0,0.42,False,144.0,0.992063492063488,
361,pastel_palettes,ふわふわ時間 (Cover),245.21,161.4990234375,20.27,,181.8181818181749,737.0,0.33,False,180.0,1.0101010101009718,
362,pastel_palettes,Fantastic future (Cover),246.76,151.99908088235293,19.51,,171.4285714285742,709.0,0.35,False,172.0,0.9966777408638035,
363,pastel_palettes,Baby Sweet Berry Love (Cover),243.96,107.666015625,19.5,,171.42857142856724,693.0,0.35,False,170.0,1.0084033613445131,
364,pastel_palettes,Q＆A　リサイタル！ (Cover),290.98,123.046875,22.77,,181.81818181818275,884.0,0.33,False,182.0,0.9990009990010041,
365,pastel_palettes,ヒトリゴト (Cover),235.05,161.4990234375,18.17,,166.66666666666035,649.0,0.36,False,165.0,1.0101010101009718,
366,pastel_palettes,惑星ループ (Cover),206.46,172.265625,16.07,,171.4285714285707,586.0,0.35,False,170.0,1.0084033613445336,
367,pastel_palettes,世界は恋に落ちている (Cover),312.89,129.19921875,24.3,,130.43478260869338,678.0,0.46,False,130.0,1.0033444816053336,
368,pastel_palettes,ハッピーシンセサイザ (Cover),237.53,184.5703125,18.93,,127.6595744680854,504.0,0.47,False,127.0,1.005193499748704,
369,pastel_palettes,春擬き (Cover),268.85,89.10290948275862,20.63,,176.47058823529235,782.0,0.34,False,174.0,1.0141987829614503,
370,pastel_palettes,Make it! (Cover),252.2,112.34714673913044,19.72,,171.4285714285742,725.0,0.35,False,172.0,0.9966777408638035,
371,pastel_palettes,花ハ踊レヤいろはにほ (Cover),250.89,151.99908088235293,19.24,,162.16216216216017,671.0,0.37,False,160.0,1.0135135135135012,
372,pastel_palettes,夜に駆ける (Cover),262.28,184.5703125,20.4,,130.43478260869338,569.0,0.46,False,130.0,1.0033444816053336,
373,pastel_palettes,徒花ネクロマンシー (Cover),242.53,112.34714673913044,18.24,,171.4285714285742,697.0,0.35,False,172.0,0.9966777408638035,
374,pastel_palettes,ノスタルジックレインフォール (Cover),236.9,161.4990234375,18.38,,166.66666666666035,653.0,0.36,False,165.0,1.0101010101009718,
375,poppin_party,Yes! BanG_Dream!,309.68,89.10290948275862,23.35,,187.49999999998727,952.0,0.32,False,185.0,1.0135135135134448,
376,poppin_party,STAR BEAT!～ホシノコドウ～,320.51,234.90767045454547,24.54,,193.5483870967728,1000.0,0.31,False,195.0,0.9925558312655016,
377,poppin_party,走り始めたばかりのキミに,260.71,198.76802884615384,19.91,,125.00000000000269,610.0,0.48,False,125.0,1.0000000000000215,
378,poppin_party,ティアドロップス,217.02,117.45383522727272,16.97,,187.500000000004,688.0,0.32,False,190.0,0.986842105263179,
379,poppin_party,ときめきエクスペリエンス！,257.39,151.99908088235293,18.97,,181.8181818181749,774.0,0.33,False,180.0,1.0101010101009718,
380,poppin_party,キラキラだとか夢だとか ～Sing Girls～,305.61,117.45383522727272,22.46,,181.8181818181749,918.0,0.33,False,180.0,1.0101010101009718,
381,poppin_party,私の心はチョココロネ,252.43,129.19921875,19.13,,133.3333333333346,564.0,0.45,False,134.0,0.9950248756218999,
382,poppin_party,前へススメ！,309.19,89.10290948275862,24.27,,181.81818181817883,891.0,0.33,False,181.0,1.0045203415368995,
383,poppin_party,夢みるSunflower,279.6,151.99908088235293,21.14,,162.16216216217262,768.0,0.37,False,164.0,0.9887936717205648,
386,poppin_party,Time Lapse,248.72,172.265625,18.89,,193.5483870967728,795.0,0.31,False,192.0,1.0080645161290251,
387,poppin_party,八月のif,275.26,234.90767045454547,20.88,,120.0,551.0,0.5,False,120.0,1.0,
388,poppin_party,クリスマスのうた,276.89,184.5703125,20.85,,139.53488372093034,744.0,0.43,True,138.0,1.011122345803843,
389,poppin_party,B.O.F,218.72,99.38401442307692,16.93,,176.47058823529235,639.0,0.34,False,175.0,1.0084033613445278,
390,poppin_party,CiRCLING,261.03,184.5703125,19.79,,162.16216216216017,700.0,0.37,False,160.0,1.0135135135135012,
391,poppin_party,二重の虹(ダブル レインボウ),245.93,172.265625,18.69,,187.500000000004,771.0,0.32,False,188.0,0.9973404255319362,
392,poppin_party,最高(さあ行こう)！,228.57,112.34714673913044,17.21,,181.8181818181749,689.0,0.33,False,180.0,1.0101010101009718,
393,poppin_party,ガールズコード,324.94,117.45383522727272,24.32,,124.99999999999989,677.0,0.48,False,125.0,0.9999999999999991,
397,poppin_party,Breakthrough!,275.51,151.99908088235293,20.51,,181.8181818181906,846.0,0.33,False,184.0,0.9881422924901663,
399,poppin_party,イニシャル,294.94,129.19921875,21.93,,193.5483870967728,949.0,0.31,False,193.0,1.0028413839211026,
400,poppin_party,Hello! Wink!,281.46,184.5703125,21.05,,153.8461538461424,711.0,0.39,False,152.0,1.012145748987779,
401,poppin_party,Step×Step!,248.54,95.703125,18.77,,146.34146341463537,611.0,0.41,False,148.0,0.9887936717205092,
402,poppin_party,Jumpin',247.86,69.83741554054055,19.11,,193.5483870967728,781.0,0.31,False,195.0,0.9925558312655016,
403,poppin_party,White Afternoon,299.56,92.28515625,22.11,,146.34146341462522,723.0,0.41,False,145.0,1.0092514718250016,
405,poppin_party,Returns,322.58,123.046875,24.88,,181.8181818181906,849.0,0.33,False,185.0,0.9828009828010302,
406,poppin_party,Dreamers Go!,257.77,172.265625,19.57,,187.49999999999568,796.0,0.32,False,185.0,1.01351351351349,
407,poppin_party,キズナミュージック♪,315.26,117.45383522727272,23.81,,187.500000000004,993.0,0.32,False,189.0,0.9920634920635133,
408,poppin_party,ミライトレイン,355.58,107.666015625,26.4,,176.47058823529235,1043.0,0.34,False,176.0,1.0026737967914339,
409,poppin_party,夢を撃ち抜く瞬間に！,280.05,95.703125,21.06,,199.9999999999924,688.0,0.3,True,203.0,0.9852216748768099,
410,poppin_party,ぽっぴん'しゃっふる,277.71,198.76802884615384,20.74,,222.2222222222138,852.0,0.27,False,220.0,1.0101010101009718,
411,poppin_party,夏空 SUN! SUN! SEVEN!,270.88,112.34714673913044,19.87,,176.47058823529235,796.0,0.34,False,176.0,1.0026737967914339,
412,poppin_party,1000回潤んだ空,330.48,184.5703125,24.41,,181.8181818181749,852.0,0.33,False,182.0,0.9990009990009611,
413,poppin_party,HAPPY HAPPY PARTY!,282.08,135.99917763157896,21.34,,139.53488372093034,658.0,0.43,False,140.0,0.9966777408637881,
414,poppin_party,夏のドーン！,221.04,123.046875,17.07,,162.16216216216017,593.0,0.37,False,160.0,1.0135135135135012,
415,poppin_party,キミにもらったもの,235.0,56.17357336956522,17.98,,146.34146341463537,572.0,0.41,False,147.0,0.9955201592832338,
416,poppin_party,Light Delight,308.55,117.45383522727272,24.17,,181.8181818181749,837.0,0.33,False,180.0,1.0101010101009718,
417,poppin_party,切ないSandglass,246.16,184.5703125,19.29,,181.81818181818275,752.0,0.33,False,183.0,0.9935419771485396,
418,poppin_party,Home Street,227.43,135.99917763157896,17.36,,105.2631578947368,397.0,0.57,False,210.0,0.5012531328320801,half(0.5x)
419,poppin_party,What's the POPIPA!?,278.51,117.45383522727272,21.73,,187.49999999999983,864.0,0.32,False,186.0,1.0080645161290314,
420,poppin_party,SAKURA MEMORIES,254.42,135.99917763157896,19.21,,176.47058823529235,749.0,0.34,False,176.0,1.0026737967914339,
421,poppin_party,アニバーサリー,273.53,80.74951171875,20.81,,171.4285714285707,777.0,0.35,False,170.0,1.0084033613445336,
422,poppin_party,Tomorrow's Door,247.29,117.45383522727272,18.72,,176.47058823529235,731.0,0.34,False,177.0,0.9970089730807478,
423,poppin_party,イントロダクション,221.23,112.34714673913044,17.1,,166.66666666666035,610.0,0.36,False,165.0,1.0101010101009718,
424,poppin_party,TARINAI,219.35,172.265625,16.86,,187.500000000004,695.0,0.32,False,190.0,0.986842105263179,
425,poppin_party,DOKI DOKI SCARY,239.92,112.34714673913044,18.67,,142.85714285714226,568.0,0.42,False,142.0,1.0060362173038189,
426,poppin_party,Photograph,257.6,99.38401442307692,19.87,,150.0000000000032,747.0,0.4,True,150.0,1.0000000000000213,
427,poppin_party,夏に閉じこめて,261.46,151.99908088235293,19.81,,187.500000000004,801.0,0.32,False,190.0,0.986842105263179,
428,poppin_party,ぽっぴん'どりーむ！,269.46,99.38401442307692,19.96,,200.0,898.0,0.3,False,200.0,1.0,
429,poppin_party,星の約束,244.89,117.45383522727272,19.0,,176.47058823529235,717.0,0.34,False,175.0,1.0084033613445278,
430,poppin_party,新しい季節に,211.27,129.19921875,16.16,,124.99999999999989,438.0,0.48,False,125.0,0.9999999999999991,
431,poppin_party,トレモロアイズ,241.09,151.99908088235293,19.15,,166.66666666666364,666.0,0.36,False,165.0,1.0101010101009917,
432,poppin_party,雨上がり、キミと,265.64,135.99917763157896,20.8,,187.500000000004,833.0,0.32,False,188.0,0.9973404255319362,
433,poppin_party,花咲く未来に,275.85,135.99917763157896,21.21,,139.53488372093034,643.0,0.43,False,140.0,0.9966777408637881,
434,poppin_party,Live Beyond!!,314.41,123.046875,24.55,,187.500000000004,996.0,0.32,False,190.0,0.986842105263179,
435,poppin_party,Sweets BAN!,255.64,99.38401442307692,19.73,,157.89473684210125,668.0,0.38,False,156.0,1.0121457489878285,
437,poppin_party,Moonlight Walk,226.31,117.45383522727272,16.96,,187.500000000004,717.0,0.32,False,190.0,0.986842105263179,
438,poppin_party,ここから先は歌にならない,277.31,172.265625,20.96,,187.500000000004,878.0,0.32,False,190.0,0.986842105263179,
439,poppin_party,青春 To Be Continued,256.08,64.599609375,20.44,,193.5483870967741,773.0,0.31,True,134.0,1.4443909484833888,
440,poppin_party,Future Place,232.72,117.45383522727272,17.7,,181.81818181818275,710.0,0.33,False,183.0,0.9935419771485396,
441,poppin_party,大好き！,247.17,161.4990234375,19.54,,166.66666666666035,683.0,0.36,False,165.0,1.0101010101009718,
442,poppin_party,Five Letters,248.76,86.1328125,18.73,,127.6595744680854,531.0,0.47,False,128.0,0.9973404255319172,
443,poppin_party,最強☆ソング,255.0,95.703125,20.0,,181.8181818181749,767.0,0.33,False,180.0,1.0101010101009718,
444,poppin_party,RiNG A BELL,260.89,123.046875,20.17,,181.81818181818275,792.0,0.33,False,182.0,0.9990009990010041,
445,poppin_party,Drive Your Heart,268.86,143.5546875,21.22,,153.84615384615924,868.0,0.39,True,150.0,1.0256410256410615,
446,poppin_party,とっておきAnswer,196.52,123.046875,15.2,,193.5483870967728,629.0,0.31,False,192.0,1.0080645161290251,
447,poppin_party,START!! True dreams,242.6,86.1328125,18.31,,176.47058823529605,721.0,0.34,False,178.0,0.9914077990746969,
448,poppin_party,どきどきデエト,217.03,184.5703125,16.48,,187.49999999999983,673.0,0.32,False,186.0,1.0080645161290314,
449,poppin_party,チョコレイトの低音レシピ,270.78,95.703125,20.85,,187.500000000004,635.0,0.32,True,96.0,1.9531250000000417,double(2x)
450,poppin_party,Chu Chueen!,229.54,123.046875,17.79,,206.89655172413853,690.0,0.29,False,210.0,0.9852216748768502,
451,poppin_party,どきどきSING OUT!,247.88,123.046875,19.66,,193.5483870967728,802.0,0.31,False,194.0,0.9976720984369732,
452,poppin_party,Freedom,264.39,151.99908088235293,20.32,,162.16216216216017,708.0,0.37,False,160.0,1.0135135135135012,
453,poppin_party,Game Changer,195.46,135.99917763157896,14.58,,199.9999999999972,646.0,0.3,False,198.0,1.010101010100996,
454,poppin_party,花園電気ギター！！！,198.86,112.34714673913044,15.12,,187.500000000004,624.0,0.32,False,188.0,0.9973404255319362,
455,poppin_party,す、好きなんかじゃない！,236.68,151.99908088235293,18.07,,166.66666666666694,658.0,0.36,False,166.0,1.0040160642570297,
456,poppin_party,遠い音楽 ～ハートビート～,242.85,112.34714673913044,19.35,,166.66666666666694,683.0,0.36,False,168.0,0.9920634920634936,
457,poppin_party,ほな！,226.99,112.34714673913044,18.19,,187.49999999999983,704.0,0.32,False,186.0,1.0080645161290314,
458,poppin_party,世界中の青空をあつめて,230.1,135.99917763157896,18.23,,193.5483870967728,745.0,0.31,False,194.0,0.9976720984369732,
459,poppin_party,勇気Limit！,222.21,215.33203125,17.41,,222.2222222222138,585.0,0.27,True,224.0,0.9920634920634545,
460,poppin_party,開けたらDream!,308.58,135.99917763157896,23.9,,139.534883720928,720.0,0.43,False,140.0,0.9966777408637715,
461,poppin_party,絆色のアンサンブル,311.95,172.265625,23.24,,187.500000000004,985.0,0.32,False,189.0,0.9920634920635133,
462,poppin_party,NO GIRL NO CRY (Poppin'Party Ver.),312.52,117.45383522727272,24.76,,187.500000000004,991.0,0.32,False,190.0,0.986842105263179,
463,poppin_party,ちゅ、多様性。 (Cover),187.67,151.99908088235293,14.29,,153.8461538461536,478.0,0.39,False,153.0,1.0055304172951216,
464,poppin_party,フィクション (Cover),231.54,151.99908088235293,17.6,,122.448979591838,476.0,0.49,False,246.0,0.4977600796416179,half(0.5x)
465,poppin_party,幾億光年 (Cover),274.79,123.046875,22.44,,96.7741935483864,443.0,0.62,False,95.5,1.0133423408208,
466,poppin_party,心絵 (Cover),256.66,184.5703125,20.01,,95.23809523809538,407.0,0.63,False,190.0,0.501253132832081,half(0.5x)
467,poppin_party,じょいふる (Cover),194.29,151.99908088235293,14.96,,157.89473684210716,517.0,0.38,False,159.0,0.9930486593843217,
468,poppin_party,MATSURI BAYASHI (Cover),230.67,99.38401442307692,17.79,,153.8461538461536,590.0,0.39,False,153.0,1.0055304172951216,
469,poppin_party,私は最強 (Cover),257.93,135.99917763157896,19.99,,193.5483870967728,827.0,0.31,False,192.0,1.0080645161290251,
470,poppin_party,トウキョウ・シャンディ・ランデヴ (Cover),186.72,135.99917763157896,14.88,,136.36363636363706,435.0,0.44,False,137.0,0.9953550099535552,
471,poppin_party,夜行性ハイズ (Cover),225.99,129.19921875,18.24,,133.33333333332828,503.0,0.45,False,132.0,1.0101010101009718,
472,poppin_party,メランコリック (Cover),220.52,135.99917763157896,17.3,,139.53488372093034,515.0,0.43,False,140.0,0.9966777408637881,
473,poppin_party,怪獣の花唄 (Cover),222.73,99.38401442307692,17.27,,149.99999999999787,557.0,0.4,False,150.0,0.9999999999999858,
474,poppin_party,光るなら (Cover),253.49,151.99908088235293,19.94,,162.16216216216017,682.0,0.37,False,160.0,1.0135135135135012,
475,poppin_party,ミュージック・アワー (Cover),280.36,258.3984375,21.42,,136.36363636362827,630.0,0.44,False,135.0,1.0101010101009502,
476,poppin_party,only my railgun (Cover),252.86,135.99917763157896,19.09,,142.85714285714226,602.0,0.42,False,143.0,0.9990009990009948,
477,poppin_party,ロミオとシンデレラ (Cover),280.13,151.99908088235293,21.89,,171.4285714285707,795.0,0.35,False,170.0,1.0084033613445336,
478,poppin_party,Daydream café (Cover),228.67,143.5546875,18.37,,149.99999999999787,573.0,0.4,False,150.0,0.9999999999999858,
479,poppin_party,君じゃなきゃダメみたい (Cover),239.73,103.359375,18.17,,130.43478260869554,523.0,0.46,False,131.0,0.9956853634251568,
480,poppin_party,＊〜アスタリスク〜 (Cover),252.22,123.046875,18.89,,127.6595744680854,538.0,0.47,False,128.0,0.9973404255319172,
481,poppin_party,DAYS of DASH (Cover),253.36,161.4990234375,19.55,,162.16216216216017,678.0,0.37,False,160.0,1.0135135135135012,
482,poppin_party,檄！帝国華撃団 (Cover),184.13,172.265625,13.97,,142.85714285714226,439.0,0.42,False,143.0,0.9990009990009948,
483,poppin_party,DAYS (Cover),234.62,135.99917763157896,17.82,,136.36363636363265,527.0,0.44,False,135.0,1.0101010101009826,
484,poppin_party,ディスカバリー！ (Cover),277.96,151.99908088235293,21.49,,171.4285714285742,799.0,0.35,False,172.0,0.9966777408638035,
485,poppin_party,チェリボム (Cover),246.13,172.265625,19.02,,187.500000000004,780.0,0.32,False,190.0,0.986842105263179,
486,poppin_party,ヴァンパイア (Cover),182.16,107.666015625,14.58,,162.1621621621664,500.0,0.37,False,164.0,0.9887936717205268,
487,poppin_party,怪物 (Cover),206.4,112.34714673913044,16.33,,171.4285714285707,586.0,0.35,False,170.0,1.0084033613445336,
488,poppin_party,大河よ共に泣いてくれ (Cover),207.42,172.265625,16.15,,176.47058823529235,603.0,0.34,False,174.0,1.0141987829614503,
489,poppin_party,空色デイズ (Cover),253.66,117.45383522727272,19.71,,176.47058823529235,738.0,0.34,False,174.0,1.0141987829614503,
490,raise_a_suilen,Invincible Fighter,250.56,95.703125,19.19,,199.9999999999924,823.0,0.3,False,197.0,1.0152284263959006,
491,raise_a_suilen,A DECLARATION OF ×××,315.43,143.5546875,24.06,,149.99999999999787,789.0,0.4,False,150.0,0.9999999999999858,
492,raise_a_suilen,SOUL SOLDIER,239.78,92.28515625,18.57,,193.5483870967728,767.0,0.31,False,192.0,1.0080645161290251,
493,raise_a_suilen,UNSTOPPABLE,230.27,161.4990234375,17.74,,171.4285714285707,654.0,0.35,False,170.0,1.0084033613445336,
494,raise_a_suilen,HELL! or HELL?,282.09,95.703125,21.2,,199.9999999999924,925.0,0.3,False,197.0,1.0152284263959006,
495,raise_a_suilen,Beautiful Birthday,255.8,172.265625,19.13,,176.47058823529235,747.0,0.34,False,175.0,1.0084033613445278,
496,raise_a_suilen,Takin’ my Heart,286.63,123.046875,23.07,,181.8181818181906,880.0,0.33,False,92.0,1.9762845849803325,double(2x)
497,raise_a_suilen,DRIVE US CRAZY,245.13,117.45383522727272,19.26,,105.2631578947368,429.0,0.57,False,210.0,0.5012531328320801,half(0.5x)
498,raise_a_suilen,!NVADE SHOW!,265.48,80.74951171875,20.79,,171.4285714285603,750.0,0.35,False,169.0,1.01437024513941,
499,raise_a_suilen,REIGNING,249.25,117.45383522727272,19.46,,181.81818181818275,757.0,0.33,False,182.0,0.9990009990010041,
500,raise_a_suilen,EXPOSE ‘Burn out!!!’,283.43,117.45383522727272,22.39,,187.500000000004,898.0,0.32,False,190.0,0.986842105263179,
501,raise_a_suilen,R・I・O・T,301.02,135.99917763157896,23.05,,139.53488372093034,702.0,0.43,False,140.0,0.9966777408637881,
502,raise_a_suilen,V.I.P MONSTER,241.59,112.34714673913044,17.92,,171.4285714285742,694.0,0.35,False,172.0,0.9966777408638035,
503,raise_a_suilen,mind of Prominence,266.02,172.265625,20.67,,187.500000000004,833.0,0.32,False,188.0,0.9973404255319362,
504,raise_a_suilen,Ray of hope,190.45,123.046875,14.51,,127.6595744680854,404.0,0.47,False,127.0,1.005193499748704,
505,raise_a_suilen,EXIST,237.99,69.83741554054055,18.25,,139.53488372093034,555.0,0.43,False,140.0,0.9966777408637881,
506,raise_a_suilen,Sacred world,300.36,215.33203125,23.7,,142.85714285713743,709.0,0.42,False,142.0,1.0060362173037847,
507,raise_a_suilen,-N-E-M-E-S-I-S-,267.33,135.99917763157896,21.16,,146.34146341463284,645.0,0.41,False,145.0,1.009251471825054,
508,raise_a_suilen,DANCING DARING,214.86,129.19921875,16.02,,187.500000000004,674.0,0.32,False,188.0,0.9973404255319362,
509,raise_a_suilen,BATTLE CRY,234.23,117.45383522727272,18.47,,187.500000000004,734.0,0.32,False,188.0,0.9973404255319362,
510,raise_a_suilen,Domination to world,257.9,75.99954044117646,20.31,,200.0000000000001,860.0,0.3,False,200.0,1.0000000000000007,
511,raise_a_suilen,THE WAY OF LIFE,237.96,172.265625,18.41,,171.4285714285707,677.0,0.35,False,170.0,1.0084033613445336,
512,raise_a_suilen,灼熱 Bonfire!,224.34,151.99908088235293,17.78,,153.8461538461536,578.0,0.39,False,155.0,0.9925558312655072,
513,raise_a_suilen,Repaint,234.3,135.99917763157896,18.59,,206.89655172413347,768.0,0.29,False,205.0,1.0092514718250414,
514,raise_a_suilen,Life on the Lotus,242.73,135.99917763157896,18.4,,101.6949152542367,409.0,0.59,False,203.0,0.5009601736661906,half(0.5x)
515,raise_a_suilen,CORUSCATE -DNA-,286.96,95.703125,22.23,,149.99999999999787,858.0,0.4,True,148.0,1.0135135135134992,
516,raise_a_suilen,That Is How I Roll!,265.56,184.5703125,20.66,,181.8181818181749,801.0,0.33,False,180.0,1.0101010101009718,
517,raise_a_suilen,しゅわりん☆どり～みん,265.27,107.666015625,20.95,,176.47058823529235,740.0,0.34,False,176.0,1.0026737967914339,
518,raise_a_suilen,パスパレボリューションず☆,231.46,143.5546875,17.92,,176.47058823529235,673.0,0.34,False,174.0,1.0141987829614503,
519,raise_a_suilen,えがおのオーケストラっ！,255.14,161.4990234375,20.73,,136.36363636363706,587.0,0.44,False,138.0,0.9881422924901236,
520,raise_a_suilen,Don't be afraid!,143.61,161.4990234375,10.86,,181.8181818181749,410.0,0.33,False,180.0,1.0101010101009718,
521,raise_a_suilen,ゆら・ゆらRing-Dong-Dance,294.56,161.4990234375,23.05,,171.4285714285742,858.0,0.35,False,172.0,0.9966777408638035,
522,raise_a_suilen,Hey-day狂騒曲(カプリチオ),241.14,117.45383522727272,18.64,,157.89473684210716,641.0,0.38,False,158.0,0.9993337774816909,
523,raise_a_suilen,Scarlet Sky,246.46,161.4990234375,18.68,,181.8181818181749,724.0,0.33,False,180.0,1.0101010101009718,
524,raise_a_suilen,ゴーカ！ごーかい！？ファントムシーフ！,241.82,172.265625,18.84,,214.28571428571345,831.0,0.28,False,215.0,0.9966777408637835,
526,raise_a_suilen,That Is How I Roll! (ライブ / アンコール),282.74,161.4990234375,21.9,,181.8181818181749,843.0,0.33,False,180.0,1.0101010101009718,
527,raise_a_suilen,R･I･O･T (ライブ / アンコール),347.65,151.99908088235293,27.48,,139.534883720928,778.0,0.43,False,140.0,0.9966777408637715,
533,raise_a_suilen,HOWLING AMBITION,258.09,198.76802884615384,19.82,,136.36363636363706,584.0,0.44,False,136.0,1.002673796791449,
534,raise_a_suilen,VIVID FIRST TIME,229.66,135.99917763157896,17.21,,200.0000000000019,766.0,0.3,False,200.0,1.0000000000000095,
535,raise_a_suilen,'FIGHT' ADDICT,231.29,143.5546875,17.95,,193.5483870967728,751.0,0.31,False,195.0,0.9925558312655016,
536,raise_a_suilen,Drown Out the Noise and Push Through the Trash,215.56,184.5703125,17.23,,127.6595744680854,414.0,0.47,True,190.0,0.6718924972004494,
537,raise_a_suilen,FIVE as ONE,254.93,135.99917763157896,20.3,,187.500000000004,744.0,0.32,False,190.0,0.986842105263179,
538,raise_a_suilen,EXPOSE 'Burn out!!!' (English),283.56,123.046875,22.07,,187.500000000004,899.0,0.32,False,190.0,0.986842105263179,
540,raise_a_suilen,WELCOME TO PANDEMONIUM,254.54,143.5546875,19.43,,206.89655172412333,865.0,0.29,False,204.0,1.0141987829613888,
541,raise_a_suilen,WHAT AN EXPLOSION,190.68,73.828125,14.63,,193.5483870967728,637.0,0.31,False,190.0,1.0186757215619622,
542,raise_a_suilen,RUNAWAY STAR,228.71,123.046875,17.32,,200.0000000000007,763.0,0.3,False,200.0,1.0000000000000036,
543,raise_a_suilen,Bad Kids All Bet,228.06,117.45383522727272,17.97,,171.4285714285707,648.0,0.35,False,170.0,1.0084033613445336,
544,raise_a_suilen,Light a fire,268.53,135.99917763157896,20.92,,139.534883720928,618.0,0.43,False,138.0,1.011122345803826,
545,raise_a_suilen,Embrace of light,271.69,67.99958881578948,20.28,,153.846153846148,686.0,0.39,False,76.0,2.0242914979756317,double(2x)
546,raise_a_suilen,OUTSIDER RODEO,268.61,135.99917763157896,20.2,,149.99999999999787,769.0,0.4,True,148.0,1.0135135135134992,
547,raise_a_suilen,JUST THE WAY I AM,258.48,71.77734375,19.17,,181.8181818181749,778.0,0.33,False,180.0,1.0101010101009718,
548,raise_a_suilen,ラスハピーポー！,200.07,184.5703125,15.34,,193.548387096775,654.0,0.31,False,196.0,0.9874917709019133,
549,raise_a_suilen,1/3の純情な感情 (Cover),222.42,151.99908088235293,17.45,,153.846153846148,563.0,0.39,False,152.0,1.0121457489878158,
550,raise_a_suilen,ヒトリノ夜 (Cover),237.51,172.265625,18.87,,176.47058823529235,690.0,0.34,False,174.0,1.0141987829614503,
551,raise_a_suilen,激動 (Cover),333.16,112.34714673913044,26.03,,113.20754716981108,629.0,0.53,False,113.0,1.001836700617797,
552,raise_a_suilen,メギツネ (Cover),250.82,112.34714673913044,18.54,,142.85714285714226,575.0,0.42,False,142.0,1.0060362173038189,
553,raise_a_suilen,Bling-Bang-Bang-Born (Cover),168.35,151.99908088235293,14.04,,157.89473684210495,441.0,0.38,False,157.0,1.0056989607777385,
554,raise_a_suilen,第六感 (Cover),192.82,135.99917763157896,15.54,,133.33333333333408,431.0,0.45,False,134.0,0.9950248756218961,
555,raise_a_suilen,革命道中 (Cover),197.98,103.359375,15.54,,187.49999999999983,615.0,0.32,False,186.0,1.0080645161290314,
556,raise_a_suilen,Get Wild (Cover),199.16,129.19921875,15.84,,133.3333333333346,445.0,0.45,False,134.0,0.9950248756218999,
558,raise_a_suilen,第ゼロ感 (Cover),288.3,143.5546875,23.07,,149.99999999999787,716.0,0.4,False,150.0,0.9999999999999858,
559,raise_a_suilen,劣等上等 (Cover),236.86,86.1328125,19.19,,162.16216216216017,633.0,0.37,False,160.0,1.0135135135135012,
560,raise_a_suilen,Just Awake (Cover),222.8,135.99917763157896,17.18,,193.5483870967728,709.0,0.31,False,191.0,1.0133423408208,
561,raise_a_suilen,Keep the Heat and Fire Yourself Up (Cover),205.37,184.5703125,16.18,,157.89473684210526,584.0,0.38,False,155.0,1.0186757215619695,
562,raise_a_suilen,ボッカデラベリタ (Cover),201.69,123.046875,15.3,,171.4285714285707,572.0,0.35,False,170.0,1.0084033613445336,
563,raise_a_suilen,VORACITY (Cover),207.23,95.703125,16.41,,200.0000000000007,690.0,0.3,False,200.0,1.0000000000000036,
564,raise_a_suilen,神っぽいな (Cover),203.82,135.99917763157896,16.03,,142.85714285713743,458.0,0.42,False,142.0,1.0060362173037847,
565,raise_a_suilen,狂乱 Hey Kids!! (Cover),249.45,92.28515625,20.43,,272.7272727272741,801.0,0.22,True,142.0,1.9206145966709445,double(2x)
566,raise_a_suilen,SAVIOR OF SONG (Cover),248.95,123.046875,19.83,,193.5483870967728,797.0,0.31,False,192.0,1.0080645161290251,
567,raise_a_suilen,恋しさとせつなさと心強さと (Cover),250.51,103.359375,19.2,,130.43478260869338,543.0,0.46,False,130.0,1.0033444816053336,
568,raise_a_suilen,DEPARTURES (Cover),332.3,95.703125,25.57,,100.00000000000097,553.0,0.6,False,100.0,1.0000000000000098,
569,raise_a_suilen,CORE PRIDE (Cover),257.02,123.046875,20.22,,187.49999999999568,793.0,0.32,False,185.0,1.01351351351349,
570,roselia,Neo-Aspect,307.01,172.265625,23.44,,181.8181818181749,922.0,0.33,False,180.0,1.0101010101009718,
571,roselia,BLACK SHOUT,247.05,92.28515625,18.89,,187.49999999998727,712.0,0.32,False,185.0,1.0135135135134448,
572,roselia,Opera of the wasteland,284.32,287.109375,21.5,,260.8695652173868,871.0,0.23,True,135.0,1.932367149758421,double(2x)
573,roselia,陽だまりロードナイト,289.36,135.99917763157896,22.47,,142.85714285714226,688.0,0.42,False,143.0,0.9990009990009948,
574,roselia,ONENESS,238.98,135.99917763157896,18.01,,187.500000000004,731.0,0.32,False,190.0,0.986842105263179,
575,roselia,Re:birth day,268.42,151.99908088235293,21.33,,171.4285714285707,763.0,0.35,False,170.0,1.0084033613445336,
576,roselia,Legendary,291.55,215.33203125,22.7,,142.85714285714712,700.0,0.42,False,144.0,0.9920634920635217,
577,roselia,- HEROIC ADVENT -,221.8,172.265625,16.78,,181.81818181818275,674.0,0.33,False,182.0,0.9990009990010041,
578,roselia,Determination Symphony,281.66,172.265625,21.65,,187.500000000004,892.0,0.32,False,190.0,0.986842105263179,
579,roselia,熱色スターマイン,280.14,184.5703125,20.78,,187.5,874.0,0.32,False,187.0,1.0026737967914439,
580,roselia,軌跡,312.05,83.35433467741936,23.2,,84.50704225352357,443.0,0.71,False,85.0,0.9942004971002772,
581,roselia,LOUDER,215.92,123.046875,16.8,,193.5483870967728,701.0,0.31,False,195.0,0.9925558312655016,
582,roselia,R,284.99,184.5703125,20.97,,187.500000000004,891.0,0.32,False,188.0,0.9973404255319362,
583,roselia,BRAVE JEWEL,247.26,184.5703125,18.57,,193.5483870967728,792.0,0.31,False,192.0,1.0080645161290251,
584,roselia,FIRE BIRD,359.74,123.046875,27.14,,149.99999999999787,840.0,0.4,False,150.0,0.9999999999999858,
585,roselia,Safe and Sound,258.29,117.45383522727272,19.21,,181.81818181818275,785.0,0.33,False,182.0,0.9990009990010041,
586,roselia,Avant-garde HISTORY,306.32,215.33203125,22.84,,230.76923076922623,1121.0,0.26,False,114.0,2.0242914979756685,double(2x)
587,roselia,Break your desire,261.08,135.99917763157896,20.08,,206.89655172413347,892.0,0.29,False,205.0,1.0092514718250414,
589,roselia,約束,304.13,151.99908088235293,22.75,,122.448979591838,624.0,0.49,False,123.0,0.9955201592832358,
591,roselia,Song I am.,242.27,172.265625,18.17,,187.500000000004,768.0,0.32,False,190.0,0.986842105263179,
592,roselia,Sage der Rosen,244.68,117.45383522727272,18.27,,157.89473684210716,648.0,0.38,False,160.0,0.9868421052631697,
593,roselia,覚悟のLiberation,260.54,123.046875,20.42,,181.8181818181906,703.0,0.33,False,185.0,0.9828009828010302,
594,roselia,Keep Heart,245.7,143.5546875,19.02,,199.9999999999924,811.0,0.3,False,198.0,1.0101010101009718,
595,roselia,Original Call,225.03,172.265625,17.59,,176.47058823529235,654.0,0.34,False,174.0,1.0141987829614503,
596,roselia,Always recall.,252.05,123.046875,19.37,,187.49999999999568,778.0,0.32,False,185.0,1.01351351351349,
597,roselia,Floral Haven,281.64,71.77734375,21.48,,187.500000000004,730.0,0.32,True,190.0,0.986842105263179,
598,roselia,Sprechchor,309.63,95.703125,23.47,,149.99999999999787,774.0,0.4,False,150.0,0.9999999999999858,
599,roselia,閃光,218.38,172.265625,17.21,,176.4705882352942,650.0,0.34,False,178.0,0.9914077990746866,
600,roselia,THE HISTORIC...,271.03,117.45383522727272,20.62,,176.47058823529235,792.0,0.34,False,175.0,1.0084033613445278,
601,roselia,ROZEN HORIZON,366.09,215.33203125,27.6,,157.89473684210716,958.0,0.38,False,160.0,0.9868421052631697,
602,roselia,廻廻奇譚,220.95,234.90767045454547,16.39,,187.49999999999568,682.0,0.32,False,185.0,1.01351351351349,
603,roselia,鳥の詩,356.33,117.45383522727272,28.18,,122.44897959183446,725.0,0.49,False,122.0,1.003680160588807,
604,roselia,Synchrogazer,266.55,151.99908088235293,20.15,,157.89473684210716,710.0,0.38,False,159.0,0.9930486593843217,
605,roselia,名前のない怪物,300.98,143.5546875,22.42,,181.8181818181749,905.0,0.33,False,180.0,1.0101010101009718,
606,roselia,Dazzle the Destiny,240.95,92.28515625,18.1,,193.5483870967728,767.0,0.31,False,191.0,1.0133423408208,
607,roselia,Grateful Melting,217.1,99.38401442307692,16.66,,120.0,434.0,0.5,False,120.0,1.0,
608,roselia,Second to None,233.59,123.046875,18.44,,187.49999999999983,725.0,0.32,False,186.0,1.0080645161290314,
609,roselia,Steadfast Spirits,224.61,129.19921875,17.43,,193.5483870967728,719.0,0.31,False,192.0,1.0080645161290251,
610,roselia,紫炎,221.14,92.28515625,17.23,,187.500000000004,701.0,0.32,False,190.0,0.986842105263179,
611,roselia,XV,234.79,215.33203125,18.87,,193.5483870967728,756.0,0.31,False,193.0,1.0028413839211026,
612,roselia,Blessing Chord,276.78,287.109375,20.8,,153.8461538461536,701.0,0.39,False,153.0,1.0055304172951216,
613,roselia,Fear Nothing,228.72,99.38401442307692,18.43,,115.38461538461628,509.0,0.52,True,230.0,0.5016722408026795,half(0.5x)
614,roselia,PASSIONATE ANTHEM,242.68,95.703125,18.11,,193.5483870967728,789.0,0.31,False,195.0,0.9925558312655016,
615,roselia,Requiem for Fate,238.01,99.38401442307692,18.27,,153.8461538461536,607.0,0.39,False,154.0,0.9990009990009975,
616,roselia,Sanctuary,310.64,89.10290948275862,24.2,,181.81818181818275,944.0,0.33,False,182.0,0.9990009990010041,
617,roselia,Sunlit Musical,231.78,123.046875,17.76,,187.49999999999568,716.0,0.32,False,185.0,1.01351351351349,
618,roselia,Talk to My Tone,245.49,198.76802884615384,19.54,,103.44827586206928,426.0,0.58,False,104.0,0.9946949602122046,
619,roselia,一逢のFull Glory,231.97,198.76802884615384,17.89,,200.00000000000043,751.0,0.3,False,200.0,1.0000000000000022,
620,roselia,礎の花冠,246.76,172.265625,19.3,,176.47058823529235,717.0,0.34,False,174.0,1.0141987829614503,
621,roselia,FRONTIER FANTASIA,262.05,89.10290948275862,20.15,,176.4705882352942,739.0,0.34,False,178.0,0.9914077990746866,
622,roselia,Dear Gleam,253.24,95.703125,19.83,,193.548387096775,827.0,0.31,False,196.0,0.9874917709019133,
623,roselia,Call the shots,265.06,117.45383522727272,20.61,,187.500000000004,834.0,0.32,False,189.0,0.9920634920635133,
624,roselia,THRONE OF ROSE,312.06,151.99908088235293,24.77,,162.16216216216017,836.0,0.37,False,160.0,1.0135135135135012,
625,roselia,VIOLET LINE,290.43,143.5546875,22.03,,199.9999999999924,807.0,0.3,False,200.0,0.999999999999962,
626,roselia,Ringing Bloom,334.57,78.30255681818181,25.43,,193.5483870967728,1086.0,0.31,False,195.0,0.9925558312655016,
627,roselia,ZEAL of proud,278.79,123.046875,21.44,,193.5483870967728,906.0,0.31,False,195.0,0.9925558312655016,
628,roselia,Singing “OURS”,315.91,161.4990234375,23.74,,124.99999999999989,659.0,0.48,False,125.0,0.9999999999999991,
629,roselia,競宴Red×Violet,262.99,143.5546875,19.23,,146.34146341463537,648.0,0.41,False,148.0,0.9887936717205092,
630,roselia,overtuRe,243.85,135.99917763157896,17.88,,193.5483870967728,786.0,0.31,False,193.0,1.0028413839211026,
631,roselia,Proud of oneself,235.59,161.4990234375,18.64,,193.5483870967728,753.0,0.31,False,193.0,1.0028413839211026,
632,roselia,Sing Alive,315.14,95.703125,23.01,,193.5483870967728,970.0,0.31,False,195.0,0.9925558312655016,
633,roselia,Swear ～Night & Day～,304.01,117.45383522727272,23.5,,113.20754716981108,577.0,0.53,False,113.0,1.001836700617797,
634,roselia,Reweave (Cover),238.13,71.77734375,18.31,,181.81818181818275,727.0,0.33,False,183.0,0.9935419771485396,
635,roselia,ヒバナ -Reloaded- (Cover),205.26,143.5546875,15.99,,200.0000000000019,685.0,0.3,False,200.0,1.0000000000000095,
636,roselia,ファタール (Cover),220.63,123.046875,16.9,,157.89473684209534,576.0,0.38,False,156.0,1.0121457489877907,
637,roselia,HONEY (Cover),227.41,151.99908088235293,17.0,,181.81818181818275,692.0,0.33,False,182.0,0.9990009990010041,
638,roselia,悪魔の子 (Cover),226.32,107.666015625,17.16,,176.47058823529235,503.0,0.34,True,90.0,1.9607843137254706,double(2x)
639,roselia,slash (Cover),240.55,215.33203125,18.46,,107.1428571428574,432.0,0.56,False,108.0,0.9920634920634944,
640,roselia,右肩の蝶 (Cover),276.02,172.265625,21.95,,139.53488372093028,643.0,0.43,False,140.0,0.9966777408637877,
641,roselia,乙女解剖 (Cover),223.62,129.19921875,17.41,,133.3333333333346,499.0,0.45,False,134.0,0.9950248756218999,
642,roselia,六兆年と一夜物語 (Cover),216.14,89.10290948275862,16.69,,187.49999999999983,669.0,0.32,False,186.0,1.0080645161290314,
643,roselia,残酷な天使のテーゼ (Cover),261.32,172.265625,19.76,,139.534883720928,598.0,0.43,False,140.0,0.9966777408637715,
644,roselia,海色 (Cover),256.62,135.99917763157896,19.63,,193.5483870967728,834.0,0.31,False,195.0,0.9925558312655016,
645,roselia,ETERNAL BLAZE (Cover),308.72,129.19921875,23.21,,153.84615384615924,781.0,0.39,False,155.0,0.9925558312655435,
646,roselia,魂のルフラン (Cover),269.22,143.5546875,20.71,,130.43478260869338,583.0,0.46,False,130.0,1.0033444816053336,
647,roselia,This game (Cover),283.2,95.703125,21.37,,146.34146341463537,694.0,0.41,False,147.0,0.9955201592832338,
648,roselia,スカイクラッドの観測者 (Cover),273.35,184.5703125,21.79,,166.66666666666694,757.0,0.36,False,167.0,0.9980039920159697,
649,roselia,シャルル (Cover),232.17,215.33203125,18.18,,146.34146341463028,560.0,0.41,False,145.0,1.0092514718250365,
650,roselia,新時代 (Cover),226.34,123.046875,16.97,,176.47058823529235,633.0,0.34,False,175.0,1.0084033613445278,
651,roselia,革命デュアリズム (Cover),237.15,80.74951171875,18.61,,206.89655172413347,809.0,0.29,False,205.0,1.0092514718250414,
652,roselia,Red fraction (Cover),200.54,89.10290948275862,15.64,,142.85714285714226,474.0,0.42,False,142.0,1.0060362173038189,
653,roselia,深愛 (Cover),272.76,135.99917763157896,21.15,,139.534883720928,626.0,0.43,False,138.0,1.011122345803826,
655,roselia,Realize (Cover),245.84,135.99917763157896,18.53,,206.89655172412333,651.0,0.29,True,206.0,1.00435219283555,
656,roselia,Preserved Roses (Cover),210.63,161.4990234375,16.37,,166.66666666666694,588.0,0.36,False,167.0,0.9980039920159697,
657,roselia,My Dearest (Cover),336.95,172.265625,23.76,,166.6666666666735,945.0,0.36,False,168.0,0.9920634920635327,
658,roselia,Shangri-La (Cover),238.53,215.33203125,17.3,,153.84615384615924,608.0,0.39,False,156.0,0.9861932938856361,
659,roselia,KING (Cover),134.45,161.4990234375,10.94,,166.66666666666694,374.0,0.36,False,166.0,1.0040160642570297,
