idx,band,song,duration_sec,arousal_median,arousal_p10,arousal_p90,arousal_std,n_patches,error
0,afterglow,ON YOUR MARK,241.6333125,7.325271129608154,6.4977922439575195,8.076416015625,0.6909206509590149,161,
1,afterglow,That Is How I Roll!,239.6,7.308801651000977,6.512436866760254,7.94495964050293,0.6132108569145203,160,
2,afterglow,SENSENFUKOKU,246.5333125,7.046791076660156,6.1222920417785645,7.738588809967041,0.6915765404701233,164,
3,afterglow,I knew it!,291.3,7.406019687652588,6.443349838256836,8.165283203125,0.6970048546791077,194,
4,afterglow,ツナグ、ソラモヨウ,248.9333125,7.201624870300293,6.266544818878174,7.936986923217773,0.8949064612388611,166,
5,afterglow,Hey-day狂騒曲(カプリチオ),233.70225,7.102724552154541,6.224211692810059,7.78797721862793,0.6719373464584351,156,
6,afterglow,"Easy come, Easy go!",243.4,7.088780403137207,6.0282883644104,7.887293338775635,0.7742687463760376,162,
7,afterglow,Sasanqua,236.80225,6.81696891784668,5.770893573760986,7.460564136505127,0.7110052108764648,158,
8,afterglow,RED RED RED,224.366625,7.0161213874816895,5.54720401763916,7.715632915496826,0.8447364568710327,149,
9,afterglow,ONE OF US,282.3,7.335694313049316,6.143275737762451,7.98610782623291,0.8535047173500061,188,
10,afterglow,Y.O.L.O!!!!!,270.9305,7.229061126708984,6.510036945343018,7.956342697143555,0.727998673915863,181,
11,afterglow,Scarlet Sky,229.0,7.190240859985352,6.039979934692383,7.968536853790283,0.7007022500038147,152,
12,afterglow,Off we go.,251.8333125,6.71071720123291,5.925046920776367,7.412260055541992,0.6321516633033752,168,
13,afterglow,いつも通りのBrand new days,237.3333125,6.971593856811523,5.90209436416626,7.6168951988220215,0.6636264324188232,158,
14,afterglow,SWITCH ON NOW,207.3333125,7.222578525543213,6.658228397369385,7.932908535003662,0.6258032321929932,138,
15,afterglow,ランブリングメモリー,325.0333125,7.179149150848389,5.745713710784912,7.640794277191162,0.833821177482605,217,
16,afterglow,COMIC PANIC!!!,280.5,7.407463073730469,6.55515193939209,8.120832443237305,0.6253589987754822,187,
17,afterglow,Trouble Joyful!!,237.9333125,7.075883865356445,6.130163192749023,7.796974182128906,0.6816125512123108,158,
18,afterglow,Jamboree!Journey!,259.8,7.314810752868652,6.44894552230835,8.083337783813477,0.7602508664131165,173,
19,afterglow,カナユメ,307.466625,6.886216640472412,5.5931572914123535,7.510343551635742,0.7963249087333679,205,
20,afterglow,独創収差,276.3,6.745689392089844,4.6945624351501465,7.511527061462402,1.0524009466171265,184,
21,afterglow,極彩色,238.6,7.00611686706543,6.289156913757324,7.7564167976379395,0.7265605926513672,159,
22,afterglow,サクラゼンセン,249.3333125,7.159527778625488,6.230849742889404,7.758603572845459,0.6515575647354126,166,
23,afterglow,True color,253.3333125,7.05737829208374,6.0538177490234375,7.6522393226623535,0.7385700941085815,169,
24,afterglow,Crow Song,244.2,6.98244571685791,6.163245677947998,7.789640426635742,0.6392573118209839,163,
25,afterglow,カサブタ,196.666625,7.652812957763672,6.791083335876465,8.166153907775879,0.609244167804718,131,
26,afterglow,アイのシナリオ,259.8333125,7.085435390472412,6.125669002532959,7.598698139190674,0.6627352237701416,173,
27,afterglow,Northern lights,209.1,7.095794677734375,6.075559139251709,7.800177097320557,0.7343118190765381,139,
28,afterglow,トーキョーワンダー。,153.766625,7.055652141571045,5.6011128425598145,7.983900547027588,0.8717530369758606,102,
29,afterglow,Reach Out To The Truth,171.466625,7.1968231201171875,6.619765281677246,7.823343276977539,0.48589396476745605,114,
30,afterglow,Listen!!,227.466625,7.204256534576416,6.548276424407959,8.077770233154297,0.6164554953575134,151,
31,afterglow,青い栞,336.8,6.3585052490234375,4.967586517333984,7.132709980010986,0.8760249614715576,225,
32,afterglow,イマジネーション,177.966625,7.137579917907715,5.806947708129883,7.717939376831055,0.7585042715072632,118,
33,afterglow,Butter-Fly,250.2,6.9673662185668945,6.3985185623168945,7.655381202697754,0.5806037783622742,167,
34,afterglow,燦々,194.9,6.6930832862854,5.897799015045166,7.411642074584961,0.5932053327560425,129,
35,afterglow,That's why I'm here.,261.866625,6.846534729003906,5.64634895324707,7.481852054595947,0.7323170900344849,174,
36,afterglow,IGNITE GLOW,267.366625,6.900792598724365,5.981845855712891,7.540884494781494,0.6550936102867126,178,
37,afterglow,ペトリコール・オベーション,219.1333125,7.153072357177734,5.983415126800537,8.063652038574219,0.9149132370948792,146,
38,afterglow,Made My Day,243.966625,6.833186149597168,6.119282245635986,7.492385387420654,0.5162732601165771,162,
39,afterglow,Glowing After,254.4933125,6.885965824127197,5.541101455688477,7.507885456085205,0.784569501876831,170,
40,afterglow,A Sunset So Bright,231.106625,6.64708137512207,5.813372611999512,7.233846187591553,0.5617335438728333,154,
41,afterglow,Start as Usual,276.266625,6.692793846130371,5.833326816558838,7.320736885070801,0.6473026871681213,184,
42,afterglow,“Say cheese!!!!!”,261.066625,7.090773582458496,6.389397621154785,7.644211769104004,0.5429658889770508,174,
43,afterglow,花笑みのデュオ,250.306625,6.675547122955322,5.58455228805542,7.331472396850586,0.7725667357444763,167,
44,afterglow,READY STEADY GO (Cover),221.3333125,7.210546493530273,6.294865608215332,7.93162727355957,0.73469078540802,147,
45,afterglow,abnormalize (Cover),219.0333125,7.159338474273682,6.111516952514648,7.875424385070801,0.7458539605140686,146,
46,afterglow,メンタルチェンソー (Cover),177.3975625,7.2289533615112305,6.68510103225708,7.658771514892578,0.4571548104286194,118,
47,afterglow,Bunny Girl (Cover),217.226625,6.961411952972412,6.316645622253418,7.626616477966309,0.5396432876586914,144,
48,afterglow,オレンジ (Cover),235.6,6.504333972930908,4.861983299255371,7.209959506988525,0.9454838633537292,157,
49,afterglow,カゲロウデイズ (Cover),233.706625,6.269518852233887,5.276607513427734,7.416271209716797,0.8021324276924133,156,
50,afterglow,DAY×DAY (Cover),219.066625,7.128175735473633,6.261132717132568,7.836445331573486,0.6861692070960999,146,
51,afterglow,ロキ (Cover),230.0333125,7.172277450561523,6.4912919998168945,7.777588844299316,0.5838069319725037,153,
52,afterglow,CHAINSAW BLOOD (Cover),203.12,7.113705635070801,6.355970859527588,7.613489627838135,0.5109006762504578,135,
53,afterglow,チルドレンレコード (Re:boot) (Cover),189.706625,7.009706020355225,5.920229911804199,7.520723342895508,0.6306207180023193,126,
54,afterglow,青のすみか (Cover),197.4,6.595925331115723,5.135636329650879,7.576257228851318,0.9578777551651001,131,
55,afterglow,GO!!! (Cover),239.666625,7.474613189697266,6.650914669036865,8.184037208557129,0.7337479591369629,160,
56,afterglow,天ノ弱 (Cover),187.766625,7.115947246551514,5.856202125549316,7.695520401000977,0.7108752727508545,125,
57,afterglow,アスノヨゾラ哨戒班 (Cover),192.0333125,7.090052604675293,5.891254425048828,7.824629783630371,0.8051310777664185,128,
58,afterglow,瞬間センチメンタル (Cover),230.9333125,7.269939422607422,6.648057460784912,7.92051362991333,0.6805545687675476,154,
59,afterglow,プライド革命 (Cover),238.5333125,7.200177192687988,6.012678623199463,7.937114715576172,0.750511646270752,159,
60,afterglow,命に嫌われている。 (Cover),274.1,5.94578218460083,5.163591384887695,7.342583656311035,0.8822374939918518,183,
61,afterglow,Redo (Cover),261.566625,6.891557693481445,5.759390830993652,7.682368755340576,0.7846507430076599,174,
62,afterglow,インフェルノ (Cover),214.166625,7.359781265258789,6.337876319885254,8.129487991333008,0.7662265300750732,142,
63,afterglow,ドラマツルギー (Cover),238.6,7.028141021728516,5.973104000091553,7.722140789031982,0.6787303686141968,159,
64,afterglow,COLORS (Cover),218.8,6.736730575561523,5.75841760635376,7.078083515167236,0.7100114822387695,146,
65,afterglow,午夜の待ち合わせ (Cover),171.5333125,7.294283866882324,6.3212385177612305,7.954638957977295,0.880280613899231,114,
66,afterglow,サムライハート（Some Like It Hot!!） (Cover),190.6333125,7.209578990936279,6.040152072906494,7.963230609893799,0.7417876720428467,127,
67,afterglow,ベノム (Cover),198.5,7.727442741394043,6.936158657073975,8.282319068908691,0.5764027833938599,132,
68,afterglow,Don't say “lazy” (Cover),275.666625,7.461879730224609,6.6444525718688965,8.0587158203125,0.8418999314308167,184,
69,afterglow,Part of the Life,88.663875,7.015749931335449,6.139400959014893,7.600093364715576,0.5249879956245422,58,
70,afterglow,Punchline Halloween!!!,234.166625,6.747406005859375,6.1433305740356445,7.335608005523682,0.59649658203125,156,
71,afterglow,I love your way！,263.7,7.310246467590332,6.433707237243652,7.979002952575684,0.63422691822052,176,
72,ave_mujica,KiLLKiSS,208.7724375,6.630990982055664,4.228590488433838,7.324847221374512,1.063533902168274,139,
73,ave_mujica,"Georgette Me, Georgette You",234.6790625,5.5088653564453125,3.7958884239196777,7.197881698608398,1.3002464771270752,156,
74,ave_mujica,Imprisoned XII,192.1683125,5.270883560180664,3.7826223373413086,6.8329854011535645,1.2025316953659058,128,
75,ave_mujica,Crucifix X,299.003375,6.470942974090576,3.986438751220703,6.97833251953125,1.0599777698516846,199,
76,ave_mujica,八芒星ダンス,231.549375,6.731789588928223,4.882342338562012,7.591721057891846,0.9837894439697266,154,
77,ave_mujica,顔,242.1725,7.121429443359375,6.324765205383301,7.613382816314697,0.5896893739700317,161,
78,ave_mujica,天球のMúsica,280.3345,6.758284091949463,4.410477638244629,7.399069309234619,1.138784408569336,187,
79,ave_mujica,黒のバースデイ,234.2613125,6.886259078979492,4.268876075744629,7.722164154052734,1.4071732759475708,156,
80,ave_mujica,ふたつの月 ~Deep Into The Forest~,304.9244375,6.02911376953125,4.864478588104248,6.951143741607666,0.816606879234314,203,
81,ave_mujica,Choir ‘S’ Choir,288.1364375,6.7715044021606445,4.937726020812988,7.423851490020752,0.9363752007484436,192,
82,ave_mujica,神さま、バカ,223.978625,6.979496479034424,4.670662879943848,7.745484828948975,1.1215265989303589,149,
83,ave_mujica,Mas?uerade Rhapsody Re?uest,249.792,6.650956153869629,5.26413631439209,7.557967185974121,0.9206990599632263,166,
84,ave_mujica,Ave Mujica,277.9893125,5.897695541381836,4.269099712371826,6.850521087646484,0.9363974332809448,185,
85,ave_mujica,Symbol I : △,312.1806875,6.5234575271606445,5.611764430999756,7.125455379486084,0.603923499584198,208,
86,ave_mujica,Symbol II : Air,212.810875,7.331499099731445,6.561181545257568,7.868865013122559,0.5703535079956055,142,
87,ave_mujica,Symbol III : ▽,256.9288125,4.865678787231445,3.670290946960449,5.63995361328125,0.7492761611938477,171,
88,ave_mujica,Symbol IV : Earth,239.1423125,6.342686176300049,5.3340744972229,7.167140960693359,0.7459592223167419,159,
89,ave_mujica,Ether,285.6866875,6.494139194488525,4.790719032287598,7.119600296020508,0.8878620266914368,191,
90,ave_mujica,The Whole Blue World,257.3013125,6.356808185577393,5.360357284545898,6.986624717712402,0.7308927774429321,171,
91,ave_mujica,in your blue eyes,222.7724375,6.291816711425781,3.942643880844116,7.140738010406494,1.2258726358413696,148,
92,ave_mujica,素晴らしき世界 でも どこにもない場所,269.502375,6.537311553955078,5.420893669128418,7.263540267944336,0.6912043690681458,180,
93,ave_mujica,Angles,275.08,5.693749904632568,3.924980401992798,7.1465044021606445,1.2374006509780884,183,
94,ave_mujica,DIVINE,257.62575,6.800978183746338,5.5373616218566895,7.282938003540039,0.7078282833099365,172,
95,ave_mujica,Sophie,197.0096875,6.449047565460205,5.410820960998535,7.143917083740234,0.7071271538734436,131,
96,ave_mujica,‘S/’ The Way,227.4524375,7.101995944976807,6.28066873550415,7.680693626403809,0.6482478380203247,151,
97,ave_mujica,碧い瞳の中に,223.96,5.985641002655029,3.7765212059020996,6.815374374389648,1.1174226999282837,149,
98,ave_mujica,堕天 (Cover),183.786625,7.17982292175293,6.14882755279541,7.771696090698242,0.697176992893219,122,
99,ave_mujica,KINGS (Cover),317.626625,6.717981815338135,5.857753753662109,7.327720642089844,0.6191521883010864,212,
100,ave_mujica,暗黒天国 (Cover),265.32,7.040952682495117,6.002400875091553,7.892278671264648,0.7635585069656372,177,
101,various_artists,Don't be afraid!,238.8,7.058892250061035,6.032611846923828,7.6212897300720215,0.7633593082427979,159,
102,various_artists,Glee! Glee! Glee!,211.8333125,7.0434160232543945,5.669797420501709,7.7352752685546875,0.9272155165672302,141,
103,various_artists,"Be shine, shining!",96.3333125,6.5449700355529785,5.542564392089844,7.225827693939209,0.7372878193855286,63,
104,various_artists,"Here, the world",263.24,6.297852516174316,5.468578338623047,6.978701114654541,0.6999091506004333,175,
105,various_artists,CiRCLE THANKS MUSiC♪,313.70225,6.5801615715026855,5.767850875854492,7.284887313842773,0.6054498553276062,209,
106,hello_happy_world,キミがいなくちゃっ！,243.7689375,6.517139434814453,5.502075672149658,7.175584316253662,0.7007938623428345,162,
107,hello_happy_world,ハイファイブ∞あどべんちゃっ,272.4333125,6.787994861602783,6.139711856842041,7.730771064758301,0.6656859517097473,182,
108,hello_happy_world,スマイルブーケで た〜まや〜！,271.966625,6.3601531982421875,5.555293560028076,7.225478172302246,0.7185338735580444,181,
109,hello_happy_world,えがお･シング･あ･ソング,249.2,7.042596817016602,5.938446044921875,7.753366947174072,0.8160650134086609,166,
110,hello_happy_world,YAPPY! SCHOOL CARNIVAL☆彡,235.2,6.551336288452148,5.948052883148193,7.193004608154297,0.5267812609672546,157,
111,hello_happy_world,にこ×にこ=ハイパースマイルパワー！,233.3,6.796095371246338,6.057811737060547,7.385040760040283,0.5316482782363892,155,
112,hello_happy_world,ないすみちゅっ！,257.2,6.484677314758301,5.663136005401611,7.185678958892822,0.6404320001602173,171,
113,hello_happy_world,ゴーカ！ごーかい！？ファントムシーフ！,219.835625,6.9056901931762695,5.999973297119141,7.630138397216797,0.7015389800071716,146,
114,hello_happy_world,うぃーきゃん☆フレフレっ！,239.635625,6.4077558517456055,5.641617774963379,7.117982864379883,0.5894083976745605,160,
115,hello_happy_world,えがおのオーケストラっ！,230.2,6.611704349517822,5.130794525146484,7.555220603942871,0.9451795220375061,153,
116,hello_happy_world,にこにこねくと！,250.6355625,6.091732978820801,5.095468044281006,6.810808181762695,0.6737850904464722,167,
117,hello_happy_world,ふぁいぶスマイル◯オールインっ！,246.3,6.403980255126953,5.404111862182617,7.195766925811768,0.774458110332489,164,
118,hello_happy_world,せかいのっびのびトレジャー！,212.7,6.95409631729126,6.035598278045654,7.50607442855835,0.6032488346099854,141,
119,hello_happy_world,きらっ☆と キミフェス！,231.066625,7.225236892700195,6.108092308044434,7.693233489990234,0.6666948795318604,154,
120,hello_happy_world,うちゃパ！で ぱっぴかポーんっ！,217.766625,6.723336219787598,5.850359916687012,7.1997880935668945,0.5717248320579529,145,
121,hello_happy_world,はれやか すこやか ぴかりんりん♪,256.366625,7.048923015594482,6.168745040893555,7.78903865814209,0.6487185955047607,171,
122,hello_happy_world,ふわふわ☆ゆめいろサンドイッチ,292.0,6.244818210601807,5.238973617553711,6.903654098510742,0.6437169909477234,195,
123,hello_happy_world,Happy! Happier! Happiest!,242.9,7.098966598510742,5.9440107345581055,7.8332133293151855,0.739669680595398,162,
124,hello_happy_world,現るっ！大怪盗ハロハッピー！,224.1,6.82764196395874,5.96728515625,7.738245010375977,0.6752884387969971,149,
125,hello_happy_world,わちゃ・もちゃ・ぺったん行進曲,233.2,7.025927543640137,6.151503562927246,7.634819507598877,0.6407840847969055,155,
126,hello_happy_world,おもいでイルミネーション,252.7,6.627265930175781,5.586725234985352,7.270491600036621,0.7040537595748901,168,
127,hello_happy_world,おもいやりハーモニー,231.5,6.084179878234863,5.177280426025391,6.973690032958984,0.7800409197807312,154,
128,hello_happy_world,ハピネスっ！ハピィーマジカルっ♪,210.6,7.038331985473633,5.991029739379883,7.89610481262207,0.7331092953681946,140,
129,hello_happy_world,えがお、あーゆーれでぃ???,226.3,7.256368160247803,5.6964216232299805,7.807987213134766,0.8355458378791809,151,
130,hello_happy_world,ハッピーサマーウェディング,284.666625,7.172789573669434,6.721159934997559,7.769046783447266,0.5246120691299438,190,
131,hello_happy_world,ひまわりの約束,307.3,5.958752632141113,4.356321811676025,6.587925434112549,0.8718760013580322,205,
132,hello_happy_world,ハッピー☆マテリアル,225.0333125,6.8963212966918945,6.051452159881592,7.377041339874268,0.5581493377685547,150,
133,hello_happy_world,太陽曰く燃えよカオス,239.2,6.930548667907715,5.982168197631836,7.569347858428955,0.6906095743179321,159,
134,hello_happy_world,エクストラ・マジック・アワー,255.3,6.439837455749512,5.4202399253845215,7.156650066375732,0.771253764629364,170,
135,hello_happy_world,コレカラ,214.9333125,6.59713077545166,5.608119010925293,7.264382362365723,0.6680545806884766,143,
136,hello_happy_world,全力少年,241.8,6.834650039672852,5.955276012420654,7.7759222984313965,0.8039149045944214,161,
137,hello_happy_world,オレンジ,278.4,6.907629013061523,5.520075798034668,7.376602649688721,0.7641336917877197,186,
138,hello_happy_world,Happy Girl,238.1333125,6.87756872177124,6.00530481338501,7.5987868309021,0.7274543642997742,159,
139,hello_happy_world,ン・パカマーチ,156.0,7.021909713745117,6.19374942779541,7.623098850250244,0.6934140920639038,103,
140,hello_happy_world,サンバロハッピ〜！,216.5,7.120375156402588,6.403730392456055,7.707997798919678,0.5919286608695984,144,
141,hello_happy_world,ボクらの夏's☆ショーたいむっ！！,206.8,6.404392719268799,5.459439754486084,7.093980312347412,0.627630889415741,137,
142,hello_happy_world,むすんでわらって,241.966625,7.091716766357422,6.0722432136535645,7.542511463165283,0.7592361569404602,161,
143,hello_happy_world,キミを れっつ・はぶ・ふぁん♪,235.0,6.986294746398926,6.077437400817871,7.628726005554199,0.7251080870628357,156,
144,hello_happy_world,らいふ・いず・みゅーじかるっ♪♪♪,237.7,6.481428146362305,5.441199779510498,7.205233573913574,0.6735788583755493,158,
145,hello_happy_world,れっつ・スマイル・すとり〜みんぐっ♪,227.6333125,6.789683818817139,5.337128639221191,7.506405353546143,0.7867497205734253,151,
146,hello_happy_world,やっほー！いっぽ！わんだふぉー！,212.3333125,7.1805500984191895,6.609193325042725,7.682258605957031,0.5550538301467896,141,
147,hello_happy_world,とーくとぅみー・とーくとぅゆー,208.566625,7.427093505859375,6.91575288772583,7.920018672943115,0.5167478322982788,139,
148,hello_happy_world,ハイタッチ／＼びりーばーず☆,254.366625,6.621973991394043,5.433994293212891,7.166294097900391,0.7053061723709106,169,
149,hello_happy_world,Listen to Smile!,244.166625,6.17999792098999,5.314922332763672,7.049238204956055,0.6799042224884033,163,
150,hello_happy_world,スマイリーキャロル,247.066625,6.64365291595459,5.7636260986328125,7.215535640716553,0.6435126066207886,165,
151,hello_happy_world,えがお、み〜っけた！,270.2,6.8609089851379395,5.468051910400391,7.529659271240234,0.8692783713340759,180,
152,hello_happy_world,上海ハニー (Cover),178.2333125,7.480661392211914,6.661375999450684,7.987935543060303,0.644089937210083,118,
153,hello_happy_world,シル・ヴ・プレジデント (Cover),193.5,7.1324920654296875,6.165035247802734,7.804888725280762,0.6853947639465332,129,
154,hello_happy_world,ヒャダインのじょーじょーゆーじょー (Cover),251.1,7.038524627685547,6.026374340057373,7.839774131774902,0.7541804313659668,167,
155,hello_happy_world,はいよろこんで (Cover),160.2333125,7.051035404205322,5.371847152709961,7.607492446899414,0.9070457816123962,106,
156,hello_happy_world,シカ色デイズ (Cover),202.166625,6.850709915161133,6.085052013397217,7.607781887054443,0.741933286190033,134,
157,hello_happy_world,強風オールバック (Cover),135.1,6.986270904541016,6.483205318450928,7.685331344604492,0.48933738470077515,89,
158,hello_happy_world,最高到達点 (Cover),226.666625,6.48628044128418,5.0809526443481445,7.144399166107178,0.8231216073036194,151,
159,hello_happy_world,許婚っきゅん (Cover),177.466625,6.87298583984375,6.065109729766846,7.482345104217529,0.6159467101097107,118,
160,hello_happy_world,新宝島 (Cover),251.2,6.744349479675293,5.5415940284729,7.398184299468994,0.7443020343780518,167,
161,hello_happy_world,ドレミファロンド (Cover),200.6333125,6.501420021057129,5.59788179397583,7.276142597198486,0.6767317652702332,133,
162,hello_happy_world,きゅうくらりん (Cover),214.8333125,6.43797492980957,5.758107662200928,7.135292053222656,0.5159870386123657,143,
163,hello_happy_world,ロメオ (Cover),320.2,6.646007537841797,5.530203342437744,7.495331764221191,0.7965243458747864,214,
164,hello_happy_world,エイリアンエイリアン (Cover),183.1333125,6.52005672454834,5.697452545166016,7.450993537902832,0.7204462289810181,122,
165,hello_happy_world,いーあるふぁんくらぶ (Cover),239.666625,6.983394622802734,6.370922565460205,7.6695990562438965,0.6652742624282837,160,
166,hello_happy_world,回レ！雪月花 (Cover),234.8333125,6.870583534240723,5.992102146148682,7.596099853515625,0.6694387197494507,156,
167,hello_happy_world,恋愛裁判 (Cover),223.1333125,7.334903240203857,6.068305969238281,7.913074016571045,0.7091191411018372,148,
168,hello_happy_world,TOMORROW (Cover),274.9,6.805902004241943,6.006039142608643,7.768709659576416,0.6839983463287354,183,
169,hello_happy_world,GO! GO! MANIAC (Cover),249.1,7.479306221008301,6.5518388748168945,8.120338439941406,0.6410354971885681,166,
170,hello_happy_world,Dragon Night (Cover),228.7333125,6.616673469543457,4.782680988311768,7.460883617401123,1.0013266801834106,152,
171,hello_happy_world,ようこそジャパリパークへ (Cover),206.2333125,6.891428470611572,5.835916519165039,7.703242778778076,0.7820484042167664,137,
172,hello_happy_world,ウィーアー！ (Cover),241.1333125,6.317073822021484,5.4349799156188965,6.845471382141113,0.5956919193267822,161,
173,hello_happy_world,おジャ魔女カーニバル!! (Cover),217.366625,6.884625434875488,6.20977783203125,7.911764621734619,0.7410802841186523,145,
174,hello_happy_world,ダーリンダンス (Cover),207.6333125,7.440608978271484,6.8625264167785645,7.930824279785156,0.6137186884880066,138,
175,hello_happy_world,ノーポイッ！ (Cover),242.966625,7.307087421417236,6.560750484466553,7.786273956298828,0.6169664263725281,162,
176,hello_happy_world,SHINY DAYS (Cover),262.6,6.294921398162842,5.418715000152588,7.073845386505127,0.6636521816253662,175,
177,hello_happy_world,シルエット (Cover),241.0333125,7.146280288696289,6.634016036987305,7.7319512367248535,0.5038909912109375,160,
178,ikka_dumb_rock,ホーミー・タイッ！！,215.4333125,7.3885908126831055,6.733031749725342,7.857424259185791,0.4655073285102844,143,
179,millsage,起死開戦,195.3248125,6.65389347076416,5.537443161010742,7.487646102905273,0.9782103300094604,130,
180,morfonica,Daylight -デイライト-,357.2854375,7.3396477699279785,6.25142240524292,8.115087509155273,0.7172122597694397,239,
181,morfonica,メランコリックララバイ,216.066625,6.210109710693359,5.626186370849609,6.887831211090088,0.5250047445297241,144,
182,morfonica,flame of hope,252.935625,6.981393814086914,6.247650623321533,7.541674613952637,0.5240429043769836,168,
183,morfonica,ブルームブルーム,276.90225,6.744934558868408,6.180075168609619,7.410403251647949,0.5776254534721375,185,
184,morfonica,カラフルリバティー,218.8333125,6.63593053817749,5.927818298339844,7.339474201202393,0.5589369535446167,146,
185,morfonica,fly with the night,240.6689375,6.183224201202393,5.2345499992370605,6.664844989776611,0.5899546146392822,160,
186,morfonica,金色へのプレリュード,271.2333125,6.675933837890625,5.807157516479492,7.279406547546387,0.6502785682678223,181,
187,morfonica,The Circle Of Butterflies,258.766625,6.52780818939209,5.671247959136963,7.12736177444458,0.8053475022315979,172,
188,morfonica,ハーモニー・デイ,219.166625,6.312168121337891,5.620075702667236,6.954233169555664,0.6036164164543152,146,
189,morfonica,Sweet Cheers!,224.3333125,6.292227268218994,5.17585563659668,6.874568462371826,0.6745094656944275,149,
190,morfonica,"寄る辺のSunny, Sunny",215.9689375,6.528846263885498,5.786349773406982,7.093868732452393,0.5647579431533813,144,
191,morfonica,誓いのWingbeat,255.0,6.4441938400268555,5.57512903213501,7.221677780151367,0.6907381415367126,170,
192,morfonica,Ever Sky Blue,241.1333125,6.226849555969238,4.930239677429199,6.758813858032227,0.7369689345359802,161,
193,morfonica,Polyphonyscape,251.4256875,6.705483913421631,5.250465393066406,7.561973571777344,0.867499053478241,167,
194,morfonica,Wreath of Brave,263.2333125,6.619060039520264,5.867482662200928,7.216792583465576,0.5683823227882385,175,
195,morfonica,Merry Merry Thanks!!,257.7333125,6.635531902313232,5.0350422859191895,7.261931419372559,0.8628917932510376,172,
196,morfonica,Sonorous,313.266625,6.412883758544922,5.421595096588135,6.9442877769470215,0.7254992127418518,209,
197,morfonica,両翼のBrilliance,239.8,6.656067848205566,5.969594478607178,7.198412895202637,0.5010077953338623,160,
198,morfonica,Steer to Utopia,216.266625,7.063798427581787,6.436316013336182,7.637209892272949,0.6806415915489197,144,
199,morfonica,Fateful...,286.8333125,6.418974876403809,5.700152397155762,6.9151692390441895,0.5272564888000488,191,
200,morfonica,ティリカモニカリラ,204.066625,6.473453998565674,5.461175441741943,7.546869277954102,0.986794650554657,136,
201,morfonica,Secret Dawn,238.435625,6.465451240539551,4.672024726867676,7.192861557006836,0.917589545249939,159,
202,morfonica,Angel's Ladder,253.4,6.566720008850098,5.976013660430908,7.20836067199707,0.463054358959198,169,
203,morfonica,One step at a time,263.735625,6.5343828201293945,5.414684772491455,7.17746639251709,0.7212841510772705,176,
204,morfonica,Tempest,252.2,6.734606742858887,5.821669101715088,7.368237495422363,0.7232622504234314,168,
205,morfonica,フレージング ミラージュ,263.62775,6.35985803604126,4.7038116455078125,7.034308433532715,0.7970265746116638,176,
206,morfonica,MUGEN Reverberate!,230.3333125,6.384815692901611,5.749084949493408,6.972333908081055,0.5202862620353699,153,
207,morfonica,わたしまちがいさがし,273.008625,6.282425880432129,5.504580974578857,6.8998188972473145,0.6277168393135071,182,
208,morfonica,esora no clover,193.866625,5.876579284667969,4.654855728149414,6.525972366333008,0.6591304540634155,129,
209,morfonica,きょうもMerry go rounD,238.039375,6.283360481262207,5.342740535736084,7.031502723693848,0.6778407096862793,158,
210,morfonica,Feathered Dreams,226.366625,7.146453857421875,6.5758209228515625,7.608264446258545,0.5474966764450073,151,
211,morfonica,Portray Empathy,253.3,7.091423034667969,6.3038249015808105,7.577201843261719,0.5231355428695679,169,
212,morfonica,ビューティ・フォー,189.3333125,7.218814849853516,6.155970573425293,7.837458610534668,0.7402213215827942,126,
213,morfonica,胡蝶翔る星月夜,204.666625,7.004413604736328,6.282329082489014,7.604907989501953,0.5784158706665039,136,
214,morfonica,Color of Us,233.7333125,6.786381721496582,5.598182201385498,7.430891990661621,0.7681582570075989,156,
215,morfonica,Resonant Strings,240.384125,6.953351974487305,6.374655246734619,7.664372444152832,0.6030738353729248,160,
216,morfonica,Shining Leaves,217.9666875,6.8819756507873535,6.147122383117676,7.325262069702148,0.5802309513092041,145,
217,morfonica,音がえしのセレナーデ,301.766625,6.639158248901367,5.721091270446777,7.2415337562561035,0.7387898564338684,201,
218,morfonica,蒼穹へのトレイル,219.166625,6.70677375793457,5.593311309814453,7.31217622756958,0.7817323207855225,146,
219,morfonica,QUEEN (Cover),145.766625,6.6898627281188965,5.400677680969238,7.159124374389648,0.7864588499069214,96,
220,morfonica,again (Cover),250.8,6.855216979980469,5.928873062133789,7.529450416564941,0.6712061762809753,167,
221,morfonica,輪舞-revolution (Cover),273.5,6.859628677368164,6.092835426330566,7.670346736907959,0.6142748594284058,182,
222,morfonica,メロウ (Cover),249.2,6.460662364959717,5.38126277923584,7.202522277832031,0.7352541089057922,166,
223,morfonica,祝福 (Cover),194.266625,6.3929338455200195,5.176717758178711,7.086122989654541,0.7211469411849976,129,
224,morfonica,Overdose (Cover),194.026625,6.981286525726318,6.2252397537231445,7.477341175079346,0.5452446937561035,129,
225,morfonica,かくれんぼ (Cover),298.7,6.82157564163208,5.453444004058838,7.523910999298096,0.8327741026878357,199,
226,morfonica,chAngE (Cover),249.566625,6.816376686096191,5.463805198669434,7.536343574523926,0.7841598391532898,166,
227,morfonica,ALIVE (Cover),216.0333125,6.664876937866211,5.831247806549072,7.259950160980225,0.6577414870262146,144,
228,morfonica,Nameless Story (Cover),243.0333125,6.486701965332031,5.602757453918457,7.419104099273682,0.6779099702835083,162,
229,morfonica,青空のラプソディ (Cover),277.366625,6.729590892791748,6.089166164398193,7.3428955078125,0.6561970114707947,185,
230,morfonica,Nevereverland (Cover),287.4,6.336228847503662,4.616294860839844,7.151731491088867,0.9363074898719788,192,
231,morfonica,メリッサ (Cover),256.8333125,6.561936855316162,5.808282852172852,7.307682037353516,0.5946761965751648,171,
232,morfonica,COLORFUL BOX (Cover),238.4,6.616649150848389,6.044857978820801,7.198070049285889,0.5511048436164856,159,
233,morfonica,unravel (Cover),237.4,6.40100622177124,4.805859088897705,7.098474979400635,0.9097962379455566,158,
234,morfonica,アゲハ蝶 (Cover),280.666625,6.488266944885254,5.781562328338623,7.137858867645264,0.5508689880371094,187,
235,morfonica,V.I.P (Cover),193.5,6.409543037414551,5.737522125244141,6.82013463973999,0.5042047500610352,129,
236,morfonica,CQCQ (Cover),221.766625,6.837627410888672,6.111296653747559,7.585265636444092,0.6251391768455505,148,
237,mugendai_mutype,アイの夢限,200.5,6.3023223876953125,5.419987678527832,7.051610946655273,0.6957528591156006,133,
238,mugendai_mutype,どんがらがっしゃん,196.5333125,6.943277835845947,6.308499813079834,7.493341445922852,0.6217505931854248,131,
663,morfonica,深海少女 (Cover),218.1333125,6.864576816558838,5.1882004737854,7.82050895690918,0.9945474863052368,145,
239,mugendai_mutype,みゅーたんとミュータント,220.266625,6.8530449867248535,5.854463577270508,7.419052600860596,0.6420122385025024,147,
240,mugendai_mutype,チューニング,196.0175,5.654633522033691,4.600067138671875,6.6103901863098145,0.7559393644332886,130,
241,mugendai_mutype,Dream Voyage,262.3155625,7.041187286376953,5.892565727233887,7.700524806976318,0.78354811668396,175,
242,mugendai_mutype,グラディエント,201.0175,6.13566780090332,5.158951282501221,6.8045573234558105,0.6780530214309692,134,
243,mugendai_mutype,LET'Sあちあちトレーニング！,206.5,6.938374042510986,5.305151462554932,7.529828071594238,0.8515214920043945,137,
244,mugendai_mutype,真夜中遊園地,230.0,6.617563724517822,5.9388909339904785,7.261292457580566,0.7144050598144531,153,
245,mugendai_mutype,テレパシー,254.0,5.326847076416016,4.291102409362793,6.112860679626465,0.6750760078430176,169,
246,mugendai_mutype,TRASH LIFE,213.0175,6.344496250152588,3.86781644821167,7.2153706550598145,1.2722965478897095,142,
247,mugendai_mutype,新人類は仮想世界の夢を見るか?,234.0175,6.905704498291016,6.183812141418457,7.598998546600342,0.5531733632087708,156,
248,mugendai_mutype,コミュ着火Fire!,185.0175,6.542242527008057,5.92003870010376,7.13047981262207,0.45648765563964844,123,
249,mugendai_mutype,Calling,182.2218125,6.582883834838867,5.793839454650879,7.076941013336182,0.5434944033622742,121,
250,mugendai_mutype,Hi-Vision,180.5,6.277585029602051,5.5924458503723145,6.937950611114502,0.595305860042572,120,
251,mugendai_mutype,コハク,220.0175,6.123994827270508,5.218400001525879,6.8294453620910645,0.6836105585098267,146,
252,mugendai_mutype,✞animaるパーティ✞開催中✞,177.0175,6.918830394744873,5.963021755218506,7.9048171043396,0.7946411967277527,117,
253,mugendai_mutype,エンプティパペット,186.0175,6.9426984786987305,5.4417338371276855,7.84190034866333,0.8459244966506958,124,
254,mugendai_mutype,限界現実サバイブ天使,196.0175,6.753884315490723,5.974255084991455,7.323214054107666,0.5368773937225342,130,
255,mugendai_mutype,ビッグマウス,173.0175,7.154690265655518,6.4355645179748535,7.585714817047119,0.5773776173591614,115,
256,mugendai_mutype,夢現妄想世界,212.186625,6.907344341278076,6.36865758895874,7.609577655792236,0.4920765459537506,141,
257,mugendai_mutype,やわやわNERD 超FreQuency,187.6,7.08105993270874,6.245744705200195,7.842580795288086,0.6674723029136658,125,
258,mugendai_mutype,超惑星Xへの旅,173.6266875,6.846338272094727,5.629169464111328,7.648006439208984,0.7737516760826111,115,
259,mugendai_mutype,これはぼくたちの生存のあらすじ,234.766625,6.990171432495117,6.2517595291137695,7.449739456176758,0.5246539115905762,156,
260,mygo,迷星叫,211.3733125,7.029773235321045,5.298239707946777,7.475986957550049,0.9616795778274536,141,
261,mygo,壱雫空,189.586625,7.039892196655273,6.333748817443848,7.72618293762207,0.5818772315979004,126,
262,mygo,碧天伴走,218.866625,6.938835144042969,6.20582389831543,7.4756574630737305,0.5792563557624817,146,
664,mugendai_mutype,等身大あんりみてっど,168.7333125,7.377163887023926,6.584536075592041,7.919599533081055,0.576981782913208,112,
263,mygo,影色舞,209.4533125,7.319878101348877,6.591920852661133,7.840789794921875,0.5846741795539856,139,
665,mugendai_mutype,好きになっちゃえ！,207.773375,6.536563396453857,5.362892150878906,7.268601417541504,0.7453130483627319,138,
264,mygo,歌いましょう鳴らしましょう,176.4933125,7.216568946838379,6.551109790802002,7.924153804779053,0.525728166103363,117,
666,mugendai_mutype,YoU kNOw the overture,174.0,7.170190334320068,6.275071144104004,7.9361252784729,0.6356039643287659,115,
265,mygo,潜在表明,262.12,6.601536273956299,5.672819137573242,7.557811260223389,0.7067280411720276,175,
667,mugendai_mutype,唱 (Cover),194.6064375,6.807989597320557,5.284322738647461,7.617554187774658,0.8533989787101746,129,
266,mygo,音一会,282.0133125,6.9554853439331055,6.268409729003906,7.536852836608887,0.7464730739593506,188,
668,mugendai_mutype,インキャのキャキャキャ (Cover),220.608,6.671763896942139,6.150606155395508,7.302963733673096,0.5153427124023438,147,
267,mygo,春日影 (MyGO!!!!! ver.),256.6133125,6.361649990081787,5.010443210601807,6.9284281730651855,0.7788007259368896,171,
669,mugendai_mutype,デビルじゃないもん (Cover),164.0025,6.726010322570801,5.778131484985352,7.31695556640625,0.6628507971763611,109,
268,mygo,詩超絆,237.2,6.826330661773682,4.557543754577637,7.581597805023193,1.1263312101364136,158,
670,mugendai_mutype,エイリアンエイリアン (Cover),197.6291875,7.224071502685547,6.363376140594482,7.625168800354004,0.6297911405563354,131,
269,mygo,迷路日々,215.4533125,7.209354877471924,6.066616058349609,7.80836820602417,0.7360305786132812,143,
671,mugendai_mutype,ぼくたちいつでも しゅわっしゅわ！ (Cover),184.618625,6.403284549713135,5.674468517303467,7.049516201019287,0.603978157043457,123,
270,mygo,無路矢,222.9333125,7.036323547363281,6.405773162841797,7.606442928314209,0.517356276512146,148,
672,mugendai_mutype,回レ!雪月花 (Cover),234.5173125,6.772803783416748,5.958840370178223,7.345575332641602,0.6098163723945618,156,
271,mygo,名無声,271.6533125,6.843069553375244,5.696836471557617,7.481698513031006,0.7896831631660461,181,
673,mugendai_mutype,ビッグマウス feat.りむる (Cover),173.76,7.002136707305908,6.273574352264404,7.550203800201416,0.5054153203964233,115,
272,mygo,栞,266.4133125,5.732477188110352,4.4662652015686035,6.384027481079102,0.7521330714225769,178,
674,mugendai_mutype,KiLLKiSS (Cover),207.6560625,6.070241928100586,4.390784740447998,6.767709255218506,0.8501577973365784,138,
273,mygo,歩拾道,260.2790625,7.163270950317383,6.320069313049316,7.571279525756836,0.5734440088272095,173,
675,mugendai_mutype,君が飛び降りるのならば (Cover),173.778125,7.276538372039795,5.523006916046143,8.161784172058105,1.1075308322906494,115,
274,mygo,明弦音,243.9190625,7.347641944885254,6.325247287750244,7.942756652832031,0.6488522887229919,162,
676,mugendai_mutype,地球最後の告白を (Cover),267.1758125,5.442927360534668,3.9826395511627197,6.2777862548828125,0.813598096370697,178,
275,mygo,孤壊牢,215.5724375,7.115519046783447,6.464223384857178,7.596809387207031,0.5926584601402283,143,
677,mugendai_mutype,パラレルラルラ (Cover),157.994625,5.895001411437988,4.960238456726074,6.548147678375244,0.6556646823883057,105,
276,mygo,霧周途,222.1724375,7.321592330932617,6.821676731109619,7.736717700958252,0.5263963341712952,148,
678,mugendai_mutype,夜もすがら君想ふ (Cover),236.768,6.530235290527344,6.092580795288086,6.93248176574707,0.3782033324241638,158,
277,mygo,端程山,260.9733125,7.017414569854736,6.287957668304443,7.509174346923828,0.710322916507721,174,
679,mugendai_mutype,ジレンマ (Cover),167.264,6.480514049530029,5.564642429351807,7.09697961807251,0.6596719622612,111,
278,mygo,処救生,217.4933125,7.007364273071289,6.263275146484375,7.401296138763428,0.5597710609436035,145,
680,mugendai_mutype,glow (Cover),287.626625,5.11069917678833,4.12835168838501,5.917031288146973,0.6800251603126526,192,
279,mygo,輪符雨,207.5733125,6.948786735534668,5.683722496032715,7.456813335418701,0.7625074982643127,138,
681,mugendai_mutype,メンタルチェンソー (Cover),177.6,6.542140483856201,5.997369289398193,7.005452632904053,0.43020161986351013,118,
280,mygo,夜隠染,200.9724375,6.813776016235352,5.872060775756836,7.2717204093933105,0.6416399478912354,134,
682,mugendai_mutype,ホシアイ (Cover),286.666625,5.846127033233643,4.299918174743652,6.675590515136719,0.8597137928009033,191,
281,mygo,過惰幻,237.6124375,4.659223556518555,3.982184886932373,6.05360746383667,0.7605355978012085,158,
683,mugendai_mutype,フォニイ (Cover),189.5573125,6.342200756072998,5.232017517089844,7.044147491455078,0.7134841680526733,126,
282,mygo,回層浮,261.24,7.13503360748291,6.25037145614624,7.5779128074646,0.5851949453353882,174,
684,mugendai_mutype,ELECT (Cover),193.399,6.457845687866211,5.42387056350708,7.487481117248535,0.8383117318153381,128,
283,mygo,砂寸奏,223.6,7.325861930847168,6.654787540435791,7.920786380767822,0.5173717737197876,149,
685,mugendai_mutype,ユキトキ (Cover),273.113125,6.476911544799805,5.1351799964904785,7.341114521026611,0.8365727663040161,182,
284,mygo,焚音打,242.92,7.248281955718994,6.513463497161865,7.817250728607178,0.7274461388587952,162,
686,mugendai_mutype,スイートマジック (Cover),216.560875,6.747001647949219,5.98398494720459,7.359992027282715,0.5804343223571777,144,
285,mygo,残痕字,255.06575,7.177260398864746,6.40664529800415,7.624142646789551,0.5696359276771545,170,
687,mugendai_mutype,少年よ我に帰れ (Cover),390.016,5.251921653747559,3.791316032409668,5.968995571136475,0.8650319576263428,261,
286,mygo,掌心正銘,221.46575,7.231674671173096,6.516063213348389,7.765424728393555,0.6151843070983887,147,
688,mugendai_mutype,One Last Kiss (Cover),259.562625,4.583885669708252,3.216585159301758,5.807815074920654,0.9516904354095459,173,
287,mygo,証命讃歌,192.1990625,7.370957374572754,6.801749229431152,7.881617069244385,0.5178648233413696,128,
689,mugendai_mutype,ミルククラウン・オン・ソーネチカ (Cover),215.22575,6.84202766418457,5.454427242279053,7.5599470138549805,0.7707017660140991,143,
288,mygo,エガクミライ,239.4124375,6.15723180770874,4.405735015869141,6.967182636260986,0.9639056324958801,159,
690,mugendai_mutype,決戦スピリット (Cover),272.5558125,6.390832901000977,5.512799263000488,7.063793182373047,0.7240155935287476,182,
289,mygo,静降想,278.18575,6.772213935852051,5.593714714050293,7.321305751800537,0.70351243019104,185,
691,mugendai_mutype,ティアドロップス (Cover),216.5493125,6.750338554382324,5.949388027191162,7.350757598876953,0.5259127020835876,144,
290,mygo,聿日箋秋,236.3590625,6.913637638092041,5.841477394104004,7.37748384475708,0.6626549959182739,157,
692,mugendai_mutype,ロウワー (Cover),230.9340625,6.819212436676025,5.788182735443115,7.465695381164551,0.6840721964836121,154,
291,mygo,往欄印,298.14575,7.231928825378418,6.3226141929626465,8.029163360595703,0.7643570303916931,199,
693,mugendai_mutype,ハイドアンド・シーク (Cover),265.53175,6.375245571136475,5.8197126388549805,6.896989345550537,0.4709687829017639,177,
292,mygo,だれかの心臓になれたなら (Cover),236.366625,7.134598255157471,4.4835968017578125,7.682412147521973,1.1077369451522827,157,
694,mugendai_mutype,不可解 (Cover),277.7571875,6.264297008514404,5.007283687591553,7.032508850097656,0.7721517086029053,185,
293,mygo,遥か彼方 (Cover),249.2333125,6.860711097717285,6.030946254730225,7.810227870941162,0.7224500179290771,166,
695,mugendai_mutype,GURU (Cover),191.5065625,7.168307304382324,6.222923278808594,7.6989521980285645,0.5517755746841431,127,
294,mygo,雑踏、僕らの街 (Cover),188.2333125,6.863212585449219,5.833591938018799,7.474924564361572,0.7196152806282043,125,
696,mugendai_mutype,経験値上昇中☆ (Cover),231.839625,6.081689834594727,5.376842021942139,6.93612813949585,0.6419121623039246,154,
295,mygo,過去を喰らう (Cover),240.48,7.123282432556152,6.040421009063721,7.57889461517334,0.6071135997772217,160,
697,mugendai_mutype,翼をください (Cover),218.986625,4.025341510772705,3.4240782260894775,4.798326015472412,0.5325055122375488,146,
296,mygo,君の神様になりたい。 (Cover),249.3333125,6.941728591918945,6.419136047363281,7.332419395446777,0.4485096335411072,166,
698,mugendai_mutype,元気を出して (Cover),290.0053125,5.492109775543213,4.6099534034729,6.085621356964111,0.6259709596633911,193,
297,mygo,ノンブレス・オブリージュ (Cover),207.2533125,6.757370471954346,4.844644546508789,7.29105806350708,0.9559832215309143,138,
699,mugendai_mutype,ハッピー☆マテリアル (Cover),224.873625,6.535329818725586,5.508391857147217,7.202051162719727,0.6347948312759399,150,
298,mygo,swim (Cover),209.546625,7.127256870269775,6.5095534324646,7.717646598815918,0.6209270358085632,139,
700,mugendai_mutype,時をかける少女 (Cover),232.042625,5.718218803405762,5.052959442138672,6.328071117401123,0.5603058934211731,154,
299,mygo,猛独が襲う (Cover),254.32,7.6255974769592285,6.976121425628662,8.191243171691895,0.6098386645317078,169,
701,mugendai_mutype,TOMORROW (Cover),289.3670625,5.997556209564209,4.632953643798828,6.6317057609558105,0.811691164970398,193,
300,mygo,春日影,123.0076875,4.373326778411865,3.7309048175811768,5.26874303817749,0.6155440211296082,81,
702,mugendai_mutype,PARTY☆NIGHT（D-POP version） (Cover),320.3889375,6.935980319976807,5.151916980743408,7.550110816955566,0.9185335636138916,214,
301,pastel_palettes,TITLE IDOL,268.366625,6.709465980529785,5.756628513336182,7.638603687286377,0.7306733727455139,179,
703,mugendai_mutype,CH4NGE (Cover),139.412625,6.837554931640625,5.04180908203125,7.579358100891113,0.9588778614997864,92,
302,pastel_palettes,ワクワクmeetsトリップ,247.3,7.555140972137451,6.901754856109619,8.191978454589844,0.6747704744338989,165,
704,mugendai_mutype,絶え間なく藍色 (Cover),221.100375,6.33705997467041,4.868647575378418,6.860055923461914,0.7361821532249451,147,
303,pastel_palettes,ゆら・ゆらRing-Dong-Dance,265.135625,7.036777496337891,5.899447917938232,7.788907051086426,0.815829336643219,177,
705,mugendai_mutype,撫でんな (Cover),187.4546875,6.652928352355957,5.058191299438477,7.23606538772583,0.8284162282943726,124,
304,pastel_palettes,もういちど ルミナス,260.0355625,6.815482139587402,5.488238334655762,7.378265380859375,0.7733805775642395,173,
706,mugendai_mutype,なにやってもうまくいかない (Cover),151.0371875,6.490472793579102,5.158353328704834,7.436352252960205,0.8064790964126587,100,
305,pastel_palettes,あっつあつ 常夏 らぶ☆サマー！,246.866625,7.114558696746826,6.369311809539795,7.633893966674805,0.6358048915863037,164,
707,mugendai_mutype,マーシャル・マキシマイザー (Cover),162.1216875,6.5106611251831055,5.823795795440674,7.026583671569824,0.5830140709877014,107,
306,pastel_palettes,天下トーイツ A to Z☆,218.5689375,7.254750728607178,6.431873798370361,8.178552627563477,0.667069673538208,145,
708,mugendai_mutype,ZEAL of proud (Cover),279.232,6.142260551452637,5.316224098205566,6.794053077697754,0.6092706322669983,186,
307,pastel_palettes,しゅわりん☆どり〜みん,236.3743125,6.164318561553955,5.353942394256592,7.004398822784424,0.6797282099723816,157,
709,mugendai_mutype,繰り返し一粒 (Cover),255.9971875,6.01435661315918,4.2921271324157715,6.681789875030518,0.8528276085853577,171,
308,pastel_palettes,Power of LOVE!!!,231.7,6.374993324279785,5.554298400878906,7.1736273765563965,0.6466768383979797,154,
309,pastel_palettes,きゅ～まい＊flower,220.6,6.976372718811035,6.151790618896484,7.412438869476318,0.6222329139709473,147,
310,pastel_palettes,Winking☆Cheer,310.066625,6.268397808074951,5.095927715301514,6.943992614746094,0.7786680459976196,207,
311,pastel_palettes,ゆめゆめグラデーション,284.7333125,7.247928619384766,6.049753665924072,7.971863269805908,0.7451241612434387,190,
312,pastel_palettes,はなまる◎アンダンテ,226.466625,6.679562091827393,5.367364406585693,7.219857692718506,0.8088445663452148,151,
313,pastel_palettes,パスパレボリューションず☆,231.3333125,6.79198694229126,5.859430313110352,7.404288291931152,0.7578482627868652,154,
314,pastel_palettes,SURVIVOR ねばーぎぶあっぷ!,248.6333125,6.923874855041504,6.157783508300781,7.476243019104004,0.595939040184021,166,
315,pastel_palettes,Wonderland Girl,271.0333125,7.082727909088135,6.264840126037598,7.819686412811279,0.5793759226799011,181,
316,pastel_palettes,ゼッタイ宣言～Recital～,241.5333125,6.970426559448242,5.915345668792725,7.477958679199219,0.7221894264221191,161,
317,pastel_palettes,ぎゅっDAYS♪,251.6333125,6.939554214477539,6.137781620025635,7.449884414672852,0.5609909296035767,168,
318,pastel_palettes,Wonderful Sweet!,247.4,7.280808448791504,6.585299491882324,7.951148509979248,0.6360487341880798,165,
319,pastel_palettes,るんっ♪てぃてぃー！,229.266625,7.383406639099121,6.736422538757324,7.816622734069824,0.653856635093689,153,
320,pastel_palettes,パッパレ☆人生！バーン万歳！,239.5333125,7.230482578277588,6.296883583068848,7.86589241027832,0.7714015245437622,159,
321,pastel_palettes,Brand new Pastel Road!,255.5,6.580880165100098,5.6642680168151855,7.209055423736572,0.7389140129089355,170,
322,pastel_palettes,あこがれacross,234.566625,6.8783698081970215,5.950246810913086,7.594383239746094,0.7094631791114807,156,
323,pastel_palettes,ハレハレ☆フォーチュン,270.466625,6.658171653747559,5.39768648147583,7.557311058044434,0.8227497339248657,180,
324,pastel_palettes,ハナヒバナ,274.2,6.458223819732666,4.097066879272461,7.394205093383789,1.2911145687103271,183,
325,pastel_palettes,そばかす,250.566625,7.2118024826049805,6.467560768127441,7.919853687286377,0.5921649932861328,167,
326,pastel_palettes,気まぐれロマンティック,243.766625,6.546342372894287,5.195456027984619,7.14644718170166,0.836219310760498,162,
327,pastel_palettes,ドリームパレード,234.7,7.372489929199219,6.769257545471191,7.9643235206604,0.5782088041305542,156,
328,pastel_palettes,ラムのラブソング,162.4,6.485104560852051,5.833032131195068,7.059693336486816,0.5961846113204956,108,
329,pastel_palettes,DANCE! おジャ魔女,196.5,6.994850158691406,6.425313472747803,7.635936260223389,0.642137348651886,131,
330,pastel_palettes,DISCOTHEQUE,243.266625,7.221556663513184,6.288542747497559,7.8652567863464355,0.6244240999221802,162,
331,pastel_palettes,ゆりゆららららゆるゆり大事件,229.266625,6.938394069671631,6.346864700317383,7.391541957855225,0.4976106584072113,153,
332,pastel_palettes,SAKURAスキップ,228.8333125,7.306830406188965,6.442572593688965,8.073644638061523,0.6323379874229431,152,
333,pastel_palettes,Stay Alive,263.966625,6.301481246948242,5.139838218688965,7.023014068603516,0.7920964956283569,176,
334,pastel_palettes,秘密の扉から会いにきて,218.6,6.840790271759033,6.2028632164001465,7.41574239730835,0.5397995114326477,145,
335,pastel_palettes,トリドリ＊パレット,252.2333125,6.339280128479004,5.811049461364746,6.917026519775391,0.5025808215141296,168,
336,pastel_palettes,ドラマチック！アライブ,259.5333125,6.446686744689941,5.7132415771484375,7.418898105621338,0.6527217030525208,173,
337,pastel_palettes,Radiate Warriors,240.3333125,6.932178020477295,6.208794116973877,7.420190811157227,0.5853632688522339,160,
338,pastel_palettes,ReReReエボリューションず☆,214.466625,6.957430362701416,5.917235374450684,7.773996353149414,0.8178994655609131,143,
339,pastel_palettes,everyday flower,240.3,6.686483383178711,5.691192626953125,7.198507785797119,0.6095865368843079,160,
340,pastel_palettes,With〜きみとわたしたちの物語〜,245.866625,6.378074645996094,5.481921672821045,7.038004398345947,0.6452600359916687,164,
341,pastel_palettes,フレっとパレットFight Song!!,241.966625,6.908456802368164,6.190381050109863,7.566918849945068,0.5748637914657593,161,
342,pastel_palettes,デイオフ・ラフ・ラブ・サンクス,243.7,6.504293918609619,5.714371681213379,7.0927534103393555,0.5785070061683655,162,
343,pastel_palettes,ホワイト ノスタルジア,283.8333125,6.5834879875183105,4.380767345428467,7.445591926574707,1.0774426460266113,189,
344,pastel_palettes,Y.O.L.O！！！！！(パスパレver.),268.866625,6.560915946960449,5.61150598526001,7.163475513458252,0.5922143459320068,179,
345,pastel_palettes,奏（かなで） (Cover),294.366625,5.952540397644043,4.428126335144043,6.6133713722229,0.8687984943389893,196,
346,pastel_palettes,Sparkling Daydream (Cover),249.2333125,6.833036422729492,5.943378448486328,7.467585563659668,0.6627976298332214,166,
347,pastel_palettes,春を告げる (Cover),198.9333125,5.997034072875977,4.462099075317383,6.8029680252075195,0.8940687775611877,132,
348,pastel_palettes,だから、ひとりじゃない (Cover),230.1333125,6.438106536865234,5.664317607879639,6.9893317222595215,0.6060967445373535,153,
349,pastel_palettes,サインはB (Cover),215.4,7.035613059997559,6.241062164306641,7.566253662109375,0.6501471996307373,143,
350,pastel_palettes,愛包ダンスホール (Cover),222.8,7.755948543548584,6.54840612411499,8.373320579528809,0.8020482063293457,148,
351,pastel_palettes,最上級にかわいいの！ (Cover),191.3333125,6.88176965713501,6.037744522094727,7.429337024688721,0.6372563242912292,127,
352,pastel_palettes,♡桃色片想い♡ (Cover),257.566625,7.3285908699035645,6.5466485023498535,7.903904914855957,0.6228321194648743,172,
353,pastel_palettes,金曜日のおはよう (Cover),241.7333125,7.089199542999268,6.167682647705078,7.997928619384766,0.8490021824836731,161,
354,pastel_palettes,魔法少女とチョコレゐト (Cover),187.96,6.251274108886719,5.387195587158203,6.992828369140625,0.5814579725265503,125,
355,pastel_palettes,可愛くてごめん (Cover),220.266625,6.380691051483154,5.455151081085205,7.0216145515441895,0.702570915222168,147,
356,pastel_palettes,からくりピエロ (Cover),252.2333125,6.791799545288086,5.183113098144531,7.384181976318359,0.893645167350769,168,
357,pastel_palettes,みくみくにしてあげる♪【してやんよ】 (Cover),103.5333125,6.969033718109131,6.06639289855957,8.052128791809082,0.8814570307731628,68,
358,pastel_palettes,ルカルカ★ナイトフィーバー (Cover),242.0,7.101887226104736,6.141959190368652,7.527307033538818,0.7130997180938721,161,
359,pastel_palettes,アイドル (Cover),214.366625,6.766260623931885,5.7639641761779785,7.300762176513672,0.6755914092063904,143,
360,pastel_palettes,secret base ～君がくれたもの～ (Cover),322.0,5.703926086425781,4.22791051864624,6.307485580444336,0.8077809810638428,215,
361,pastel_palettes,ふわふわ時間 (Cover),245.2333125,6.745608329772949,5.903955936431885,7.4809889793396,0.6991860270500183,163,
362,pastel_palettes,Fantastic future (Cover),246.9,6.968427658081055,6.012502670288086,7.5282368659973145,0.6367032527923584,164,
363,pastel_palettes,Baby Sweet Berry Love (Cover),244.2333125,6.76252555847168,5.658083915710449,7.527264595031738,0.77097487449646,163,
364,pastel_palettes,Q＆A　リサイタル！ (Cover),291.2,6.756973743438721,5.972509384155273,7.353301525115967,0.5646021962165833,194,
365,pastel_palettes,ヒトリゴト (Cover),235.266625,6.126504898071289,5.34174919128418,6.716928005218506,0.5992170572280884,157,
366,pastel_palettes,惑星ループ (Cover),206.766625,6.370100021362305,5.8786845207214355,6.936462879180908,0.43778762221336365,137,
367,pastel_palettes,世界は恋に落ちている (Cover),313.2,6.5715227127075195,5.692376613616943,7.492879390716553,0.7518525123596191,209,
368,pastel_palettes,ハッピーシンセサイザ (Cover),238.0,7.260629653930664,6.833441257476807,7.606276988983154,0.5887220501899719,158,
369,pastel_palettes,春擬き (Cover),269.0333125,6.3188862800598145,5.565062999725342,6.914313793182373,0.6062909364700317,179,
370,pastel_palettes,Make it! (Cover),252.4,7.086287975311279,6.321871757507324,7.929832458496094,0.6785635948181152,168,
371,pastel_palettes,花ハ踊レヤいろはにほ (Cover),251.1,7.000127792358398,5.869652271270752,7.811524868011475,0.7847513556480408,167,
372,pastel_palettes,夜に駆ける (Cover),262.6,6.634649753570557,5.275494575500488,7.1684112548828125,0.8113198280334473,175,
373,pastel_palettes,徒花ネクロマンシー (Cover),242.7,6.687351703643799,5.904230117797852,7.416057586669922,0.6493178606033325,162,
374,pastel_palettes,ノスタルジックレインフォール (Cover),237.0333125,6.740854263305664,5.199155330657959,7.64765739440918,0.9903759956359863,158,
375,poppin_party,Yes! BanG_Dream!,309.966625,7.362218379974365,6.294184684753418,8.044466972351074,0.7230094075202942,207,
376,poppin_party,STAR BEAT!～ホシノコドウ～,320.7333125,6.764976501464844,5.813328266143799,7.382210731506348,0.7877051830291748,214,
377,poppin_party,走り始めたばかりのキミに,260.966625,6.9918622970581055,4.810362815856934,7.90246057510376,1.1269887685775757,174,
378,poppin_party,ティアドロップス,217.1333125,7.039580821990967,6.2277727127075195,7.683029651641846,0.6123021245002747,144,
379,poppin_party,ときめきエクスペリエンス！,257.666625,7.024292945861816,6.292326927185059,7.711637496948242,0.7097403407096863,172,
380,poppin_party,キラキラだとか夢だとか ～Sing Girls～,305.9,6.847537517547607,5.88372278213501,7.5828046798706055,0.7187879681587219,204,
381,poppin_party,私の心はチョココロネ,252.9,6.8272600173950195,5.302445888519287,7.585988521575928,0.868047297000885,168,
382,poppin_party,前へススメ！,309.466625,7.0105485916137695,5.315333366394043,7.780120849609375,0.9262035489082336,206,
383,poppin_party,夢みるSunflower,279.9,6.740738391876221,5.466801166534424,7.489316940307617,0.9551877975463867,187,
384,poppin_party,ティアドロップス ～Popipa Acoustic Ver.～,232.7333125,4.840730667114258,3.9239959716796875,5.7409844398498535,0.7865437865257263,155,
385,poppin_party,走り始めたばかりのキミに ～Popipa Acoustic Ver.～,296.166625,4.977643966674805,3.6982693672180176,6.020778656005859,0.8883447647094727,198,
386,poppin_party,Time Lapse,249.0,6.615450859069824,5.416757583618164,7.356557846069336,0.8499166965484619,166,
387,poppin_party,八月のif,275.7333125,6.440556526184082,5.0755534172058105,7.431019306182861,0.8833098411560059,184,
388,poppin_party,クリスマスのうた,277.366625,6.900106906890869,5.512633800506592,7.670595169067383,0.9758724570274353,185,
389,poppin_party,B.O.F,218.9,7.084251880645752,6.047357559204102,7.524776458740234,0.7162565588951111,146,
390,poppin_party,CiRCLING,261.3333125,6.859184265136719,5.935514450073242,7.576557636260986,0.7210180163383484,174,
391,poppin_party,二重の虹(ダブル レインボウ),246.2333125,6.477928638458252,5.283367156982422,7.148415565490723,0.693074643611908,164,
392,poppin_party,最高(さあ行こう)！,228.866625,6.8412017822265625,6.114253997802734,7.564498424530029,0.6320972442626953,152,
393,poppin_party,ガールズコード,325.2333125,7.000863075256348,6.202852725982666,7.635148525238037,0.6636881232261658,217,
394,poppin_party,Yes! BanG_Dream! ～Popipa Acoustic Ver.～,308.4,5.6650004386901855,4.421115875244141,6.438071250915527,0.7427002191543579,206,
395,poppin_party,夏空 SUN! SUN! SEVEN! ～Popipa Acoustic Ver.～,299.9333125,5.828753471374512,4.789956569671631,6.614171028137207,0.7345577478408813,200,
396,poppin_party,STAR BEAT!～ホシノコドウ～ ～Popipa Acoustic Ver.～,327.7333125,5.125247478485107,4.0163140296936035,5.891677379608154,0.7261766791343689,219,
397,poppin_party,Breakthrough!,275.8,6.979257583618164,6.02076530456543,7.641285419464111,0.801569938659668,184,
398,poppin_party,NO GIRL NO CRY/Poppin'Party Ver.,312.8,6.984805107116699,6.019412994384766,7.5531511306762695,0.6675835847854614,209,
399,poppin_party,イニシャル,295.235625,6.770895481109619,5.852639675140381,7.391969203948975,0.743107259273529,197,
400,poppin_party,Hello! Wink!,281.9333125,6.919102668762207,6.298608779907227,7.823997497558594,0.6625259518623352,188,
401,poppin_party,Step×Step!,249.0,6.74322509765625,4.938462734222412,7.593146800994873,0.9970400929450989,166,
402,poppin_party,Jumpin',247.866625,6.720708847045898,4.870266437530518,7.463426113128662,0.8857869505882263,165,
403,poppin_party,White Afternoon,299.966625,6.272705078125,5.374587059020996,6.972976207733154,0.697092592716217,200,
404,poppin_party,キラキラスター！,275.966625,6.886124610900879,6.142710208892822,7.570557594299316,0.6964587569236755,184,
405,poppin_party,Returns,323.1689375,6.339820384979248,4.805350303649902,7.138304710388184,0.9041479229927063,216,
406,poppin_party,Dreamers Go!,258.0,6.613911151885986,5.69596004486084,7.264345645904541,0.6679933667182922,172,
407,poppin_party,キズナミュージック♪,315.40225,6.9567718505859375,5.650721073150635,7.602837562561035,0.7646707892417908,210,
408,poppin_party,ミライトレイン,355.666625,6.532792091369629,5.3481831550598145,7.144537448883057,0.774178147315979,238,
409,poppin_party,夢を撃ち抜く瞬間に！,280.566625,6.863542079925537,5.516421794891357,7.415863513946533,0.7555110454559326,187,
410,poppin_party,ぽっぴん'しゃっふる,278.1818125,7.269488334655762,6.612512111663818,7.894034385681152,0.5203937888145447,185,
411,poppin_party,夏空 SUN! SUN! SEVEN!,271.1653125,7.323755264282227,6.658936023712158,7.942078590393066,0.571077287197113,181,
412,poppin_party,1000回潤んだ空,330.7723125,6.290165424346924,3.8004989624023438,7.34064245223999,1.3570631742477417,221,
413,poppin_party,HAPPY HAPPY PARTY!,282.455,7.402120590209961,6.509718894958496,8.002069473266602,0.6588630676269531,188,
414,poppin_party,夏のドーン！,221.346625,7.208523273468018,6.011615753173828,7.814874649047852,0.858217179775238,147,
415,poppin_party,キミにもらったもの,235.4273125,4.8593058586120605,3.4879114627838135,6.844217777252197,1.2494032382965088,157,
416,poppin_party,Light Delight,308.8333125,6.374847412109375,4.418127059936523,7.302703380584717,1.0674216747283936,206,
417,poppin_party,切ないSandglass,246.466625,6.70978307723999,4.812448501586914,7.448333263397217,0.9997947216033936,164,
418,poppin_party,Home Street,228.0,6.917876720428467,5.885173797607422,7.566223621368408,0.7540263533592224,152,
419,poppin_party,What's the POPIPA!?,278.666625,6.850433349609375,6.17012882232666,7.467950820922852,0.5572019219398499,186,
420,poppin_party,SAKURA MEMORIES,254.6,6.573295593261719,4.89091682434082,7.307405948638916,1.0273319482803345,170,
421,poppin_party,アニバーサリー,273.8333125,7.102795600891113,6.206043243408203,7.754500865936279,0.7724589109420776,183,
422,poppin_party,Tomorrow's Door,247.6,6.933615207672119,6.095366477966309,7.601775169372559,0.931322455406189,165,
423,poppin_party,イントロダクション,221.4,6.900781631469727,5.981250762939453,7.620219707489014,0.6702873706817627,147,
424,poppin_party,TARINAI,219.6333125,7.144663333892822,6.384567737579346,7.768205165863037,0.6168419122695923,146,
425,poppin_party,DOKI DOKI SCARY,240.36,7.177944183349609,6.574698448181152,7.716456890106201,0.5293118357658386,160,
426,poppin_party,Photograph,258.066625,6.8142409324646,5.992373466491699,7.4444732666015625,0.8187087774276733,172,
427,poppin_party,夏に閉じこめて,261.635625,6.271520614624023,5.242279052734375,7.060786724090576,0.8113824129104614,174,
428,poppin_party,ぽっぴん'どりーむ！,269.766625,6.82158088684082,6.028509616851807,7.326868534088135,0.562545895576477,180,
429,poppin_party,星の約束,245.1333125,6.712523460388184,5.809881687164307,7.22557258605957,0.7584375143051147,163,
430,poppin_party,新しい季節に,211.8,6.858741283416748,5.945972919464111,7.466239929199219,0.7075549960136414,141,
431,poppin_party,トレモロアイズ,241.4,6.757913589477539,6.10263729095459,7.402290344238281,0.6238253116607666,161,
432,poppin_party,雨上がり、キミと,265.906625,6.930819034576416,6.013992786407471,7.533418655395508,0.7142005562782288,177,
433,poppin_party,花咲く未来に,276.1333125,7.1923065185546875,6.572268962860107,7.745877742767334,0.5250687599182129,184,
434,poppin_party,Live Beyond!!,314.6,6.464316368103027,5.685790538787842,7.085681438446045,0.6138766407966614,210,
435,poppin_party,Sweets BAN!,255.866625,7.064411163330078,5.954256534576416,7.578151702880859,0.6854830384254456,170,
436,poppin_party,キミが始まる！,218.2333125,6.615899085998535,5.976522922515869,7.120319843292236,0.49884679913520813,145,
437,poppin_party,Moonlight Walk,226.566625,6.491264820098877,5.880443572998047,7.235898971557617,0.5982460379600525,151,
438,poppin_party,ここから先は歌にならない,277.6,6.641075611114502,5.66909122467041,7.2297234535217285,0.6905537247657776,185,
439,poppin_party,青春 To Be Continued,256.366625,7.260226726531982,6.547143459320068,7.9709649085998535,0.6180103421211243,171,
440,poppin_party,Future Place,232.966625,7.174818992614746,6.706299781799316,7.684152126312256,0.46310940384864807,155,
441,poppin_party,大好き！,247.4638125,7.056244850158691,6.035060882568359,7.592192649841309,0.9804766178131104,165,
442,poppin_party,Five Letters,249.2333125,6.691437721252441,4.824110984802246,7.445728302001953,0.990183413028717,166,
443,poppin_party,最強☆ソング,255.1333125,7.108528137207031,6.45208215713501,7.564133167266846,0.5576708316802979,170,
444,poppin_party,RiNG A BELL,261.066625,6.877592086791992,6.149350166320801,7.445729732513428,0.6493464112281799,174,
445,poppin_party,Drive Your Heart,268.866625,7.001335144042969,6.216407299041748,7.641418933868408,0.634984016418457,179,
446,poppin_party,とっておきAnswer,196.8,6.75775146484375,5.9473981857299805,7.311103343963623,0.5855569243431091,131,
447,poppin_party,START!! True dreams,242.88,7.051190376281738,5.899930477142334,7.598963737487793,0.7497909069061279,162,
448,poppin_party,どきどきデエト,217.3333125,6.7254958152771,6.153170108795166,7.345207691192627,0.6159899830818176,145,
449,poppin_party,チョコレイトの低音レシピ,271.0223125,6.466714859008789,5.526021957397461,7.3604841232299805,0.752817690372467,181,
450,poppin_party,Chu Chueen!,229.9,6.980189323425293,6.078179359436035,7.514413833618164,0.5899515748023987,153,
451,poppin_party,どきどきSING OUT!,248.1826875,7.090988636016846,6.264701843261719,7.852419376373291,0.7464750409126282,165,
452,poppin_party,Freedom,264.566625,6.5684590339660645,5.801357746124268,7.265542984008789,0.7650889158248901,176,
453,poppin_party,Game Changer,195.766625,7.141350269317627,6.387700080871582,7.9084153175354,0.6694613099098206,130,
454,poppin_party,花園電気ギター！！！,199.0556875,7.054868698120117,6.231248378753662,7.766634464263916,0.6248006224632263,132,
455,poppin_party,す、好きなんかじゃない！,236.9383125,6.823581695556641,5.696770191192627,7.533407688140869,0.7901076674461365,158,
456,poppin_party,遠い音楽 ～ハートビート～,243.1563125,6.906290054321289,5.74636697769165,7.536535263061523,0.7520255446434021,162,
457,poppin_party,ほな！,227.2,7.059689044952393,6.298267364501953,7.587355136871338,0.5323472619056702,151,
458,poppin_party,世界中の青空をあつめて,230.3971875,7.1094818115234375,5.871429443359375,7.706892490386963,0.7154781222343445,153,
459,poppin_party,勇気Limit！,222.635625,6.82843017578125,6.1777191162109375,7.489475727081299,0.5712036490440369,148,
460,poppin_party,開けたらDream!,309.0333125,7.0985870361328125,6.284502983093262,7.860323905944824,0.6660236120223999,206,
461,poppin_party,絆色のアンサンブル,312.1,6.112363338470459,5.260067939758301,6.915809631347656,0.6892786622047424,208,
462,poppin_party,NO GIRL NO CRY (Poppin'Party Ver.),312.8,6.984805107116699,6.019412994384766,7.5531511306762695,0.6675835847854614,209,
463,poppin_party,ちゅ、多様性。 (Cover),188.0933125,7.079782485961914,5.567683219909668,7.770615100860596,0.912175714969635,125,
464,poppin_party,フィクション (Cover),232.0,7.039482116699219,6.386197090148926,7.676584243774414,0.5619502067565918,154,
465,poppin_party,幾億光年 (Cover),275.4,6.619172096252441,5.745362281799316,7.231838703155518,0.7292609810829163,184,
466,poppin_party,心絵 (Cover),256.666625,7.0998687744140625,5.8215813636779785,7.711703777313232,0.8099896311759949,171,
467,poppin_party,じょいふる (Cover),194.6,7.477731227874756,6.718327522277832,8.174649238586426,0.6873851418495178,129,
468,poppin_party,MATSURI BAYASHI (Cover),231.1333125,7.271636486053467,6.61005973815918,7.831933498382568,0.6133398413658142,154,
469,poppin_party,私は最強 (Cover),257.9333125,6.504873275756836,5.991735935211182,7.156050205230713,0.5279013514518738,172,
470,poppin_party,トウキョウ・シャンディ・ランデヴ (Cover),186.866625,7.369187355041504,6.245081901550293,7.8539838790893555,0.7086963057518005,124,
471,poppin_party,夜行性ハイズ (Cover),226.0,6.839509963989258,5.974823951721191,7.593357086181641,0.6886211633682251,150,
472,poppin_party,メランコリック (Cover),220.966625,6.853798866271973,5.736130714416504,7.484182357788086,0.7740151286125183,147,
473,poppin_party,怪獣の花唄 (Cover),223.1,6.837841033935547,6.168230056762695,7.395341396331787,0.49640965461730957,148,
474,poppin_party,光るなら (Cover),253.766625,7.048092842102051,6.077339172363281,7.6484055519104,0.7483774423599243,169,
475,poppin_party,ミュージック・アワー (Cover),280.8333125,7.318676948547363,6.417104244232178,7.894397258758545,0.7757964730262756,187,
476,poppin_party,only my railgun (Cover),253.266625,6.971066951751709,5.793202877044678,7.752456188201904,0.8074673414230347,169,
477,poppin_party,ロミオとシンデレラ (Cover),280.3333125,6.80278205871582,5.876263618469238,7.490334987640381,0.6637136936187744,187,
478,poppin_party,Daydream café (Cover),229.0333125,7.120562553405762,6.18739652633667,7.703451156616211,0.6586758494377136,152,
479,poppin_party,君じゃなきゃダメみたい (Cover),239.7333125,6.998553276062012,6.25825309753418,7.639743804931641,0.6350153684616089,160,
480,poppin_party,＊〜アスタリスク〜 (Cover),252.666625,7.0126824378967285,5.80842399597168,7.519089221954346,0.6922340393066406,168,
481,poppin_party,DAYS of DASH (Cover),253.666625,6.813302516937256,6.149099349975586,7.428135395050049,0.616405189037323,169,
482,poppin_party,檄！帝国華撃団 (Cover),184.6,7.022802829742432,5.757895469665527,7.7366719245910645,0.7967857718467712,123,
483,poppin_party,DAYS (Cover),235.1,6.769888401031494,6.0970540046691895,7.46177339553833,0.6415367126464844,157,
484,poppin_party,ディスカバリー！ (Cover),278.2333125,6.995124816894531,6.23728609085083,7.756830215454102,0.7150042653083801,185,
485,poppin_party,チェリボム (Cover),246.4,6.8251953125,6.175941467285156,7.401909351348877,0.5117433071136475,164,
486,poppin_party,ヴァンパイア (Cover),182.166625,7.14947509765625,5.788776874542236,7.7645063400268555,0.7375999689102173,121,
487,poppin_party,怪物 (Cover),206.566625,6.8695878982543945,5.776644706726074,7.345980167388916,0.6734776496887207,137,
488,poppin_party,大河よ共に泣いてくれ (Cover),207.666625,6.715701103210449,5.5634660720825195,7.511127948760986,0.7554593086242676,138,
489,poppin_party,空色デイズ (Cover),253.8333125,7.331072807312012,6.468419075012207,7.933026313781738,0.5774428844451904,169,
490,raise_a_suilen,Invincible Fighter,250.866625,6.750316619873047,5.719940185546875,7.466095447540283,0.7174851298332214,167,
491,raise_a_suilen,A DECLARATION OF ×××,315.766625,6.942952632904053,6.197468280792236,7.5011773109436035,0.5382062196731567,211,
492,raise_a_suilen,SOUL SOLDIER,239.9333125,6.949131965637207,6.244996547698975,7.444878578186035,0.5797766447067261,160,
493,raise_a_suilen,UNSTOPPABLE,230.5,7.203030109405518,6.227322578430176,7.865509986877441,0.6632077097892761,153,
494,raise_a_suilen,HELL! or HELL?,282.335625,6.746352672576904,5.86818265914917,7.56679105758667,0.6443991661071777,188,
495,raise_a_suilen,Beautiful Birthday,256.10225,6.616063594818115,6.023690700531006,7.2199554443359375,0.5417894721031189,171,
496,raise_a_suilen,Takin’ my Heart,286.9333125,6.49049711227417,5.6812872886657715,6.962088584899902,0.6942645311355591,191,
497,raise_a_suilen,DRIVE US CRAZY,245.666625,6.333559036254883,5.554066181182861,7.1765851974487305,0.6490042805671692,164,
498,raise_a_suilen,!NVADE SHOW!,265.666625,6.647578239440918,5.824051856994629,7.326725482940674,0.6243645548820496,177,
499,raise_a_suilen,REIGNING,249.4,6.578500270843506,5.022568702697754,7.5644683837890625,0.9900519847869873,166,
500,raise_a_suilen,EXPOSE ‘Burn out!!!’,283.735625,6.858577251434326,6.269753456115723,7.588718414306641,0.5039703845977783,189,
501,raise_a_suilen,R・I・O・T,301.5,7.002654075622559,6.18463659286499,7.850513935089111,0.6701757907867432,201,
502,raise_a_suilen,V.I.P MONSTER,241.9,6.731639385223389,5.884547233581543,7.454718589782715,0.6804395318031311,161,
503,raise_a_suilen,mind of Prominence,266.2333125,6.7941741943359375,6.2717413902282715,7.482727527618408,0.5212735533714294,177,
504,raise_a_suilen,Ray of hope,190.766625,6.511424541473389,5.032929420471191,7.242981910705566,1.0376007556915283,127,
505,raise_a_suilen,EXIST,238.466625,6.616123676300049,5.146945476531982,7.582021713256836,0.9485161900520325,159,
506,raise_a_suilen,Sacred world,300.8333125,7.083023548126221,6.360278129577637,7.934645652770996,0.7110792994499207,201,
507,raise_a_suilen,-N-E-M-E-S-I-S-,267.8,6.739805221557617,5.647858142852783,7.555627822875977,0.7378729581832886,178,
508,raise_a_suilen,DANCING DARING,215.066625,6.745158672332764,6.009504318237305,7.308590888977051,0.540604829788208,143,
509,raise_a_suilen,BATTLE CRY,234.366625,6.712718963623047,6.066009998321533,7.276644706726074,0.48288875818252563,156,
510,raise_a_suilen,Domination to world,258.2,6.591671943664551,5.887117862701416,7.060472011566162,0.48253074288368225,172,
511,raise_a_suilen,THE WAY OF LIFE,238.2,6.96199893951416,5.982065200805664,7.600085735321045,0.7628693580627441,159,
512,raise_a_suilen,灼熱 Bonfire!,224.8,6.905470371246338,6.160995006561279,7.427474021911621,0.6134099364280701,150,
513,raise_a_suilen,Repaint,234.6,6.982966423034668,5.775603771209717,7.684858322143555,0.7995253801345825,156,
514,raise_a_suilen,Life on the Lotus,243.3333125,6.437144756317139,4.455191612243652,7.145405292510986,0.9762251973152161,162,
515,raise_a_suilen,CORUSCATE -DNA-,287.4333125,7.1093292236328125,6.130937576293945,7.772538661956787,0.6915600299835205,192,
516,raise_a_suilen,That Is How I Roll!,265.866625,7.06684684753418,6.19820499420166,7.728119373321533,0.6196387410163879,177,
517,raise_a_suilen,しゅわりん☆どり～みん,265.3419375,6.6251091957092285,4.929672718048096,7.621717929840088,1.0144349336624146,177,
518,raise_a_suilen,パスパレボリューションず☆,231.72475,6.867666244506836,5.733415603637695,7.737637996673584,0.8992284536361694,154,
519,raise_a_suilen,えがおのオーケストラっ！,255.566625,6.720114707946777,4.883440971374512,7.645092010498047,1.0566257238388062,170,
520,raise_a_suilen,Don't be afraid!,143.9,6.832761764526367,4.457677364349365,7.535723686218262,1.0817996263504028,95,
521,raise_a_suilen,ゆら・ゆらRing-Dong-Dance,294.866625,6.974972724914551,5.009040832519531,7.7928032875061035,1.0438263416290283,197,
522,raise_a_suilen,Hey-day狂騒曲(カプリチオ),241.2333125,7.428151607513428,6.250831127166748,8.108884811401367,0.9010590314865112,161,
523,raise_a_suilen,Scarlet Sky,246.466625,7.100568771362305,6.379573345184326,7.8192572593688965,0.7393473982810974,164,
524,raise_a_suilen,ゴーカ！ごーかい！？ファントムシーフ！,242.366625,6.762190818786621,5.219396591186523,7.728645324707031,0.9998835921287537,161,
526,raise_a_suilen,That Is How I Roll! (ライブ / アンコール),283.0,7.234505653381348,4.7932515144348145,7.928202152252197,1.0873758792877197,189,
527,raise_a_suilen,R･I･O･T (ライブ / アンコール),348.1333125,7.039297103881836,4.969909191131592,7.8236188888549805,1.059719204902649,232,
528,raise_a_suilen,Apocalypse,252.6,6.790621280670166,5.914332866668701,7.556758880615234,0.6166447997093201,168,
529,raise_a_suilen,TWIN TALE,217.506625,7.134311676025391,6.324008941650391,7.631867408752441,0.6264016628265381,145,
530,raise_a_suilen,STRAY CERBERUS,256.1333125,6.595695972442627,5.2515950202941895,7.228436470031738,0.8059987425804138,171,
531,raise_a_suilen,BERSER-KEY,230.966625,6.742823600769043,5.7779107093811035,7.425010681152344,0.7661045789718628,154,
532,raise_a_suilen,POLARIS,271.6333125,6.436262130737305,5.707347393035889,7.1082444190979,0.6618247032165527,181,
533,raise_a_suilen,HOWLING AMBITION,258.566625,7.316412925720215,6.6625800132751465,7.993956565856934,0.6389366984367371,172,
534,raise_a_suilen,VIVID FIRST TIME,229.966625,7.206711292266846,6.524894714355469,7.832584381103516,0.5405763983726501,153,
535,raise_a_suilen,'FIGHT' ADDICT,231.6,7.219334125518799,6.290477752685547,8.003190040588379,0.8280747532844543,154,
536,raise_a_suilen,Drown Out the Noise and Push Through the Trash,216.04,7.048437118530273,5.958254814147949,7.653793811798096,0.7265203595161438,144,
537,raise_a_suilen,FIVE as ONE,255.16,6.532959938049316,4.586983680725098,7.181536674499512,0.9373540282249451,170,
538,raise_a_suilen,EXPOSE 'Burn out!!!' (English),283.7305,6.672993183135986,5.954412460327148,7.409702301025391,0.575364887714386,189,
539,raise_a_suilen,Takin' my Heart (English),285.0,6.4281721115112305,5.587106227874756,6.992528915405273,0.6843879818916321,190,
540,raise_a_suilen,WELCOME TO PANDEMONIUM,254.8333125,6.8835859298706055,6.309169292449951,7.427994728088379,0.48904702067375183,170,
541,raise_a_suilen,WHAT AN EXPLOSION,190.9,6.620962142944336,5.970213413238525,7.244607925415039,0.5964341759681702,127,
542,raise_a_suilen,RUNAWAY STAR,228.9,6.805643081665039,5.904930591583252,7.417478084564209,0.7130954265594482,152,
543,raise_a_suilen,Bad Kids All Bet,228.2,7.311509132385254,6.413186550140381,7.875411033630371,0.7090770602226257,152,
544,raise_a_suilen,Light a fire,269.0,5.922820091247559,3.809054374694824,6.839578628540039,1.1192957162857056,179,
545,raise_a_suilen,Embrace of light,271.966625,6.019962310791016,4.566275119781494,6.838085174560547,0.9427257776260376,181,
546,raise_a_suilen,OUTSIDER RODEO,269.066625,7.110167026519775,6.3101348876953125,7.636882781982422,0.5763696432113647,179,
547,raise_a_suilen,JUST THE WAY I AM,258.7,6.774864673614502,6.096530914306641,7.460659980773926,0.5713411569595337,172,
548,raise_a_suilen,ラスハピーポー！,200.366625,6.777252197265625,5.951066017150879,7.404943466186523,0.6333153247833252,133,
549,raise_a_suilen,1/3の純情な感情 (Cover),222.9,6.769112586975098,5.986654281616211,7.356569766998291,0.6580557227134705,148,
550,raise_a_suilen,ヒトリノ夜 (Cover),237.8,7.014077186584473,6.3599066734313965,7.549221515655518,0.5830095410346985,158,
551,raise_a_suilen,激動 (Cover),333.6,6.492489337921143,5.201477527618408,7.531706809997559,0.9416186213493347,223,
552,raise_a_suilen,メギツネ (Cover),250.8333125,6.65673828125,5.889733791351318,7.213784694671631,0.5380105972290039,167,
553,raise_a_suilen,Bling-Bang-Bang-Born (Cover),168.7,7.020607948303223,6.160101890563965,7.59880256652832,0.5883147120475769,112,
554,raise_a_suilen,第六感 (Cover),193.266625,6.798042297363281,6.060366630554199,7.669355392456055,0.6498127579689026,128,
555,raise_a_suilen,革命道中 (Cover),198.166625,6.675373554229736,4.9441399574279785,7.4306464195251465,0.9078112840652466,132,
556,raise_a_suilen,Get Wild (Cover),199.626625,6.892185211181641,5.196452617645264,7.531796455383301,0.9298420548439026,133,
557,raise_a_suilen,ボッカデラべリタ (Cover),201.84,6.349400997161865,4.555871486663818,7.245479583740234,1.0102367401123047,134,
710,poppin_party,乙女はサイコパス (Cover),256.882375,6.7550740242004395,4.682093143463135,7.405813694000244,0.9937795400619507,171,
558,raise_a_suilen,第ゼロ感 (Cover),288.7733125,6.8125176429748535,5.942343235015869,7.633851051330566,0.8546571731567383,193,
559,raise_a_suilen,劣等上等 (Cover),237.066625,6.83705997467041,6.207324981689453,7.223760604858398,0.5475125908851624,158,
560,raise_a_suilen,Just Awake (Cover),222.966625,6.5147247314453125,5.829888343811035,7.177820682525635,0.5712482929229736,148,
561,raise_a_suilen,Keep the Heat and Fire Yourself Up (Cover),205.84,7.164953708648682,6.432975769042969,7.555046558380127,0.6102026104927063,137,
562,raise_a_suilen,ボッカデラベリタ (Cover),202.0,6.4268269538879395,4.878705978393555,7.0811309814453125,0.875194787979126,134,
563,raise_a_suilen,VORACITY (Cover),207.5333125,6.695562362670898,5.828957557678223,7.334598541259766,0.6590332984924316,138,
564,raise_a_suilen,神っぽいな (Cover),204.3,7.034254550933838,6.310118198394775,7.702166557312012,0.7675369381904602,136,
565,raise_a_suilen,狂乱 Hey Kids!! (Cover),249.9,7.139240264892578,6.330739498138428,7.8183274269104,0.5833168029785156,166,
566,raise_a_suilen,SAVIOR OF SONG (Cover),249.2,6.860544204711914,5.205935001373291,7.579793453216553,0.9679490327835083,166,
567,raise_a_suilen,恋しさとせつなさと心強さと (Cover),250.7333125,6.972379684448242,6.323777675628662,7.725639343261719,0.583702564239502,167,
568,raise_a_suilen,DEPARTURES (Cover),332.9333125,6.674078941345215,5.187931537628174,7.208798408508301,0.7857648730278015,222,
569,raise_a_suilen,CORE PRIDE (Cover),257.2333125,6.865342140197754,6.114428520202637,7.37801456451416,0.5278860926628113,171,
570,roselia,Neo-Aspect,307.2903125,6.894420146942139,6.033880710601807,7.874936103820801,0.768486738204956,205,
571,roselia,BLACK SHOUT,247.051,6.576953411102295,4.872537612915039,7.280675411224365,0.9213781356811523,165,
572,roselia,Opera of the wasteland,284.8,6.618626117706299,5.153458118438721,7.318188190460205,0.8038048148155212,190,
573,roselia,陽だまりロードナイト,289.836,6.480823040008545,5.570389747619629,7.326669216156006,0.7398443222045898,193,
574,roselia,ONENESS,239.2303125,6.972319602966309,5.650884628295898,7.653146266937256,0.8455867171287537,159,
575,roselia,Re:birth day,268.726,6.403259754180908,5.498919486999512,7.21233606338501,0.7629497647285461,179,
576,roselia,Legendary,291.98375,6.711234092712402,5.721384048461914,7.4835896492004395,0.7725927233695984,195,
577,roselia,- HEROIC ADVENT -,222.096625,6.780776023864746,6.128208160400391,7.505640983581543,0.5901991128921509,148,
578,roselia,Determination Symphony,281.8863125,6.85039758682251,5.986518859863281,7.712949275970459,0.7105740904808044,188,
579,roselia,熱色スターマイン,280.2803125,6.547285556793213,5.636194229125977,7.274245262145996,0.7190386652946472,187,
580,roselia,軌跡,312.5333125,5.987321376800537,3.770324945449829,6.917961120605469,1.2430957555770874,209,
581,roselia,LOUDER,216.2193125,6.716906547546387,5.032810688018799,7.602011680603027,0.9152982234954834,144,
582,roselia,R,285.3,7.171693801879883,5.756289482116699,7.8705315589904785,0.892306923866272,190,
583,roselia,BRAVE JEWEL,247.4638125,6.834015369415283,5.432926177978516,7.716434955596924,0.9550143480300903,165,
584,roselia,FIRE BIRD,360.32725,6.145306587219238,4.1238579750061035,6.889354228973389,1.0539546012878418,241,
585,roselia,Safe and Sound,258.5333125,6.645687103271484,5.011951446533203,7.2692389488220215,0.9099579453468323,172,
586,roselia,Avant-garde HISTORY,306.8,6.418674468994141,5.65696382522583,7.0472869873046875,0.5656358599662781,205,
587,roselia,Break your desire,261.366625,6.536410331726074,5.490024089813232,7.258294105529785,0.6796027421951294,174,
711,roselia,Neo-Aspect,310.3,6.903141021728516,6.01146936416626,7.842834949493408,0.8218626976013184,207,
589,roselia,約束,304.6,6.688951015472412,5.714746952056885,7.35252046585083,0.6559127569198608,203,
590,roselia,"""UNIONS"" Road",309.266625,6.614360809326172,5.458808422088623,7.4663166999816895,0.8139592409133911,206,
591,roselia,Song I am.,242.566625,6.857922554016113,5.3909735679626465,7.581981182098389,0.8965308666229248,162,
592,roselia,Sage der Rosen,244.966625,6.430237770080566,5.159327507019043,7.108967304229736,0.8331260681152344,163,
593,roselia,覚悟のLiberation,260.8333125,6.30274772644043,5.395518779754639,6.979747772216797,0.6587540507316589,174,
594,roselia,Keep Heart,246.0,6.798551082611084,5.768121242523193,7.553699970245361,0.7706046104431152,164,
595,roselia,Original Call,225.3333125,6.624788284301758,5.201114177703857,7.293062210083008,0.8111511468887329,150,
596,roselia,Always recall.,252.3333125,6.681467056274414,5.51071310043335,7.34520149230957,0.7819662094116211,168,
597,roselia,Floral Haven,281.9333125,6.383910179138184,4.233574390411377,7.315117359161377,1.1360281705856323,188,
598,roselia,Sprechchor,310.0,6.579805374145508,4.614632606506348,7.5112433433532715,1.0882577896118164,207,
599,roselia,閃光,218.60225,6.837859153747559,5.950328350067139,7.611110210418701,0.6988298892974854,145,
600,roselia,THE HISTORIC...,271.30225,6.5517706871032715,5.488631248474121,7.276829242706299,0.7790074944496155,181,
601,roselia,ROZEN HORIZON,366.5689375,6.632359981536865,5.073171615600586,7.527535438537598,1.0015952587127686,245,
602,roselia,廻廻奇譚,221.235625,6.776978969573975,5.424078941345215,7.686376571655273,0.8467197418212891,147,
603,roselia,鳥の詩,356.8021875,6.403257369995117,4.849582672119141,7.237773418426514,0.8580315113067627,238,
604,roselia,Synchrogazer,266.7355625,6.780866622924805,5.814133167266846,7.374044418334961,0.654920756816864,178,
605,roselia,名前のない怪物,301.2689375,6.168036460876465,4.42147159576416,7.250603675842285,1.0376782417297363,201,
606,roselia,Dazzle the Destiny,241.166625,6.813990116119385,5.872805595397949,7.398960590362549,0.6517131924629211,161,
607,roselia,Grateful Melting,217.266625,6.310678482055664,4.781333923339844,6.931639671325684,0.7665024399757385,145,
608,roselia,Second to None,233.7333125,6.928733825683594,5.9410905838012695,7.469282627105713,0.6855048537254333,156,
609,roselia,Steadfast Spirits,224.8933125,6.697565078735352,6.165574550628662,7.201427459716797,0.4673314392566681,150,
610,roselia,紫炎,221.3733125,6.874719619750977,6.275842189788818,7.41426420211792,0.485480934381485,147,
611,roselia,XV,235.066625,6.6994218826293945,5.681298732757568,7.626054763793945,0.8660984039306641,156,
612,roselia,Blessing Chord,277.2,6.56672477722168,5.608229160308838,7.451498508453369,0.7797428965568542,185,
613,roselia,Fear Nothing,228.966625,6.8293561935424805,5.831955432891846,7.597280025482178,0.6937588453292847,152,
614,roselia,PASSIONATE ANTHEM,242.966625,6.766969680786133,6.069987773895264,7.521302223205566,0.6387652158737183,162,
615,roselia,Requiem for Fate,238.366625,6.974511623382568,6.026611804962158,7.594832420349121,0.6804967522621155,159,
616,roselia,Sanctuary,310.9333125,6.556694030761719,4.819387912750244,7.3761420249938965,0.9733573198318481,207,
617,roselia,Sunlit Musical,232.066625,6.715420722961426,5.045830726623535,7.540143013000488,0.9898122549057007,154,
618,roselia,Talk to My Tone,245.966625,6.544854164123535,4.628939151763916,7.269256591796875,0.9635597467422485,164,
619,roselia,一逢のFull Glory,232.4333125,5.924761772155762,4.376822471618652,6.86927604675293,0.9107047915458679,155,
620,roselia,礎の花冠,246.9333125,6.837509632110596,5.812542915344238,7.478320598602295,0.6907671093940735,164,
621,roselia,FRONTIER FANTASIA,262.5333125,6.8065595626831055,5.136641979217529,7.598171710968018,0.9930371046066284,175,
622,roselia,Dear Gleam,253.466625,6.572310924530029,5.863490104675293,7.231736183166504,0.6849539875984192,169,
623,roselia,Call the shots,265.3333125,6.5055365562438965,5.536944389343262,7.168424129486084,0.6293798685073853,177,
624,roselia,THRONE OF ROSE,312.366625,6.565564155578613,5.887566089630127,7.274201393127441,0.5637627840042114,208,
625,roselia,VIOLET LINE,290.7333125,6.547241687774658,5.497603893280029,7.264092922210693,0.6919697523117065,194,
626,roselia,Ringing Bloom,334.8689375,6.695900917053223,5.361205101013184,7.606213569641113,0.9022964835166931,224,
627,roselia,ZEAL of proud,279.066625,6.915692329406738,5.919268608093262,7.53618049621582,0.656618595123291,186,
628,roselia,Singing “OURS”,316.2,5.8012471199035645,4.222141265869141,6.993144512176514,1.101940393447876,211,
629,roselia,競宴Red×Violet,263.466625,6.377754211425781,5.662993907928467,7.131690979003906,0.6123091578483582,176,
630,roselia,overtuRe,244.1333125,6.835422039031982,6.169010162353516,7.737216949462891,0.6392835378646851,163,
631,roselia,Proud of oneself,235.766625,6.700057506561279,5.723718166351318,7.364294528961182,0.6941430568695068,157,
632,roselia,Sing Alive,315.4,6.47200345993042,5.130125045776367,7.281691551208496,0.8942970037460327,210,
633,roselia,Swear ～Night & Day～,304.018875,5.311811447143555,4.073295593261719,6.239997863769531,0.8440938591957092,203,
634,roselia,Reweave (Cover),238.1333125,6.780218601226807,5.685256481170654,7.457211494445801,0.8062971830368042,159,
635,roselia,ヒバナ -Reloaded- (Cover),205.266625,7.357708930969238,6.687849998474121,7.90492057800293,0.5067946314811707,136,
636,roselia,ファタール (Cover),220.84,6.805771350860596,5.225613117218018,7.816438674926758,1.0946485996246338,147,
637,roselia,HONEY (Cover),227.6,6.666578769683838,5.51127815246582,7.587071895599365,0.8152351379394531,151,
638,roselia,悪魔の子 (Cover),227.166625,6.011351108551025,3.8093035221099854,6.859903335571289,1.1756250858306885,151,
639,roselia,slash (Cover),241.1333125,6.139642715454102,4.7996320724487305,6.995788097381592,0.8713728189468384,161,
640,roselia,右肩の蝶 (Cover),276.5,6.683009147644043,5.847684860229492,7.413713455200195,0.6453045010566711,184,
641,roselia,乙女解剖 (Cover),224.1,6.970692157745361,6.208597660064697,7.639656066894531,0.5694889426231384,149,
642,roselia,六兆年と一夜物語 (Cover),216.366625,6.621281623840332,5.308165550231934,7.5662641525268555,1.0222160816192627,144,
643,roselia,残酷な天使のテーゼ (Cover),261.8,6.438004493713379,4.547518253326416,7.243821620941162,0.9205095171928406,174,
644,roselia,海色 (Cover),256.8333125,6.831206321716309,5.34177827835083,7.528716087341309,0.8922447562217712,171,
645,roselia,ETERNAL BLAZE (Cover),309.2,6.993636131286621,5.277250289916992,7.960216045379639,0.9818618297576904,206,
646,roselia,魂のルフラン (Cover),269.5333125,6.526439189910889,4.716252326965332,7.170096397399902,0.9397446513175964,180,
647,roselia,This game (Cover),283.6333125,7.088136672973633,5.276832580566406,7.773744583129883,0.9317307472229004,189,
648,roselia,スカイクラッドの観測者 (Cover),273.8,6.796018123626709,4.343758583068848,7.426281452178955,1.154319167137146,183,
649,roselia,シャルル (Cover),232.6333125,6.93903923034668,6.022160053253174,7.91912317276001,0.9217448234558105,155,
650,roselia,新時代 (Cover),226.6333125,6.774028301239014,4.617499351501465,7.504266262054443,1.023069977760315,151,
651,roselia,革命デュアリズム (Cover),237.4333125,6.7430877685546875,5.959713935852051,7.3807454109191895,0.6664287447929382,158,
652,roselia,Red fraction (Cover),201.0,7.047000885009766,6.177388668060303,7.683143615722656,0.6668287515640259,134,
653,roselia,深愛 (Cover),273.2333125,6.825942039489746,5.372873783111572,7.647871971130371,0.8975766897201538,182,
654,roselia,Paradisus‐Paradoxum (Cover),232.666625,6.23583984375,4.930410861968994,7.110645294189453,0.8430683612823486,155,
655,roselia,Realize (Cover),246.1333125,6.388763427734375,4.933845520019531,7.563879489898682,0.9924448728561401,164,
656,roselia,Preserved Roses (Cover),210.6333125,7.264951705932617,6.107932090759277,7.885319709777832,0.7507073879241943,140,
657,roselia,My Dearest (Cover),337.1333125,6.513663291931152,5.319831371307373,7.202663898468018,0.8467385172843933,225,
658,roselia,Shangri-La (Cover),239.0,6.8718061447143555,5.163967132568359,7.522671699523926,0.88193678855896,159,
659,roselia,KING (Cover),134.7333125,7.155942440032959,6.174590110778809,7.860868453979492,0.7054708003997803,89,
660,mygo,素寄曲,238.7333125,6.645925998687744,5.920464515686035,7.149884223937988,0.5406304597854614,159,
661,mygo,羅永線,233.64,6.649316787719727,5.656325340270996,7.239462852478027,0.6467172503471375,156,
662,mygo,騒混出,227.306625,6.837319850921631,5.946402549743652,7.395551681518555,0.6380811929702759,151,
712,millsage,カーネーションの咲く日に,238.0,6.275822639465332,4.316628456115723,7.1336565017700195,1.0747761726379395,158,
713,mugendai_mutype,唱 (Cover),194.6064375,6.807989597320557,5.284322738647461,7.617554187774658,0.8533989787101746,129,
714,mugendai_mutype,インキャのキャキャキャ (Cover),220.608,6.671763896942139,6.150606155395508,7.302963733673096,0.5153427124023438,147,
715,mugendai_mutype,デビルじゃないもん (Cover),164.0025,6.726010322570801,5.778131484985352,7.31695556640625,0.6628507971763611,109,
716,mugendai_mutype,エイリアンエイリアン (Cover),197.6291875,7.224071502685547,6.363376140594482,7.625168800354004,0.6297911405563354,131,
717,mugendai_mutype,ぼくたちいつでも しゅわっしゅわ！ (Cover),184.618625,6.403284549713135,5.674468517303467,7.049516201019287,0.603978157043457,123,
718,mugendai_mutype,回レ!雪月花 (Cover),234.5173125,6.772803783416748,5.958840370178223,7.345575332641602,0.6098163723945618,156,
719,mugendai_mutype,ビッグマウス feat.りむる (Cover),173.76,7.002136707305908,6.273574352264404,7.550203800201416,0.5054153203964233,115,
720,mugendai_mutype,KiLLKiSS (Cover),215.318625,6.063751220703125,4.481764316558838,6.760162830352783,0.8420611619949341,143,
721,mygo,二息歩行 (Reloaded) (Cover),198.008125,6.465836048126221,5.098531246185303,7.262969493865967,0.8710693717002869,132,
722,mygo,社会距離 (Cover),243.25225,6.733010292053223,5.7016448974609375,7.41173791885376,0.6720946431159973,162,
723,mygo,君の神様になりたい。 (Cover),253.3333125,5.915237903594971,5.009297847747803,6.638057708740234,0.6443380117416382,169,
724,mygo,Henceforth (Cover),234.304,5.883658409118652,4.3147406578063965,7.036413192749023,1.0133323669433594,156,
725,mygo,ティアドロップス (Cover),215.051625,7.1567063331604,6.259532451629639,7.898508548736572,0.6270369291305542,143,
726,mygo,遠心力 (Cover),197.482625,7.144911766052246,6.1094069480896,7.839371204376221,0.7412552237510681,131,
727,mygo,ないばいたりてぃ (Cover),213.019875,6.193633079528809,4.998223781585693,6.779830455780029,0.6738725900650024,142,
728,mygo,キリトリセン (Cover),237.248,6.3129682540893555,5.510247230529785,6.81933069229126,0.5569213628768921,158,
729,mygo,もしも命が描けたら (Cover),201.9413125,4.608844757080078,4.115899085998535,5.148923873901367,0.44942012429237366,134,
730,mygo,TEENAGE RIOT (Cover),223.7653125,6.0012617111206055,5.317071437835693,6.66123628616333,0.5187764763832092,149,
731,mygo,パメラ (Cover),194.602625,6.441652774810791,4.968446254730225,7.125550270080566,0.8940154910087585,129,
732,mygo,栞 (Cover),262.966,6.261857986450195,5.420748710632324,6.987146377563477,0.6409225463867188,175,
733,mygo,シンデレラボーイ (Cover),231.64225,6.312148094177246,5.289872169494629,7.4334282875061035,0.8478336334228516,154,
734,mygo,少女レイ (Cover),288.7981875,6.1336517333984375,4.640590190887451,6.736747741699219,0.8363621234893799,193,
735,mygo,正しくなれない (Cover),241.6500625,5.187892436981201,3.950727939605713,5.999076843261719,0.803566575050354,161,
736,mygo,恋してる自分すら愛せるんだ (Cover),223.5965625,4.232539176940918,3.464409351348877,5.8950018882751465,0.9284267425537109,149,
737,roselia,擬態ごっこ (Cover),147.551,6.953058242797852,5.376918315887451,7.713258743286133,1.0165098905563354,98,
