idx,band,song,duration_sec,instr_stem_ratio,voice_median,voice_p10,voice_p90,voice_std,n_patches,error
4,afterglow,ツナグ、ソラモヨウ,,,0.9921858310699463,0.5798048377037048,0.9997309446334839,0.23358099162578583,166,
3,afterglow,I knew it!,,,0.9169033765792847,0.32029837369918823,0.9986507296562195,0.27848419547080994,194,
5,afterglow,Hey-day狂騒曲(カプリチオ),,,0.9980377554893494,0.30615925788879395,0.9999171495437622,0.2785700261592865,31,
0,afterglow,ON YOUR MARK,,,0.9691150188446045,0.15446093678474426,0.9998588562011719,0.32979121804237366,161,
1,afterglow,That Is How I Roll!,,,0.9988173246383667,0.6336851119995117,0.9999505281448364,0.19238640367984772,160,
8,afterglow,RED RED RED,,,0.9853048920631409,0.5730205774307251,0.999821126461029,0.2037840038537979,149,
7,afterglow,Sasanqua,,,0.9925254583358765,0.8106396794319153,0.9997988343238831,0.14995746314525604,158,
6,afterglow,"Easy come, Easy go!",,,0.8604950904846191,0.11645606905221939,0.998023509979248,0.34894558787345886,162,
2,afterglow,SENSENFUKOKU,,,0.9764816761016846,0.2007189393043518,0.999940037727356,0.31120261549949646,164,
14,afterglow,SWITCH ON NOW,,,0.9825958013534546,0.2843225598335266,0.9996771812438965,0.27982062101364136,138,
11,afterglow,Scarlet Sky,,,0.9987683296203613,0.8459821343421936,0.9999400973320007,0.11941337585449219,152,
13,afterglow,いつも通りのBrand new days,,,0.976909875869751,0.04950011149048805,0.9994199872016907,0.37093687057495117,158,
12,afterglow,Off we go.,,,0.9932888150215149,0.19539788365364075,0.9999346733093262,0.301977276802063,168,
10,afterglow,Y.O.L.O!!!!!,,,0.977929949760437,0.24910345673561096,0.9996892213821411,0.2945404052734375,181,
9,afterglow,ONE OF US,,,0.9236913919448853,0.02861151657998562,0.9998875260353088,0.3880769610404968,188,
17,afterglow,Trouble Joyful!!,,,0.9930086731910706,0.2697349190711975,0.999992847442627,0.2988833487033844,158,
16,afterglow,COMIC PANIC!!!,,,0.6734092831611633,0.04975146800279617,0.9902603030204773,0.3479016423225403,187,
15,afterglow,ランブリングメモリー,,,0.9883676171302795,0.580003023147583,0.9998401999473572,0.2060779482126236,217,
18,afterglow,Jamboree!Journey!,,,0.9972544312477112,0.8897811770439148,0.9999266266822815,0.12393525242805481,173,
20,afterglow,独創収差,,,0.9969280958175659,0.5403918027877808,0.999954879283905,0.2259686440229416,184,
19,afterglow,カナユメ,,,0.9993637204170227,0.8401069641113281,0.9999915361404419,0.14497452974319458,205,
21,afterglow,極彩色,,,0.9969124794006348,0.14046183228492737,0.9998973608016968,0.34620726108551025,159,
25,afterglow,カサブタ,,,0.9499802589416504,0.26123014092445374,0.9986629486083984,0.2906408905982971,131,
22,afterglow,サクラゼンセン,,,0.998309314250946,0.5146631002426147,0.9998825788497925,0.24307815730571747,166,
24,afterglow,Crow Song,,,0.9767175316810608,0.3067485988140106,0.9999281764030457,0.27750587463378906,163,
23,afterglow,True color,,,0.9987838864326477,0.45492830872535706,0.9999598264694214,0.25942060351371765,169,
26,afterglow,アイのシナリオ,,,0.996865451335907,0.5806543231010437,0.9999169707298279,0.21086396276950836,173,
28,afterglow,トーキョーワンダー。,,,0.9925267696380615,0.17400600016117096,0.9999744296073914,0.321892648935318,102,
27,afterglow,Northern lights,,,0.9676060080528259,0.10693947225809097,0.9995945692062378,0.3473893404006958,139,
29,afterglow,Reach Out To The Truth,,,0.996367871761322,0.8721320033073425,0.9999690055847168,0.08539780229330063,114,
30,afterglow,Listen!!,,,0.9877501130104065,0.27006760239601135,0.9996846914291382,0.28363651037216187,151,
32,afterglow,イマジネーション,,,0.9943966269493103,0.4811927378177643,0.999880850315094,0.2641562223434448,118,
34,afterglow,燦々,,,0.9996979236602783,0.6606940627098083,0.9999969005584717,0.18373116850852966,129,
31,afterglow,青い栞,,,0.9996455907821655,0.6816069483757019,0.9999971389770508,0.21273837983608246,225,
33,afterglow,Butter-Fly,,,0.999624490737915,0.6155244708061218,0.9999850988388062,0.21091388165950775,167,
35,afterglow,That's why I'm here.,,,0.9964622259140015,0.4717760682106018,0.9999327063560486,0.2509195804595947,174,
37,afterglow,ペトリコール・オベーション,,,0.9703495502471924,0.12329792976379395,0.9997084140777588,0.3526582717895508,146,
36,afterglow,IGNITE GLOW,,,0.9794473052024841,0.008556217886507511,0.9999425411224365,0.4040184020996094,178,
38,afterglow,Made My Day,,,0.9938360452651978,0.19303783774375916,0.9998396635055542,0.3232520818710327,162,
39,afterglow,Glowing After,,,0.9999085664749146,0.9514584541320801,0.999997615814209,0.13739542663097382,170,
40,afterglow,A Sunset So Bright,,,0.9905562996864319,0.30291929841041565,0.9997596144676208,0.26674240827560425,154,
41,afterglow,Start as Usual,,,0.9995284676551819,0.48384183645248413,0.9999971985816956,0.2295614629983902,184,
42,afterglow,“Say cheese!!!!!”,,,0.9995967149734497,0.8249529004096985,0.9999883770942688,0.15322624146938324,174,
43,afterglow,花笑みのデュオ,,,0.9998788833618164,0.7293403744697571,0.9999980926513672,0.18556438386440277,167,
44,afterglow,READY STEADY GO (Cover),,,0.9239169359207153,0.16190487146377563,0.9991014003753662,0.31996965408325195,147,
46,afterglow,メンタルチェンソー (Cover),,,0.9907850027084351,0.3721693456172943,0.9996570348739624,0.2530101537704468,118,
45,afterglow,abnormalize (Cover),,,0.8896579742431641,0.23359516263008118,0.9997443556785583,0.30752769112586975,146,
47,afterglow,Bunny Girl (Cover),,,0.999927818775177,0.84581458568573,0.9999976754188538,0.07748724520206451,144,
48,afterglow,オレンジ (Cover),,,0.9995290040969849,0.773966372013092,0.9999980330467224,0.16324597597122192,157,
49,afterglow,カゲロウデイズ (Cover),,,0.9926530122756958,0.3974749445915222,0.999943196773529,0.2524356544017792,156,
50,afterglow,DAY×DAY (Cover),,,0.9996256828308105,0.9416074156761169,0.9999915361404419,0.11619192361831665,146,
52,afterglow,CHAINSAW BLOOD (Cover),,,0.9960615038871765,0.9021397233009338,0.9999156594276428,0.0704885944724083,135,
51,afterglow,ロキ (Cover),,,0.9946946501731873,0.44177451729774475,0.9999314546585083,0.24060288071632385,153,
53,afterglow,チルドレンレコード (Re:boot) (Cover),,,0.9981920123100281,0.6202733516693115,0.9999929070472717,0.19074510037899017,126,
54,afterglow,青のすみか (Cover),,,0.9998226761817932,0.8312409520149231,0.9999955892562866,0.17742326855659485,131,
57,afterglow,アスノヨゾラ哨戒班 (Cover),,,0.9981759190559387,0.7113640904426575,0.999961256980896,0.14862088859081268,128,
56,afterglow,天ノ弱 (Cover),,,0.9926014542579651,0.18322916328907013,0.9999657273292542,0.3175852596759796,125,
55,afterglow,GO!!! (Cover),,,0.9954745173454285,0.2802059054374695,0.9999773502349854,0.2665413022041321,160,
58,afterglow,瞬間センチメンタル (Cover),,,0.9977953433990479,0.538213312625885,0.9999573826789856,0.21296924352645874,154,
59,afterglow,プライド革命 (Cover),,,0.9982761144638062,0.09952649474143982,0.9999942779541016,0.37318965792655945,159,
60,afterglow,命に嫌われている。 (Cover),,,0.8787497282028198,0.18310551345348358,0.9989719390869141,0.32090404629707336,183,
62,afterglow,インフェルノ (Cover),,,0.9600429534912109,0.29356929659843445,0.99990314245224,0.2740411162376404,142,
63,afterglow,ドラマツルギー (Cover),,,0.9954400062561035,0.5006904006004333,0.999937891960144,0.2534020245075226,159,
61,afterglow,Redo (Cover),,,0.802942156791687,0.06067602336406708,0.9964880347251892,0.35439035296440125,174,
64,afterglow,COLORS (Cover),,,0.99482661485672,0.0911383405327797,0.9999088048934937,0.352103590965271,146,
65,afterglow,午夜の待ち合わせ (Cover),,,0.9947770237922668,0.21468152105808258,0.9998704195022583,0.31870898604393005,114,
69,afterglow,Part of the Life,,,0.9990256428718567,0.6772913336753845,0.9999693632125854,0.18683704733848572,58,
66,afterglow,サムライハート（Some Like It Hot!!） (Cover),,,0.9700803756713867,0.2036142200231552,0.9997826218605042,0.30421510338783264,127,
67,afterglow,ベノム (Cover),,,0.9625173807144165,0.28553494811058044,0.9997242093086243,0.2720746397972107,132,
70,afterglow,Punchline Halloween!!!,,,0.9913315773010254,0.07159413397312164,0.999930739402771,0.371396005153656,156,
68,afterglow,Don't say “lazy” (Cover),,,0.9984116554260254,0.3344418704509735,0.9999845623970032,0.27334538102149963,184,
71,afterglow,I love your way！,,,0.9408673048019409,0.23574703931808472,0.9995154142379761,0.30132734775543213,176,
72,ave_mujica,KiLLKiSS,,,0.9873873591423035,0.2704451084136963,0.9999409914016724,0.2953914999961853,139,
74,ave_mujica,Imprisoned XII,,,0.9991077184677124,0.044573232531547546,0.9999586939811707,0.3554648160934448,128,
73,ave_mujica,"Georgette Me, Georgette You",,,0.9961637258529663,0.6324855089187622,0.9999396204948425,0.2535018026828766,156,
76,ave_mujica,八芒星ダンス,,,0.9980449676513672,0.2446964681148529,0.9999269843101501,0.3058960735797882,154,
75,ave_mujica,Crucifix X,,,0.997331976890564,0.3986635208129883,0.9999618530273438,0.2813242971897125,199,
77,ave_mujica,顔,,,0.9996324777603149,0.9449750781059265,0.9999884366989136,0.0956740751862526,161,
78,ave_mujica,天球のMúsica,,,0.9981448650360107,0.5211374163627625,0.9999557137489319,0.21692490577697754,187,
79,ave_mujica,黒のバースデイ,,,0.9827979207038879,0.07999004423618317,0.999608039855957,0.34307143092155457,156,
80,ave_mujica,ふたつの月 ~Deep Into The Forest~,,,0.9095091223716736,0.2917884886264801,0.9978464245796204,0.27148982882499695,203,
82,ave_mujica,神さま、バカ,,,0.994671642780304,0.566758394241333,0.9999661445617676,0.22323110699653625,149,
83,ave_mujica,Mas?uerade Rhapsody Re?uest,,,0.9844191670417786,0.060044534504413605,0.9999411702156067,0.39839088916778564,166,
81,ave_mujica,Choir ‘S’ Choir,,,0.9887585639953613,0.2627854347229004,0.9999452829360962,0.2802090346813202,192,
86,ave_mujica,Symbol II : Air,,,0.9987109899520874,0.7575933337211609,0.9999405741691589,0.15709777176380157,142,
84,ave_mujica,Ave Mujica,,,0.9687376022338867,0.2627854347229004,0.9998009204864502,0.30534976720809937,185,
85,ave_mujica,Symbol I : △,,,0.9958196878433228,0.4356856048107147,0.9999179840087891,0.2575700581073761,208,
87,ave_mujica,Symbol III : ▽,,,0.9994778037071228,0.131561279296875,0.9999924898147583,0.3164750337600708,171,
88,ave_mujica,Symbol IV : Earth,,,0.9961585402488708,0.49974530935287476,0.9999408721923828,0.23431597650051117,159,
89,ave_mujica,Ether,,,0.9960314631462097,0.27498793601989746,0.9999686479568481,0.2936501204967499,191,
90,ave_mujica,The Whole Blue World,,,0.9871681928634644,0.29443588852882385,0.9998301267623901,0.298086941242218,171,
91,ave_mujica,in your blue eyes,,,0.9893443584442139,0.30896905064582825,0.9999196529388428,0.27262502908706665,148,
92,ave_mujica,素晴らしき世界 でも どこにもない場所,,,0.9851311445236206,0.4280451238155365,0.9997131824493408,0.25847455859184265,180,
93,ave_mujica,Angles,,,0.9997765421867371,0.10232331603765488,0.999993085861206,0.33450257778167725,183,
95,ave_mujica,Sophie,,,0.9904007315635681,0.6193975210189819,0.9998868703842163,0.22422443330287933,131,
94,ave_mujica,DIVINE,,,0.9994133710861206,0.9290494918823242,0.9999691843986511,0.18173573911190033,172,
97,ave_mujica,碧い瞳の中に,,,0.9841046929359436,0.2559478282928467,0.9998883605003357,0.29165399074554443,149,
98,ave_mujica,堕天 (Cover),,,0.9996623992919922,0.5573819279670715,0.9999858736991882,0.20363792777061462,122,
96,ave_mujica,‘S/’ The Way,,,0.9944349527359009,0.4881080389022827,0.999832272529602,0.22474728524684906,151,
103,various_artists,"Be shine, shining!",,,0.9995105266571045,0.8763677477836609,0.9999799728393555,0.1519826203584671,63,
101,various_artists,Don't be afraid!,,,0.9821667671203613,0.3912433981895447,0.9995962381362915,0.25879719853401184,159,
100,ave_mujica,暗黒天国 (Cover),,,0.9998114705085754,0.6754253506660461,0.9999909400939941,0.16206927597522736,177,
102,various_artists,Glee! Glee! Glee!,,,0.9890570044517517,0.21715165674686432,0.9997934699058533,0.3009756803512573,141,
99,ave_mujica,KINGS (Cover),,,0.9988664388656616,0.9029707312583923,0.9999240636825562,0.15522898733615875,212,
104,various_artists,"Here, the world",,,0.9999996423721313,0.9998222589492798,1.0,0.0014860468218103051,175,
105,various_artists,CiRCLE THANKS MUSiC♪,,,0.9982337951660156,0.9333457946777344,0.9999739527702332,0.10456517338752747,209,
106,hello_happy_world,キミがいなくちゃっ！,,,0.9989940524101257,0.8064526319503784,0.999985933303833,0.15932796895503998,162,
109,hello_happy_world,えがお･シング･あ･ソング,,,0.9995434284210205,0.7793996334075928,0.9999917149543762,0.20330961048603058,166,
107,hello_happy_world,ハイファイブ∞あどべんちゃっ,,,0.9977395534515381,0.6784345507621765,0.9999957084655762,0.19095192849636078,182,
110,hello_happy_world,YAPPY! SCHOOL CARNIVAL☆彡,,,0.997978150844574,0.911919891834259,0.9999625086784363,0.1039593517780304,157,
108,hello_happy_world,スマイルブーケで た〜まや〜！,,,0.9979645013809204,0.7862509489059448,0.9999632835388184,0.18987751007080078,181,
111,hello_happy_world,にこ×にこ=ハイパースマイルパワー！,,,0.9991337656974792,0.8233152031898499,0.9999792575836182,0.11522728949785233,155,
112,hello_happy_world,ないすみちゅっ！,,,0.9992490410804749,0.9371728301048279,0.9999892711639404,0.15745852887630463,171,
113,hello_happy_world,ゴーカ！ごーかい！？ファントムシーフ！,,,0.9935479760169983,0.15369334816932678,0.9999192357063293,0.31919336318969727,146,
114,hello_happy_world,うぃーきゃん☆フレフレっ！,,,0.9951527118682861,0.6640107035636902,0.9999015927314758,0.18834878504276276,160,
115,hello_happy_world,えがおのオーケストラっ！,,,0.999247670173645,0.808613121509552,0.9999979734420776,0.18724162876605988,153,
116,hello_happy_world,にこにこねくと！,,,0.9994556307792664,0.5350186228752136,0.9999994039535522,0.2257530391216278,167,
117,hello_happy_world,ふぁいぶスマイル◯オールインっ！,,,0.9993857145309448,0.6818598508834839,0.9999962449073792,0.16234137117862701,164,
118,hello_happy_world,せかいのっびのびトレジャー！,,,0.9855349063873291,0.7788981199264526,0.999671459197998,0.1408309042453766,141,
119,hello_happy_world,きらっ☆と キミフェス！,,,0.9999563694000244,0.9853189587593079,0.9999995827674866,0.10271960496902466,154,
120,hello_happy_world,うちゃパ！で ぱっぴかポーんっ！,,,0.999519944190979,0.7952366471290588,0.9999943375587463,0.16062994301319122,145,
121,hello_happy_world,はれやか すこやか ぴかりんりん♪,,,0.9998997449874878,0.880923867225647,0.9999994039535522,0.19109506905078888,171,
122,hello_happy_world,ふわふわ☆ゆめいろサンドイッチ,,,0.9998340606689453,0.5143665671348572,0.9999997615814209,0.24795645475387573,195,
123,hello_happy_world,Happy! Happier! Happiest!,,,0.9954695105552673,0.6975021362304688,0.9998775720596313,0.1956377625465393,162,
124,hello_happy_world,現るっ！大怪盗ハロハッピー！,,,0.978675901889801,0.5042152404785156,0.9990209341049194,0.2373133897781372,149,
125,hello_happy_world,わちゃ・もちゃ・ぺったん行進曲,,,0.9961084723472595,0.8646886348724365,0.9997668862342834,0.14684158563613892,155,
126,hello_happy_world,おもいでイルミネーション,,,0.9986097812652588,0.7658889293670654,0.9999791979789734,0.15800951421260834,168,
127,hello_happy_world,おもいやりハーモニー,,,0.9549925327301025,0.20244646072387695,0.9999167323112488,0.30740872025489807,154,
128,hello_happy_world,ハピネスっ！ハピィーマジカルっ♪,,,0.9970980882644653,0.7690378427505493,0.9999758005142212,0.17400211095809937,140,
129,hello_happy_world,えがお、あーゆーれでぃ???,,,0.999992847442627,0.8691121339797974,0.9999998807907104,0.1772235780954361,151,
130,hello_happy_world,ハッピーサマーウェディング,,,0.9994460344314575,0.9324327111244202,0.9999990463256836,0.07371658086776733,190,
132,hello_happy_world,ハッピー☆マテリアル,,,0.99932861328125,0.780863881111145,0.999987781047821,0.16990429162979126,150,
133,hello_happy_world,太陽曰く燃えよカオス,,,0.9994389414787292,0.9544097781181335,0.9999890923500061,0.19140583276748657,159,
131,hello_happy_world,ひまわりの約束,,,0.9965399503707886,0.2747444212436676,0.9999078512191772,0.2938654124736786,205,
135,hello_happy_world,コレカラ,,,0.9996180534362793,0.9786155223846436,0.9999748468399048,0.09931573271751404,143,
134,hello_happy_world,エクストラ・マジック・アワー,,,0.9982298016548157,0.5300028920173645,0.9999681711196899,0.22976839542388916,170,
136,hello_happy_world,全力少年,,,0.9996426105499268,0.9634857773780823,0.9999816417694092,0.20794402062892914,161,
139,hello_happy_world,ン・パカマーチ,,,0.9998838901519775,0.8202989101409912,0.9999983906745911,0.12777823209762573,103,
137,hello_happy_world,オレンジ,,,0.9989871978759766,0.7977098226547241,0.9999907612800598,0.1849578469991684,186,
138,hello_happy_world,Happy Girl,,,0.9997637867927551,0.9369053244590759,0.9999940991401672,0.17460376024246216,159,
141,hello_happy_world,ボクらの夏's☆ショーたいむっ！！,,,0.9981461763381958,0.7508810758590698,0.9999970197677612,0.16460300981998444,137,
140,hello_happy_world,サンバロハッピ〜！,,,0.9996421337127686,0.8456777930259705,0.9999970197677612,0.15634621679782867,144,
142,hello_happy_world,むすんでわらって,,,0.99996018409729,0.9844516515731812,0.9999997615814209,0.08084874600172043,161,
143,hello_happy_world,キミを れっつ・はぶ・ふぁん♪,,,0.99992436170578,0.9913907051086426,0.9999982714653015,0.12130825966596603,156,
144,hello_happy_world,らいふ・いず・みゅーじかるっ♪♪♪,,,0.9983762502670288,0.6324515342712402,0.999991238117218,0.21099233627319336,158,
146,hello_happy_world,やっほー！いっぽ！わんだふぉー！,,,0.9994303584098816,0.9897068738937378,0.9999774694442749,0.07200068235397339,141,
145,hello_happy_world,れっつ・スマイル・すとり〜みんぐっ♪,,,0.9996248483657837,0.9618415832519531,0.9999924898147583,0.11660858988761902,151,
147,hello_happy_world,とーくとぅみー・とーくとぅゆー,,,0.9991521835327148,0.8149664402008057,0.9999679923057556,0.10362739115953445,139,
148,hello_happy_world,ハイタッチ／＼びりーばーず☆,,,0.9999295473098755,0.9891024827957153,0.9999990463256836,0.11348502337932587,169,
149,hello_happy_world,Listen to Smile!,,,0.9996688365936279,0.8989348411560059,0.9999963045120239,0.1717456430196762,163,
152,hello_happy_world,上海ハニー (Cover),,,0.999573826789856,0.9550023674964905,0.9999962449073792,0.0916900709271431,118,
153,hello_happy_world,シル・ヴ・プレジデント (Cover),,,0.9993082284927368,0.7081937789916992,0.9999891519546509,0.20134030282497406,129,
150,hello_happy_world,スマイリーキャロル,,,0.9992584586143494,0.6490547060966492,0.9999920725822449,0.22813351452350616,165,
151,hello_happy_world,えがお、み〜っけた！,,,0.9993384480476379,0.4455644190311432,0.9999763369560242,0.24646563827991486,180,
155,hello_happy_world,はいよろこんで (Cover),,,0.9993679523468018,0.990537166595459,0.9999765753746033,0.03130800649523735,106,
157,hello_happy_world,強風オールバック (Cover),,,0.9998860359191895,0.9760072231292725,0.9999992847442627,0.024271316826343536,89,
154,hello_happy_world,ヒャダインのじょーじょーゆーじょー (Cover),,,0.9989499449729919,0.6699116230010986,0.999943733215332,0.19578410685062408,167,
156,hello_happy_world,シカ色デイズ (Cover),,,0.9995037317276001,0.9089690446853638,0.999988853931427,0.12435685098171234,134,
159,hello_happy_world,許婚っきゅん (Cover),,,0.9997249841690063,0.9091379046440125,0.9999967217445374,0.12969975173473358,118,
158,hello_happy_world,最高到達点 (Cover),,,0.9999895095825195,0.7421316504478455,1.0,0.1960841864347458,151,
161,hello_happy_world,ドレミファロンド (Cover),,,0.9994823932647705,0.7378770112991333,0.9999772310256958,0.1419864296913147,133,
160,hello_happy_world,新宝島 (Cover),,,0.998625636100769,0.8874924182891846,0.9999802112579346,0.12449964880943298,167,
162,hello_happy_world,きゅうくらりん (Cover),,,0.9943085312843323,0.7299280166625977,0.9996909499168396,0.18626022338867188,143,
164,hello_happy_world,エイリアンエイリアン (Cover),,,0.9996189475059509,0.9772457480430603,0.9999943971633911,0.16056063771247864,122,
165,hello_happy_world,いーあるふぁんくらぶ (Cover),,,0.9986492395401001,0.8098045587539673,0.9999701976776123,0.18896155059337616,160,
163,hello_happy_world,ロメオ (Cover),,,0.9997233152389526,0.7510457038879395,0.9999991059303284,0.19949772953987122,214,
166,hello_happy_world,回レ！雪月花 (Cover),,,0.9983558654785156,0.9180598258972168,0.9999819397926331,0.16038143634796143,156,
167,hello_happy_world,恋愛裁判 (Cover),,,0.9998571276664734,0.6232776641845703,0.9999963641166687,0.21191191673278809,148,
168,hello_happy_world,TOMORROW (Cover),,,0.9976518750190735,0.6051806807518005,0.9999879002571106,0.21887582540512085,183,
169,hello_happy_world,GO! GO! MANIAC (Cover),,,0.9929760694503784,0.7776068449020386,0.9998925924301147,0.1367253065109253,166,
171,hello_happy_world,ようこそジャパリパークへ (Cover),,,0.9996922016143799,0.9420369863510132,0.9999885559082031,0.16445380449295044,137,
170,hello_happy_world,Dragon Night (Cover),,,0.9977343082427979,0.8614457845687866,0.9999857544898987,0.20258788764476776,152,
172,hello_happy_world,ウィーアー！ (Cover),,,0.9841662645339966,0.35635852813720703,0.9995143413543701,0.2603953182697296,161,
173,hello_happy_world,おジャ魔女カーニバル!! (Cover),,,0.9951217770576477,0.5816135406494141,0.9998645782470703,0.19867803156375885,145,
174,hello_happy_world,ダーリンダンス (Cover),,,0.9992330074310303,0.6186075210571289,0.9999874234199524,0.16922232508659363,138,
175,hello_happy_world,ノーポイッ！ (Cover),,,0.9999773502349854,0.9692862033843994,0.9999995231628418,0.09858957678079605,162,
176,hello_happy_world,SHINY DAYS (Cover),,,0.995705783367157,0.3545166552066803,0.9999550580978394,0.27194565534591675,175,
179,millsage,起死開戦,,,0.9982192516326904,0.32727351784706116,0.9999954104423523,0.27896741032600403,130,
177,hello_happy_world,シルエット (Cover),,,0.9991655349731445,0.6694075465202332,0.999959409236908,0.1820281594991684,160,
178,ikka_dumb_rock,ホーミー・タイッ！！,,,0.999422550201416,0.9474389553070068,0.9999894499778748,0.1097697839140892,143,
181,morfonica,メランコリックララバイ,,,0.9989866614341736,0.7890857458114624,0.999995231628418,0.15931576490402222,144,
180,morfonica,Daylight -デイライト-,,,0.9974191188812256,0.5249456167221069,0.9999477863311768,0.23187021911144257,239,
184,morfonica,カラフルリバティー,,,0.9965866804122925,0.6550713181495667,0.9999735355377197,0.17161375284194946,146,
182,morfonica,flame of hope,,,0.9964697360992432,0.6906878352165222,0.9998482465744019,0.20115503668785095,168,
185,morfonica,fly with the night,,,0.9951914548873901,0.6851379871368408,0.9999710321426392,0.19073839485645294,160,
183,morfonica,ブルームブルーム,,,0.9968295693397522,0.9250540733337402,0.9998301267623901,0.1141854077577591,185,
186,morfonica,金色へのプレリュード,,,0.9983311295509338,0.8532810211181641,0.9999237060546875,0.1662825644016266,181,
188,morfonica,ハーモニー・デイ,,,0.9983490109443665,0.8727627992630005,0.9999898076057434,0.1397218555212021,146,
187,morfonica,The Circle Of Butterflies,,,0.9971044659614563,0.8039827346801758,0.9999710321426392,0.11935995519161224,172,
189,morfonica,Sweet Cheers!,,,0.9991464614868164,0.5502675771713257,0.9999824166297913,0.21561679244041443,149,
190,morfonica,"寄る辺のSunny, Sunny",,,0.9995523691177368,0.8247105479240417,0.9999938011169434,0.14899204671382904,144,
191,morfonica,誓いのWingbeat,,,0.9969280958175659,0.4484579563140869,0.9999876022338867,0.2618822455406189,170,
192,morfonica,Ever Sky Blue,,,0.996351957321167,0.612970769405365,0.9999303817749023,0.20646114647388458,161,
193,morfonica,Polyphonyscape,,,0.9998207688331604,0.8545551896095276,0.9999967217445374,0.19220039248466492,167,
195,morfonica,Merry Merry Thanks!!,,,0.997329592704773,0.7819421291351318,0.9999489188194275,0.20745909214019775,172,
194,morfonica,Wreath of Brave,,,0.9994140863418579,0.9216004610061646,0.9999902248382568,0.09231958538293839,175,
197,morfonica,両翼のBrilliance,,,0.9990415573120117,0.8915851712226868,0.9999231696128845,0.14640018343925476,160,
198,morfonica,Steer to Utopia,,,0.9992462396621704,0.7282553315162659,0.9999598860740662,0.20046426355838776,144,
196,morfonica,Sonorous,,,0.9990329742431641,0.8289108276367188,0.9999910593032837,0.15361078083515167,209,
200,morfonica,ティリカモニカリラ,,,0.9992414712905884,0.8228234052658081,0.999992847442627,0.15522125363349915,136,
201,morfonica,Secret Dawn,,,0.9974441528320312,0.7208746075630188,0.9999425411224365,0.21341031789779663,159,
199,morfonica,Fateful...,,,0.995694637298584,0.8183913826942444,0.9999352693557739,0.13419599831104279,191,
202,morfonica,Angel's Ladder,,,0.9993951320648193,0.7193154096603394,0.9999873042106628,0.13956791162490845,169,
203,morfonica,One step at a time,,,0.9984031319618225,0.7263727188110352,0.9999744892120361,0.1843300461769104,176,
204,morfonica,Tempest,,,0.9963843822479248,0.3102027177810669,0.9999143481254578,0.2794117331504822,168,
205,morfonica,フレージング ミラージュ,,,0.9927705526351929,0.19555482268333435,0.9999085068702698,0.30541378259658813,176,
206,morfonica,MUGEN Reverberate!,,,0.9980180263519287,0.7901157736778259,0.9999589920043945,0.13642369210720062,153,
208,morfonica,esora no clover,,,0.9984596967697144,0.6980043053627014,0.9999979138374329,0.1912350058555603,129,
207,morfonica,わたしまちがいさがし,,,0.9959976077079773,0.6899412870407104,0.9998996257781982,0.21319302916526794,182,
210,morfonica,Feathered Dreams,,,0.9992066025733948,0.9675787687301636,0.9999555349349976,0.10195264965295792,151,
209,morfonica,きょうもMerry go rounD,,,0.999675989151001,0.866235077381134,0.9999985694885254,0.17091777920722961,158,
212,morfonica,ビューティ・フォー,,,0.9999441504478455,0.8629352450370789,0.9999988675117493,0.16267208755016327,126,
213,morfonica,胡蝶翔る星月夜,,,0.9871564507484436,0.17415988445281982,0.9997397661209106,0.3542352616786957,136,
211,morfonica,Portray Empathy,,,0.9994957447052002,0.9641514420509338,0.9999923706054688,0.05538792535662651,169,
216,morfonica,Shining Leaves,,,0.9990960359573364,0.8645680546760559,0.9999900460243225,0.11518442630767822,145,
214,morfonica,Color of Us,,,0.9984787106513977,0.9189372062683105,0.9999609589576721,0.11122923344373703,156,
215,morfonica,Resonant Strings,,,0.9989290237426758,0.259685754776001,0.9999949336051941,0.2883926033973694,160,
219,morfonica,QUEEN (Cover),,,0.9991436004638672,0.8673224449157715,0.9999869465827942,0.14008954167366028,96,
218,morfonica,蒼穹へのトレイル,,,0.9935701489448547,0.39731067419052124,0.9998217821121216,0.2664010524749756,146,
217,morfonica,音がえしのセレナーデ,,,0.9990697503089905,0.9108821749687195,0.9999731779098511,0.10292086750268936,201,
220,morfonica,again (Cover),,,0.9996022582054138,0.9255767464637756,0.9999936819076538,0.12081439048051834,167,
222,morfonica,メロウ (Cover),,,0.9997386932373047,0.7663048505783081,0.9999923706054688,0.14966900646686554,166,
223,morfonica,祝福 (Cover),,,0.9996371269226074,0.9060730934143066,0.9999938011169434,0.10931150615215302,129,
221,morfonica,輪舞-revolution (Cover),,,0.9995379447937012,0.8327178955078125,0.9999973773956299,0.12892694771289825,182,
224,morfonica,Overdose (Cover),,,0.998838484287262,0.6779061555862427,0.9999816417694092,0.17054150998592377,129,
225,morfonica,かくれんぼ (Cover),,,0.9989597797393799,0.9138811826705933,0.9999698400497437,0.1365288496017456,199,
227,morfonica,ALIVE (Cover),,,0.9988327026367188,0.779853880405426,0.9999091029167175,0.15666885673999786,144,
226,morfonica,chAngE (Cover),,,0.9996787309646606,0.9244177341461182,0.9999980926513672,0.1664232313632965,166,
228,morfonica,Nameless Story (Cover),,,0.997189998626709,0.5673220157623291,0.9999964833259583,0.23571769893169403,162,
229,morfonica,青空のラプソディ (Cover),,,0.9978700876235962,0.8522784113883972,0.9999626874923706,0.15984545648097992,185,
230,morfonica,Nevereverland (Cover),,,0.9983189105987549,0.6563627123832703,0.9999772906303406,0.20650281012058258,192,
231,morfonica,メリッサ (Cover),,,0.9850099682807922,0.49618247151374817,0.9999637603759766,0.22892801463603973,171,
232,morfonica,COLORFUL BOX (Cover),,,0.9978603720664978,0.8265944123268127,0.9999275207519531,0.17170076072216034,159,
233,morfonica,unravel (Cover),,,0.9991854429244995,0.41987723112106323,0.9999854564666748,0.23225243389606476,158,
235,morfonica,V.I.P (Cover),,,0.9978188276290894,0.8178321719169617,0.9998670220375061,0.13727004826068878,129,
234,morfonica,アゲハ蝶 (Cover),,,0.9988683462142944,0.6546753644943237,0.9999995231628418,0.1748327910900116,187,
236,morfonica,CQCQ (Cover),,,0.9989051222801208,0.9276427030563354,0.9999948740005493,0.10102482885122299,148,
237,mugendai_mutype,アイの夢限,,,0.9989176988601685,0.4391738772392273,0.9999963641166687,0.22629690170288086,133,
238,mugendai_mutype,どんがらがっしゃん,,,0.9998888969421387,0.8871864676475525,0.9999984502792358,0.14515027403831482,131,
239,mugendai_mutype,みゅーたんとミュータント,,,0.9941845536231995,0.6930332779884338,0.9999661445617676,0.1556561291217804,147,
240,mugendai_mutype,チューニング,,,0.9997850656509399,0.720116913318634,0.999998927116394,0.20778565108776093,130,
242,mugendai_mutype,グラディエント,,,0.999888002872467,0.7923075556755066,0.9999986886978149,0.15190646052360535,134,
241,mugendai_mutype,Dream Voyage,,,0.9998929500579834,0.9747543334960938,0.999997615814209,0.06867508590221405,175,
243,mugendai_mutype,LET'Sあちあちトレーニング！,,,0.9976612329483032,0.7402686476707458,0.9999863505363464,0.16657230257987976,137,
244,mugendai_mutype,真夜中遊園地,,,0.9998413324356079,0.9003896117210388,0.9999984502792358,0.12339285016059875,153,
246,mugendai_mutype,TRASH LIFE,,,0.999474823474884,0.3171294331550598,0.9999753832817078,0.2700384557247162,142,
245,mugendai_mutype,テレパシー,,,0.9993007183074951,0.5054294466972351,0.9999929070472717,0.24041353166103363,169,
247,mugendai_mutype,新人類は仮想世界の夢を見るか?,,,0.9992895126342773,0.9859673976898193,0.9999793767929077,0.01243071909993887,156,
248,mugendai_mutype,コミュ着火Fire!,,,0.9989312291145325,0.9486360549926758,0.9999814033508301,0.07052762806415558,123,
249,mugendai_mutype,Calling,,,0.9978929162025452,0.43294620513916016,0.9999858140945435,0.23862428963184357,121,
250,mugendai_mutype,Hi-Vision,,,0.9999769926071167,0.6515806317329407,0.9999997615814209,0.19553259015083313,120,
251,mugendai_mutype,コハク,,,0.9961935877799988,0.43102580308914185,0.9999961256980896,0.26332637667655945,146,
252,mugendai_mutype,✞animaるパーティ✞開催中✞,,,0.9985617995262146,0.9204212427139282,0.999965250492096,0.11713825911283493,117,
254,mugendai_mutype,限界現実サバイブ天使,,,0.9991989135742188,0.927082359790802,0.9999865293502808,0.17973528802394867,130,
253,mugendai_mutype,エンプティパペット,,,0.9998952746391296,0.9841762185096741,0.999997615814209,0.05680928751826286,124,
255,mugendai_mutype,ビッグマウス,,,0.9993860721588135,0.9701878428459167,0.9999814629554749,0.09148593991994858,115,
256,mugendai_mutype,夢現妄想世界,,,0.9962950348854065,0.8809925317764282,0.9997676014900208,0.13164179027080536,141,
257,mugendai_mutype,やわやわNERD 超FreQuency,,,0.9996095299720764,0.9807904362678528,0.9999950528144836,0.07543688267469406,125,
258,mugendai_mutype,超惑星Xへの旅,,,0.9997023940086365,0.9685313701629639,0.9999926686286926,0.1165548712015152,115,
260,mygo,迷星叫,,,0.9907054305076599,0.4868737459182739,0.9998936653137207,0.25854140520095825,141,
261,mygo,壱雫空,,,0.9966025352478027,0.725939154624939,0.9998583197593689,0.19342181086540222,126,
259,mugendai_mutype,これはぼくたちの生存のあらすじ,,,0.9997918605804443,0.9848598837852478,0.999995231628418,0.07344213873147964,156,
262,mygo,碧天伴走,,,0.9948562383651733,0.8272317051887512,0.9995334148406982,0.14323191344738007,146,
264,mygo,歌いましょう鳴らしましょう,,,0.9817818403244019,0.3968251943588257,0.9995304346084595,0.2506066560745239,117,
263,mygo,影色舞,,,0.9984259605407715,0.8739199042320251,0.9999616742134094,0.16158674657344818,139,
265,mygo,潜在表明,,,0.9866486191749573,0.6107922792434692,0.9998055696487427,0.24904368817806244,175,
267,mygo,春日影 (MyGO!!!!! ver.),,,0.9989932179450989,0.8638032078742981,0.9999363422393799,0.17349348962306976,171,
268,mygo,詩超絆,,,0.9259929656982422,0.1402553915977478,0.99848473072052,0.3215198218822479,158,
266,mygo,音一会,,,0.9520218968391418,0.19494077563285828,0.9987303614616394,0.3157534897327423,188,
269,mygo,迷路日々,,,0.995016872882843,0.7964565753936768,0.9998112320899963,0.16747374832630157,143,
270,mygo,無路矢,,,0.9980547428131104,0.9224881529808044,0.9999739527702332,0.12515069544315338,148,
271,mygo,名無声,,,0.9847455620765686,0.7622213959693909,0.9998180270195007,0.17463095486164093,181,
275,mygo,孤壊牢,,,0.9899700284004211,0.7474378347396851,0.9997276067733765,0.1620567888021469,143,
272,mygo,栞,,,0.9997698664665222,0.8974938988685608,0.9999995827674866,0.18543782830238342,178,
274,mygo,明弦音,,,0.9997434020042419,0.8961590528488159,0.9999862909317017,0.13530321419239044,162,
273,mygo,歩拾道,,,0.999936580657959,0.985821545124054,0.9999947547912598,0.07740961760282516,173,
276,mygo,霧周途,,,0.9985363483428955,0.9236502051353455,0.9998956322669983,0.1523536592721939,148,
280,mygo,夜隠染,,,0.9977188110351562,0.7491565346717834,0.9999618530273438,0.1816226840019226,134,
279,mygo,輪符雨,,,0.9974373579025269,0.7949345707893372,0.9999465942382812,0.14649760723114014,138,
278,mygo,処救生,,,0.9888368844985962,0.5755742788314819,0.9990705847740173,0.19801680743694305,145,
277,mygo,端程山,,,0.9949345588684082,0.9135230183601379,0.9997730851173401,0.14332371950149536,174,
281,mygo,過惰幻,,,0.9922016859054565,0.28652673959732056,0.999974250793457,0.2925213873386383,158,
282,mygo,回層浮,,,0.9680604338645935,0.6840150952339172,0.9983362555503845,0.17376869916915894,174,
283,mygo,砂寸奏,,,0.9912564754486084,0.748703122138977,0.9995859861373901,0.16552910208702087,149,
287,mygo,証命讃歌,,,0.9995075464248657,0.8989031314849854,0.9999451637268066,0.11476664990186691,128,
286,mygo,掌心正銘,,,0.9995243549346924,0.9191749691963196,0.9999849200248718,0.1658889651298523,147,
284,mygo,焚音打,,,0.9315145015716553,0.29886069893836975,0.9983428716659546,0.268754243850708,162,
285,mygo,残痕字,,,0.9998481869697571,0.934334397315979,0.9999921321868896,0.14455369114875793,170,
288,mygo,エガクミライ,,,0.9984551668167114,0.06788191944360733,0.9999698400497437,0.34634318947792053,159,
290,mygo,聿日箋秋,,,0.9994387030601501,0.8184167146682739,0.9999815225601196,0.1300296187400818,157,
294,mygo,雑踏、僕らの街 (Cover),,,0.9981548190116882,0.8282756805419922,0.9999620318412781,0.13926945626735687,125,
292,mygo,だれかの心臓になれたなら (Cover),,,0.9998161196708679,0.12428511679172516,0.9999903440475464,0.3147032558917999,157,
289,mygo,静降想,,,0.9971416592597961,0.5675470232963562,0.9999369382858276,0.254787802696228,185,
293,mygo,遥か彼方 (Cover),,,0.995559811592102,0.7797240614891052,0.9999253749847412,0.15682904422283173,166,
291,mygo,往欄印,,,0.9764437675476074,0.678530216217041,0.9995757937431335,0.20857495069503784,199,
295,mygo,過去を喰らう (Cover),,,0.9978369474411011,0.6509972214698792,0.9999622702598572,0.18473681807518005,160,
300,mygo,春日影,,,0.9585063457489014,0.2369019240140915,0.9945414662361145,0.2950655221939087,81,
297,mygo,ノンブレス・オブリージュ (Cover),,,0.9990382194519043,0.919944703578949,0.999975323677063,0.1544806808233261,138,
296,mygo,君の神様になりたい。 (Cover),,,0.9888867139816284,0.8760268688201904,0.9991129636764526,0.11597990244626999,166,
298,mygo,swim (Cover),,,0.9987550973892212,0.9286946058273315,0.9999794960021973,0.18677906692028046,139,
299,mygo,猛独が襲う (Cover),,,0.9991694688796997,0.9781084656715393,0.9999679327011108,0.1303642988204956,169,
302,pastel_palettes,ワクワクmeetsトリップ,,,0.9999736547470093,0.9836416840553284,0.9999988079071045,0.12922535836696625,165,
301,pastel_palettes,TITLE IDOL,,,0.9985828399658203,0.4431782066822052,0.9999836683273315,0.2408553808927536,179,
305,pastel_palettes,あっつあつ 常夏 らぶ☆サマー！,,,0.9994804859161377,0.8188369274139404,0.9999849796295166,0.17406542599201202,164,
303,pastel_palettes,ゆら・ゆらRing-Dong-Dance,,,0.9999173879623413,0.9847644567489624,0.9999972581863403,0.06251581013202667,177,
304,pastel_palettes,もういちど ルミナス,,,0.8938924670219421,0.5731216073036194,0.9901419281959534,0.17832207679748535,173,
306,pastel_palettes,天下トーイツ A to Z☆,,,0.9985673427581787,0.8864489793777466,0.9999418258666992,0.12014583498239517,145,
308,pastel_palettes,Power of LOVE!!!,,,0.9898430705070496,0.6267992258071899,0.9998933672904968,0.2058112472295761,154,
307,pastel_palettes,しゅわりん☆どり〜みん,,,0.9545877575874329,0.2437518686056137,0.9978864192962646,0.3078063726425171,157,
309,pastel_palettes,きゅ～まい＊flower,,,0.9987245202064514,0.7261398434638977,0.999985933303833,0.18764054775238037,147,
312,pastel_palettes,はなまる◎アンダンテ,,,0.9991669654846191,0.2849169373512268,0.9999773502349854,0.2835005223751068,151,
311,pastel_palettes,ゆめゆめグラデーション,,,0.9995917677879333,0.915238618850708,0.9999887347221375,0.12327293306589127,190,
310,pastel_palettes,Winking☆Cheer,,,0.995603084564209,0.4154416620731354,0.9999390840530396,0.24455560743808746,207,
313,pastel_palettes,パスパレボリューションず☆,,,0.9994761943817139,0.8148706555366516,0.9999874234199524,0.19841448962688446,154,
314,pastel_palettes,SURVIVOR ねばーぎぶあっぷ!,,,0.9936440587043762,0.638629674911499,0.9997750520706177,0.1903584897518158,166,
315,pastel_palettes,Wonderland Girl,,,0.9998277425765991,0.9834396243095398,0.9999951124191284,0.03414573520421982,181,
316,pastel_palettes,ゼッタイ宣言～Recital～,,,0.998638927936554,0.7241050004959106,0.9999386072158813,0.21029947698116302,161,
317,pastel_palettes,ぎゅっDAYS♪,,,0.9991321563720703,0.8939136266708374,0.9999474287033081,0.10527908056974411,168,
318,pastel_palettes,Wonderful Sweet!,,,0.9976536631584167,0.8545193672180176,0.9999212622642517,0.16727314889431,165,
319,pastel_palettes,るんっ♪てぃてぃー！,,,0.9995760321617126,0.8720663189888,0.9999908208847046,0.10483461618423462,153,
320,pastel_palettes,パッパレ☆人生！バーン万歳！,,,0.9824397563934326,0.7104929089546204,0.9991785287857056,0.1958319991827011,159,
322,pastel_palettes,あこがれacross,,,0.950819194316864,0.4553593397140503,0.9976575374603271,0.25060582160949707,156,
321,pastel_palettes,Brand new Pastel Road!,,,0.9981671571731567,0.8547895550727844,0.9999882578849792,0.19822324812412262,170,
323,pastel_palettes,ハレハレ☆フォーチュン,,,0.9996193051338196,0.9130402207374573,0.999989926815033,0.18068130314350128,180,
324,pastel_palettes,ハナヒバナ,,,0.9900147914886475,0.26076117157936096,0.999815046787262,0.27878764271736145,183,
325,pastel_palettes,そばかす,,,0.9993334412574768,0.9637784361839294,0.999968409538269,0.10375580936670303,167,
328,pastel_palettes,ラムのラブソング,,,0.9766007661819458,0.7259657979011536,0.9983633160591125,0.1643994003534317,108,
326,pastel_palettes,気まぐれロマンティック,,,0.9969863295555115,0.9215317368507385,0.9999420642852783,0.08366771042346954,162,
327,pastel_palettes,ドリームパレード,,,0.9994616508483887,0.8963580131530762,0.9999853372573853,0.14227443933486938,156,
329,pastel_palettes,DANCE! おジャ魔女,,,0.9938769936561584,0.8182987570762634,0.9998323917388916,0.16415773332118988,131,
330,pastel_palettes,DISCOTHEQUE,,,0.9902536869049072,0.7904118895530701,0.9993736743927002,0.16049998998641968,162,
331,pastel_palettes,ゆりゆららららゆるゆり大事件,,,0.998635470867157,0.8608852028846741,0.9999967813491821,0.12367081642150879,153,
332,pastel_palettes,SAKURAスキップ,,,0.9288089871406555,0.43377959728240967,0.997725784778595,0.2555471658706665,152,
333,pastel_palettes,Stay Alive,,,0.9966250658035278,0.3600503206253052,0.9999012351036072,0.26636573672294617,176,
334,pastel_palettes,秘密の扉から会いにきて,,,0.9991216063499451,0.697740912437439,0.9999662637710571,0.17814454436302185,145,
335,pastel_palettes,トリドリ＊パレット,,,0.9751328229904175,0.4668824374675751,0.9993515610694885,0.215068519115448,168,
336,pastel_palettes,ドラマチック！アライブ,,,0.9982230067253113,0.17449751496315002,0.9999371767044067,0.30540749430656433,173,
338,pastel_palettes,ReReReエボリューションず☆,,,0.9916822910308838,0.6448205709457397,0.9996395707130432,0.18741276860237122,143,
337,pastel_palettes,Radiate Warriors,,,0.9992941617965698,0.9811914563179016,0.9999889731407166,0.11964747309684753,160,
340,pastel_palettes,With〜きみとわたしたちの物語〜,,,0.999809980392456,0.7618187069892883,0.9999969005584717,0.15326346457004547,164,
339,pastel_palettes,everyday flower,,,0.9971336126327515,0.2493465393781662,0.9999081492424011,0.29706010222435,160,
341,pastel_palettes,フレっとパレットFight Song!!,,,0.9985516667366028,0.9445676207542419,0.9999725818634033,0.1184358298778534,161,
342,pastel_palettes,デイオフ・ラフ・ラブ・サンクス,,,0.9997297525405884,0.772116482257843,0.9999933242797852,0.2144491970539093,162,
344,pastel_palettes,Y.O.L.O！！！！！(パスパレver.),,,0.9999257326126099,0.881851851940155,0.9999988079071045,0.14547017216682434,179,
343,pastel_palettes,ホワイト ノスタルジア,,,0.9987040758132935,0.2624726891517639,0.9999908208847046,0.27656298875808716,189,
347,pastel_palettes,春を告げる (Cover),,,0.9731780290603638,0.29424819350242615,0.999931275844574,0.30743399262428284,132,
346,pastel_palettes,Sparkling Daydream (Cover),,,0.9647723436355591,0.47025471925735474,0.9988107681274414,0.22030006349086761,166,
345,pastel_palettes,奏（かなで） (Cover),,,0.9990668892860413,0.5304147005081177,0.9999971389770508,0.2513411343097687,196,
348,pastel_palettes,だから、ひとりじゃない (Cover),,,0.9995414018630981,0.9751400351524353,0.9999931454658508,0.06981639564037323,153,
349,pastel_palettes,サインはB (Cover),,,0.9997511506080627,0.7616168260574341,0.9999973773956299,0.17165803909301758,143,
351,pastel_palettes,最上級にかわいいの！ (Cover),,,0.9994522929191589,0.9234375357627869,0.9999808073043823,0.17855466902256012,127,
350,pastel_palettes,愛包ダンスホール (Cover),,,0.9999452829360962,0.9679073095321655,0.9999995231628418,0.09352423995733261,148,
354,pastel_palettes,魔法少女とチョコレゐト (Cover),,,0.9990563988685608,0.9710261225700378,0.9999654293060303,0.1325947493314743,125,
352,pastel_palettes,♡桃色片想い♡ (Cover),,,0.9993182420730591,0.9804698824882507,0.9999707937240601,0.11583687365055084,172,
357,pastel_palettes,みくみくにしてあげる♪【してやんよ】 (Cover),,,0.99942547082901,0.8997811675071716,0.9999682903289795,0.14066047966480255,68,
353,pastel_palettes,金曜日のおはよう (Cover),,,0.999572217464447,0.8876386880874634,0.999987006187439,0.1709206998348236,161,
355,pastel_palettes,可愛くてごめん (Cover),,,0.9963842630386353,0.41675299406051636,0.9999427795410156,0.25127995014190674,147,
356,pastel_palettes,からくりピエロ (Cover),,,0.9998427033424377,0.4855261445045471,0.9999993443489075,0.27395007014274597,168,
358,pastel_palettes,ルカルカ★ナイトフィーバー (Cover),,,0.9999650716781616,0.7701569199562073,0.999998927116394,0.15724116563796997,161,
359,pastel_palettes,アイドル (Cover),,,0.999657392501831,0.9755380153656006,0.9999901652336121,0.11598413437604904,143,
361,pastel_palettes,ふわふわ時間 (Cover),,,0.915064811706543,0.46504709124565125,0.9967354536056519,0.209678515791893,163,
360,pastel_palettes,secret base ～君がくれたもの～ (Cover),,,0.9981445074081421,0.3538513481616974,0.9999943971633911,0.2514156103134155,215,
362,pastel_palettes,Fantastic future (Cover),,,0.999913215637207,0.8999419808387756,0.9999992251396179,0.16527749598026276,164,
363,pastel_palettes,Baby Sweet Berry Love (Cover),,,0.9982538819313049,0.9424244165420532,0.9998741149902344,0.09403693675994873,163,
365,pastel_palettes,ヒトリゴト (Cover),,,0.9954652190208435,0.9183973670005798,0.9998844861984253,0.1305874139070511,157,
366,pastel_palettes,惑星ループ (Cover),,,0.939025342464447,0.4235325753688812,0.9970111846923828,0.23360291123390198,137,
364,pastel_palettes,Q＆A　リサイタル！ (Cover),,,0.9944498538970947,0.776788055896759,0.9996737837791443,0.142672598361969,194,
368,pastel_palettes,ハッピーシンセサイザ (Cover),,,0.9999704957008362,0.9721358418464661,0.9999990463256836,0.15994040668010712,158,
367,pastel_palettes,世界は恋に落ちている (Cover),,,0.9989655017852783,0.5712482929229736,0.9999737739562988,0.20187054574489594,209,
369,pastel_palettes,春擬き (Cover),,,0.9958617687225342,0.5366307497024536,0.9999274611473083,0.22037895023822784,179,
370,pastel_palettes,Make it! (Cover),,,0.9875203371047974,0.8259855508804321,0.9996910095214844,0.10156460106372833,168,
371,pastel_palettes,花ハ踊レヤいろはにほ (Cover),,,0.9985733032226562,0.8500493168830872,0.9999588131904602,0.13191939890384674,167,
372,pastel_palettes,夜に駆ける (Cover),,,0.9999574422836304,0.7074691653251648,0.9999994039535522,0.1789211630821228,175,
373,pastel_palettes,徒花ネクロマンシー (Cover),,,0.8446395993232727,0.2621051073074341,0.9857596158981323,0.27317073941230774,162,
374,pastel_palettes,ノスタルジックレインフォール (Cover),,,0.999197781085968,0.8055173754692078,0.9999919533729553,0.18550214171409607,158,
375,poppin_party,Yes! BanG_Dream!,,,0.9944990873336792,0.6874797940254211,0.99993896484375,0.20578300952911377,207,
378,poppin_party,ティアドロップス,,,0.9983892440795898,0.8875846266746521,0.999995231628418,0.10050410777330399,144,
377,poppin_party,走り始めたばかりのキミに,,,0.9996523857116699,0.825965404510498,0.9999947547912598,0.1703217476606369,174,
376,poppin_party,STAR BEAT!～ホシノコドウ～,,,0.9987716674804688,0.7623444199562073,0.9999750256538391,0.19161981344223022,214,
379,poppin_party,ときめきエクスペリエンス！,,,0.9986408352851868,0.9380764365196228,0.9999750256538391,0.07875783741474152,172,
380,poppin_party,キラキラだとか夢だとか ～Sing Girls～,,,0.9997303485870361,0.9174244999885559,0.9999876022338867,0.10042939335107803,204,
381,poppin_party,私の心はチョココロネ,,,0.9999091625213623,0.9923645853996277,0.9999991655349731,0.16470037400722504,168,
383,poppin_party,夢みるSunflower,,,0.9996142387390137,0.8578478097915649,0.9999961853027344,0.16144965589046478,187,
384,poppin_party,ティアドロップス ～Popipa Acoustic Ver.～,,,0.9999943971633911,0.46408331394195557,0.9999999403953552,0.24205432832241058,155,
382,poppin_party,前へススメ！,,,0.9996992349624634,0.9088931083679199,0.9999969005584717,0.10017072409391403,206,
385,poppin_party,走り始めたばかりのキミに ～Popipa Acoustic Ver.～,,,0.9998300075531006,0.5305511355400085,0.9999998807907104,0.2336697280406952,198,
386,poppin_party,Time Lapse,,,0.999850869178772,0.89430832862854,0.9999954700469971,0.11173875629901886,166,
387,poppin_party,八月のif,,,0.9999517798423767,0.9850346446037292,0.999999463558197,0.17829471826553345,184,
389,poppin_party,B.O.F,,,0.9998937845230103,0.9587953090667725,0.9999993443489075,0.11967401951551437,146,
388,poppin_party,クリスマスのうた,,,0.9993701577186584,0.7980625629425049,0.9999854564666748,0.20529356598854065,185,
390,poppin_party,CiRCLING,,,0.9996331930160522,0.740883469581604,0.9999964237213135,0.1580381989479065,174,
391,poppin_party,二重の虹(ダブル レインボウ),,,0.9982730746269226,0.60340416431427,0.999997615814209,0.1819210946559906,164,
392,poppin_party,最高(さあ行こう)！,,,0.9998185634613037,0.9603022933006287,0.9999970197677612,0.10740480571985245,152,
393,poppin_party,ガールズコード,,,0.9997120499610901,0.9766810536384583,0.9999894499778748,0.11011046171188354,217,
394,poppin_party,Yes! BanG_Dream! ～Popipa Acoustic Ver.～,,,0.9996455907821655,0.5995821952819824,0.9999978542327881,0.22126644849777222,206,
395,poppin_party,夏空 SUN! SUN! SEVEN! ～Popipa Acoustic Ver.～,,,0.999885618686676,0.7762492299079895,0.9999994039535522,0.20917119085788727,200,
397,poppin_party,Breakthrough!,,,0.9964125156402588,0.4178955852985382,0.9999319911003113,0.25982987880706787,184,
396,poppin_party,STAR BEAT!～ホシノコドウ～ ～Popipa Acoustic Ver.～,,,0.9999150037765503,0.8957129716873169,0.9999990463256836,0.17559026181697845,219,
398,poppin_party,NO GIRL NO CRY/Poppin'Party Ver.,,,0.9991519451141357,0.7312793135643005,0.9999828934669495,0.1604500710964203,209,
399,poppin_party,イニシャル,,,0.9988188147544861,0.8232961893081665,0.9999657869338989,0.14196981489658356,197,
400,poppin_party,Hello! Wink!,,,0.999435305595398,0.9831037521362305,0.9999945759773254,0.11067089438438416,188,
401,poppin_party,Step×Step!,,,0.9992002248764038,0.7046787738800049,0.9999882578849792,0.25220057368278503,166,
402,poppin_party,Jumpin',,,0.9946235418319702,0.6049293279647827,0.9998626112937927,0.19903790950775146,165,
404,poppin_party,キラキラスター！,,,0.9996718168258667,0.9633339643478394,0.9999945759773254,0.14682643115520477,184,
403,poppin_party,White Afternoon,,,0.9997250437736511,0.9258866310119629,0.9999972581863403,0.14202317595481873,200,
406,poppin_party,Dreamers Go!,,,0.9986154437065125,0.9002545475959778,0.99998939037323,0.12220969051122665,172,
405,poppin_party,Returns,,,0.9986402988433838,0.7960798740386963,0.9999571442604065,0.15816915035247803,216,
407,poppin_party,キズナミュージック♪,,,0.9978448152542114,0.7032799124717712,0.9999163150787354,0.19000956416130066,210,
409,poppin_party,夢を撃ち抜く瞬間に！,,,0.9996762275695801,0.9714856147766113,0.9999796152114868,0.13055860996246338,187,
410,poppin_party,ぽっぴん'しゃっふる,,,0.9957782030105591,0.791424036026001,0.9999333024024963,0.18453224003314972,185,
408,poppin_party,ミライトレイン,,,0.9996320009231567,0.9616101980209351,0.9999949932098389,0.12670131027698517,238,
411,poppin_party,夏空 SUN! SUN! SEVEN!,,,0.9993187189102173,0.975902259349823,0.9999794960021973,0.07077915221452713,181,
412,poppin_party,1000回潤んだ空,,,0.9997161030769348,0.9004436731338501,0.9999984502792358,0.14454258978366852,221,
415,poppin_party,キミにもらったもの,,,0.9996323585510254,0.4724680781364441,0.9999923706054688,0.2565106749534607,157,
414,poppin_party,夏のドーン！,,,0.9999351501464844,0.7233362197875977,0.9999988079071045,0.15357637405395508,147,
413,poppin_party,HAPPY HAPPY PARTY!,,,0.9998086094856262,0.9831596612930298,0.9999950528144836,0.06319568306207657,188,
417,poppin_party,切ないSandglass,,,0.9993497729301453,0.5073322057723999,0.9999895095825195,0.23638145625591278,164,
416,poppin_party,Light Delight,,,0.9998114109039307,0.7187913060188293,0.999994158744812,0.2569780647754669,206,
418,poppin_party,Home Street,,,0.9981957077980042,0.6217640042304993,0.9999801516532898,0.20632454752922058,152,
420,poppin_party,SAKURA MEMORIES,,,0.9995913505554199,0.6206324696540833,0.9999955296516418,0.20499834418296814,170,
419,poppin_party,What's the POPIPA!?,,,0.9990234971046448,0.9614704847335815,0.9999687671661377,0.09953106939792633,186,
421,poppin_party,アニバーサリー,,,0.9994074106216431,0.959973156452179,0.9999814629554749,0.1580449789762497,183,
423,poppin_party,イントロダクション,,,0.9998452663421631,0.9925825595855713,0.9999938011169434,0.09902981668710709,147,
422,poppin_party,Tomorrow's Door,,,0.9989805817604065,0.8116214275360107,0.999984860420227,0.19927585124969482,165,
424,poppin_party,TARINAI,,,0.9999135732650757,0.9702280759811401,0.9999932646751404,0.08388703316450119,146,
425,poppin_party,DOKI DOKI SCARY,,,0.9994441866874695,0.921096920967102,0.9999714493751526,0.1254902184009552,160,
426,poppin_party,Photograph,,,0.9991241693496704,0.6502732634544373,0.9999812245368958,0.22605666518211365,172,
427,poppin_party,夏に閉じこめて,,,0.999900758266449,0.937958300113678,0.999996542930603,0.16742880642414093,174,
428,poppin_party,ぽっぴん'どりーむ！,,,0.9997420907020569,0.8593180179595947,0.9999933838844299,0.14658287167549133,180,
429,poppin_party,星の約束,,,0.9998984336853027,0.9228811264038086,0.9999980330467224,0.17200736701488495,163,
430,poppin_party,新しい季節に,,,0.9998444318771362,0.9766187071800232,0.9999957084655762,0.06960608810186386,141,
431,poppin_party,トレモロアイズ,,,0.9999140501022339,0.9820548892021179,0.9999970197677612,0.2002106010913849,161,
432,poppin_party,雨上がり、キミと,,,0.9999667406082153,0.9405888319015503,0.9999974370002747,0.1608286052942276,177,
433,poppin_party,花咲く未来に,,,0.9999016523361206,0.9918621778488159,0.9999963045120239,0.08993904292583466,184,
436,poppin_party,キミが始まる！,,,0.9998094439506531,0.9343886971473694,0.9999955296516418,0.10841752588748932,145,
435,poppin_party,Sweets BAN!,,,0.9999575614929199,0.9405342936515808,0.9999985098838806,0.10639674961566925,170,
434,poppin_party,Live Beyond!!,,,0.9997559785842896,0.9503600597381592,0.9999855756759644,0.0753493532538414,210,
437,poppin_party,Moonlight Walk,,,0.9995681643486023,0.8845944404602051,0.9999920129776001,0.1328708529472351,151,
440,poppin_party,Future Place,,,0.9998688697814941,0.8929269313812256,0.9999961853027344,0.13370002806186676,155,
438,poppin_party,ここから先は歌にならない,,,0.9998871088027954,0.9537936449050903,0.9999958276748657,0.10691064596176147,185,
439,poppin_party,青春 To Be Continued,,,0.9998077750205994,0.990598738193512,0.9999924898147583,0.08174038678407669,171,
441,poppin_party,大好き！,,,0.999911904335022,0.8819789290428162,0.9999977350234985,0.2165180742740631,165,
442,poppin_party,Five Letters,,,0.9999133944511414,0.8119779825210571,0.9999982118606567,0.18142937123775482,166,
443,poppin_party,最強☆ソング,,,0.9985606074333191,0.8488172888755798,0.9999655485153198,0.1305571347475052,170,
446,poppin_party,とっておきAnswer,,,0.9996237754821777,0.8755037188529968,0.9999954700469971,0.13895376026630402,131,
444,poppin_party,RiNG A BELL,,,0.999730110168457,0.9816381335258484,0.999984085559845,0.15113113820552826,174,
445,poppin_party,Drive Your Heart,,,0.9997021555900574,0.9752836227416992,0.9999921917915344,0.08049044758081436,179,
448,poppin_party,どきどきデエト,,,0.9992964267730713,0.9632306694984436,0.9999939799308777,0.10284680873155594,145,
447,poppin_party,START!! True dreams,,,0.9998764395713806,0.9741812944412231,0.999995768070221,0.1654355525970459,162,
449,poppin_party,チョコレイトの低音レシピ,,,0.9950461387634277,0.7628293037414551,0.9999481439590454,0.13797993957996368,181,
450,poppin_party,Chu Chueen!,,,0.9984999895095825,0.6692195534706116,0.9999486207962036,0.17554235458374023,153,
454,poppin_party,花園電気ギター！！！,,,0.9996770024299622,0.8249108195304871,0.9999970197677612,0.16888175904750824,132,
453,poppin_party,Game Changer,,,0.9995473027229309,0.9700814485549927,0.9999867081642151,0.11369194835424423,130,
451,poppin_party,どきどきSING OUT!,,,0.999929666519165,0.895855724811554,0.9999982118606567,0.07758817821741104,165,
452,poppin_party,Freedom,,,0.9996103048324585,0.5286887884140015,0.999982476234436,0.2317151427268982,176,
455,poppin_party,す、好きなんかじゃない！,,,0.9993166327476501,0.8485801219940186,0.9999761581420898,0.15616977214813232,158,
456,poppin_party,遠い音楽 ～ハートビート～,,,0.9983190298080444,0.8900915384292603,0.9999523162841797,0.13445378839969635,162,
457,poppin_party,ほな！,,,0.9997360110282898,0.9462748169898987,0.999988317489624,0.11766711622476578,151,
459,poppin_party,勇気Limit！,,,0.9998204708099365,0.8706438541412354,0.9999940395355225,0.11073160916566849,148,
458,poppin_party,世界中の青空をあつめて,,,0.9999585151672363,0.9290093183517456,0.9999974370002747,0.12466007471084595,153,
460,poppin_party,開けたらDream!,,,0.9997096657752991,0.9855626821517944,0.9999944567680359,0.09418071061372757,206,
461,poppin_party,絆色のアンサンブル,,,0.9988973140716553,0.8802874684333801,0.9999924898147583,0.1499965637922287,208,
463,poppin_party,ちゅ、多様性。 (Cover),,,0.9997727274894714,0.9950854778289795,0.9999864101409912,0.10360883921384811,125,
462,poppin_party,NO GIRL NO CRY (Poppin'Party Ver.),,,0.9991519451141357,0.7312793135643005,0.9999828934669495,0.1604500710964203,209,
464,poppin_party,フィクション (Cover),,,0.999909520149231,0.9196551442146301,0.9999982118606567,0.11222166568040848,154,
465,poppin_party,幾億光年 (Cover),,,0.9999381303787231,0.9980822801589966,0.9999984502792358,0.07274162769317627,184,
467,poppin_party,じょいふる (Cover),,,0.9967290163040161,0.9277406334877014,0.9999605417251587,0.09275912493467331,129,
466,poppin_party,心絵 (Cover),,,0.9995371103286743,0.914994478225708,0.9999829530715942,0.21471497416496277,171,
468,poppin_party,MATSURI BAYASHI (Cover),,,0.9932965040206909,0.7328458428382874,0.9999755024909973,0.17234575748443604,154,
470,poppin_party,トウキョウ・シャンディ・ランデヴ (Cover),,,0.9997916221618652,0.9585227370262146,0.9999913573265076,0.0883140116930008,124,
469,poppin_party,私は最強 (Cover),,,0.9995359778404236,0.9252759218215942,0.9999769330024719,0.08969972282648087,172,
471,poppin_party,夜行性ハイズ (Cover),,,0.9996042847633362,0.8743175864219666,0.9999929666519165,0.11349416524171829,150,
472,poppin_party,メランコリック (Cover),,,0.9998520612716675,0.9612526893615723,0.9999989867210388,0.11231185495853424,147,
473,poppin_party,怪獣の花唄 (Cover),,,0.9999390840530396,0.9988773465156555,0.9999964237213135,0.021355168893933296,148,
474,poppin_party,光るなら (Cover),,,0.9997758269309998,0.9585586786270142,0.9999969005584717,0.16266511380672455,169,
475,poppin_party,ミュージック・アワー (Cover),,,0.9999239444732666,0.9913905262947083,0.9999983906745911,0.12731719017028809,187,
476,poppin_party,only my railgun (Cover),,,0.9999860525131226,0.9261224269866943,0.9999994039535522,0.13245001435279846,169,
477,poppin_party,ロミオとシンデレラ (Cover),,,0.9995667338371277,0.9406583309173584,0.999971330165863,0.11757427453994751,187,
478,poppin_party,Daydream café (Cover),,,0.999619722366333,0.9832269549369812,0.999984085559845,0.12437921017408371,152,
479,poppin_party,君じゃなきゃダメみたい (Cover),,,0.999754011631012,0.7872435450553894,0.9999891519546509,0.16391214728355408,160,
480,poppin_party,＊〜アスタリスク〜 (Cover),,,0.9996227025985718,0.9834138751029968,0.9999842643737793,0.13099178671836853,168,
482,poppin_party,檄！帝国華撃団 (Cover),,,0.9995242357254028,0.9454466700553894,0.9999912977218628,0.1431742161512375,123,
481,poppin_party,DAYS of DASH (Cover),,,0.9994862079620361,0.943162202835083,0.9999836087226868,0.09610126912593842,169,
483,poppin_party,DAYS (Cover),,,0.9999532699584961,0.9418559074401855,0.9999995231628418,0.1535433679819107,157,
486,poppin_party,ヴァンパイア (Cover),,,0.9998576641082764,0.9798714518547058,0.9999927282333374,0.10876771062612534,121,
484,poppin_party,ディスカバリー！ (Cover),,,0.9994397759437561,0.5578146576881409,0.9999880790710449,0.2404455542564392,185,
485,poppin_party,チェリボム (Cover),,,0.9993270635604858,0.9522343277931213,0.9999411702156067,0.09125164151191711,164,
487,poppin_party,怪物 (Cover),,,0.9997748732566833,0.9526337385177612,0.9999960660934448,0.11032181233167648,137,
488,poppin_party,大河よ共に泣いてくれ (Cover),,,0.99935382604599,0.9492092132568359,0.9999645352363586,0.10088911652565002,138,
489,poppin_party,空色デイズ (Cover),,,0.9994133710861206,0.818794310092926,0.9999864101409912,0.19743578135967255,169,
490,raise_a_suilen,Invincible Fighter,,,0.999885082244873,0.9610323309898376,0.9999986886978149,0.060541972517967224,167,
492,raise_a_suilen,SOUL SOLDIER,,,0.9993188381195068,0.39689603447914124,0.9999898076057434,0.25141316652297974,160,
493,raise_a_suilen,UNSTOPPABLE,,,0.9999357461929321,0.9564417004585266,0.9999992847442627,0.08709175139665604,153,
491,raise_a_suilen,A DECLARATION OF ×××,,,0.9999511241912842,0.9927571415901184,0.9999991655349731,0.038930460810661316,211,
494,raise_a_suilen,HELL! or HELL?,,,0.9935612082481384,0.6661185026168823,0.9999509453773499,0.20346496999263763,188,
495,raise_a_suilen,Beautiful Birthday,,,0.9999278783798218,0.9402622580528259,0.9999973773956299,0.16604094207286835,171,
497,raise_a_suilen,DRIVE US CRAZY,,,0.9994489550590515,0.7232709527015686,0.9999896883964539,0.19588051736354828,164,
498,raise_a_suilen,!NVADE SHOW!,,,0.9999802112579346,0.9069578647613525,0.9999990463256836,0.11812106519937515,177,
496,raise_a_suilen,Takin’ my Heart,,,0.9996672868728638,0.3738606572151184,0.9999991655349731,0.2707284390926361,191,
499,raise_a_suilen,REIGNING,,,0.9992656111717224,0.8622300624847412,0.9999954104423523,0.23401470482349396,166,
500,raise_a_suilen,EXPOSE ‘Burn out!!!’,,,0.9998038411140442,0.9326183199882507,0.9999966621398926,0.11971564590930939,189,
501,raise_a_suilen,R・I・O・T,,,0.9998763799667358,0.9695875644683838,0.9999994039535522,0.12964306771755219,201,
504,raise_a_suilen,Ray of hope,,,0.9998045563697815,0.6492611765861511,0.9999973177909851,0.25932377576828003,127,
502,raise_a_suilen,V.I.P MONSTER,,,0.9979268312454224,0.5755194425582886,0.9999722242355347,0.23355330526828766,161,
503,raise_a_suilen,mind of Prominence,,,0.9996286630630493,0.8746885061264038,0.9999797344207764,0.1178775206208229,177,
505,raise_a_suilen,EXIST,,,0.9980884194374084,0.7341254353523254,0.9999886751174927,0.18635304272174835,159,
506,raise_a_suilen,Sacred world,,,0.9999696016311646,0.9466950297355652,0.9999992847442627,0.14787863194942474,201,
508,raise_a_suilen,DANCING DARING,,,0.9999061822891235,0.7424411773681641,0.9999954700469971,0.14121784269809723,143,
507,raise_a_suilen,-N-E-M-E-S-I-S-,,,0.9990444183349609,0.6163076162338257,0.9999909996986389,0.18804025650024414,178,
509,raise_a_suilen,BATTLE CRY,,,0.9992541074752808,0.8096741437911987,0.9999712705612183,0.17933522164821625,156,
511,raise_a_suilen,THE WAY OF LIFE,,,0.9997010827064514,0.9158170223236084,0.9999850988388062,0.15236377716064453,159,
510,raise_a_suilen,Domination to world,,,0.9994895458221436,0.7175644040107727,0.9999964237213135,0.19121979176998138,172,
512,raise_a_suilen,灼熱 Bonfire!,,,0.9990366697311401,0.9178161025047302,0.9999899864196777,0.11649810522794724,150,
513,raise_a_suilen,Repaint,,,0.9793497323989868,0.02797091193497181,0.9999891519546509,0.40346673130989075,156,
514,raise_a_suilen,Life on the Lotus,,,0.9986684322357178,0.1714431643486023,0.9999886155128479,0.3314289450645447,162,
515,raise_a_suilen,CORUSCATE -DNA-,,,0.9997951984405518,0.9342911243438721,0.9999921917915344,0.13657088577747345,192,
516,raise_a_suilen,That Is How I Roll!,,,0.9987311959266663,0.8619042634963989,0.9999587535858154,0.13085229694843292,177,
517,raise_a_suilen,しゅわりん☆どり～みん,,,0.9983214735984802,0.750989556312561,0.9999873042106628,0.17987777292728424,177,
520,raise_a_suilen,Don't be afraid!,,,0.9945966005325317,0.6597846746444702,0.9999678134918213,0.1686374843120575,95,
518,raise_a_suilen,パスパレボリューションず☆,,,0.9994733333587646,0.9180780649185181,0.9999876022338867,0.1320214420557022,154,
519,raise_a_suilen,えがおのオーケストラっ！,,,0.9995473623275757,0.8896065950393677,0.9999926686286926,0.169573113322258,170,
522,raise_a_suilen,Hey-day狂騒曲(カプリチオ),,,0.9974368214607239,0.8224145770072937,0.999946117401123,0.18935605883598328,161,
523,raise_a_suilen,Scarlet Sky,,,0.9975923299789429,0.7226352095603943,0.9999735355377197,0.17236654460430145,164,
521,raise_a_suilen,ゆら・ゆらRing-Dong-Dance,,,0.999437153339386,0.9249524474143982,0.9999902844429016,0.07357611507177353,197,
524,raise_a_suilen,ゴーカ！ごーかい！？ファントムシーフ！,,,0.9990776777267456,0.6965456604957581,0.9999778270721436,0.201857790350914,161,
526,raise_a_suilen,That Is How I Roll! (ライブ / アンコール),,,0.9972661733627319,0.8420847058296204,0.9998567700386047,0.11139262467622757,189,
529,raise_a_suilen,TWIN TALE,,,0.9998810291290283,0.9752355217933655,0.9999979734420776,0.1133396103978157,145,
527,raise_a_suilen,R･I･O･T (ライブ / アンコール),,,0.9964573383331299,0.5797660946846008,0.9999861717224121,0.20058022439479828,232,
528,raise_a_suilen,Apocalypse,,,0.9989291429519653,0.9560933709144592,0.9999974966049194,0.17225731909275055,168,
531,raise_a_suilen,BERSER-KEY,,,0.9997743368148804,0.3028383255004883,0.9999986886978149,0.2714724838733673,154,
530,raise_a_suilen,STRAY CERBERUS,,,0.9999170303344727,0.814298152923584,0.9999986886978149,0.1673888862133026,171,
532,raise_a_suilen,POLARIS,,,0.9978359341621399,0.6647218465805054,0.9999734163284302,0.20270206034183502,181,
534,raise_a_suilen,VIVID FIRST TIME,,,0.9998282194137573,0.8730996251106262,0.9999962449073792,0.12910938262939453,153,
535,raise_a_suilen,'FIGHT' ADDICT,,,0.9999094009399414,0.9784174561500549,0.9999989867210388,0.07864820212125778,154,
533,raise_a_suilen,HOWLING AMBITION,,,0.9995568990707397,0.9780728220939636,0.9999964237213135,0.08221408724784851,172,
536,raise_a_suilen,Drown Out the Noise and Push Through the Trash,,,0.9872552156448364,0.8155925869941711,0.9999575018882751,0.1582300364971161,144,
537,raise_a_suilen,FIVE as ONE,,,0.9999569654464722,0.9871031641960144,0.9999997615814209,0.10838130116462708,170,
538,raise_a_suilen,EXPOSE 'Burn out!!!' (English),,,0.9997685551643372,0.8356884717941284,0.9999963045120239,0.12456083297729492,189,
541,raise_a_suilen,WHAT AN EXPLOSION,,,0.9989308714866638,0.8116073608398438,0.9999499320983887,0.1530705988407135,127,
540,raise_a_suilen,WELCOME TO PANDEMONIUM,,,0.9984936118125916,0.7110346555709839,0.9999363422393799,0.18180164694786072,170,
542,raise_a_suilen,RUNAWAY STAR,,,0.9987818002700806,0.6721293330192566,0.9999809265136719,0.19249889254570007,152,
539,raise_a_suilen,Takin' my Heart (English),,,0.9997745752334595,0.6129862666130066,0.9999980330467224,0.25505387783050537,190,
543,raise_a_suilen,Bad Kids All Bet,,,0.9999486207962036,0.9970093965530396,0.9999988675117493,0.07645345479249954,152,
544,raise_a_suilen,Light a fire,,,0.9998611211776733,0.3585894703865051,0.9999969601631165,0.2656833827495575,179,
545,raise_a_suilen,Embrace of light,,,0.9999624490737915,0.9459549188613892,0.9999990463256836,0.20422811806201935,181,
548,raise_a_suilen,ラスハピーポー！,,,0.9986634254455566,0.8324315547943115,0.9999879598617554,0.1615593135356903,133,
549,raise_a_suilen,1/3の純情な感情 (Cover),,,0.9999698996543884,0.9243449568748474,0.9999991059303284,0.1708962321281433,148,
547,raise_a_suilen,JUST THE WAY I AM,,,0.9984135627746582,0.5827924013137817,0.9999597668647766,0.21173308789730072,172,
546,raise_a_suilen,OUTSIDER RODEO,,,0.9965929388999939,0.48130568861961365,0.9998507499694824,0.2175259292125702,179,
550,raise_a_suilen,ヒトリノ夜 (Cover),,,0.9998953342437744,0.7135868668556213,0.9999978542327881,0.18746551871299744,158,
553,raise_a_suilen,Bling-Bang-Bang-Born (Cover),,,0.9944249391555786,0.8672890067100525,0.9999800324440002,0.06655444204807281,112,
554,raise_a_suilen,第六感 (Cover),,,0.9999686479568481,0.9943765997886658,0.9999987483024597,0.06055522337555885,128,
552,raise_a_suilen,メギツネ (Cover),,,0.9923313856124878,0.7096810340881348,0.999870240688324,0.16050302982330322,167,
555,raise_a_suilen,革命道中 (Cover),,,0.9999514818191528,0.9677304029464722,0.9999986886978149,0.08463871479034424,132,
556,raise_a_suilen,Get Wild (Cover),,,0.9999480247497559,0.8369027376174927,0.9999975562095642,0.19138643145561218,133,
551,raise_a_suilen,激動 (Cover),,,0.9965764880180359,0.4537554979324341,0.9999744296073914,0.2628646790981293,223,
557,raise_a_suilen,ボッカデラべリタ (Cover),,,0.9992246627807617,0.0799957662820816,0.9999889731407166,0.365760862827301,134,
560,raise_a_suilen,Just Awake (Cover),,,0.9730137586593628,0.2569448947906494,0.9995377659797668,0.28956568241119385,148,
559,raise_a_suilen,劣等上等 (Cover),,,0.9995566606521606,0.9635452032089233,0.9999808669090271,0.10544215887784958,158,
562,raise_a_suilen,ボッカデラベリタ (Cover),,,0.9988557696342468,0.05975359305739403,0.9999863505363464,0.36882534623146057,134,
561,raise_a_suilen,Keep the Heat and Fire Yourself Up (Cover),,,0.9735273718833923,0.37082862854003906,0.999955415725708,0.2591862082481384,137,
558,raise_a_suilen,第ゼロ感 (Cover),,,0.9993368983268738,0.8418331742286682,0.9999917149543762,0.21885880827903748,193,
563,raise_a_suilen,VORACITY (Cover),,,0.9998854398727417,0.9793661236763,0.9999974966049194,0.07793315500020981,138,
564,raise_a_suilen,神っぽいな (Cover),,,0.9997944235801697,0.9855512380599976,0.9999963045120239,0.1297559142112732,136,
565,raise_a_suilen,狂乱 Hey Kids!! (Cover),,,0.9981365203857422,0.14933240413665771,0.9999809861183167,0.3450486958026886,166,
567,raise_a_suilen,恋しさとせつなさと心強さと (Cover),,,0.9994912147521973,0.8891491293907166,0.9999756217002869,0.14113828539848328,167,
566,raise_a_suilen,SAVIOR OF SONG (Cover),,,0.9998812079429626,0.8991918563842773,0.9999987483024597,0.10587075352668762,166,
569,raise_a_suilen,CORE PRIDE (Cover),,,0.9976390600204468,0.6153214573860168,0.999921441078186,0.22469840943813324,171,
568,raise_a_suilen,DEPARTURES (Cover),,,0.9950482845306396,0.44374391436576843,0.9999374747276306,0.2674723267555237,222,
570,roselia,Neo-Aspect,,,0.998745322227478,0.9186115264892578,0.9999908208847046,0.09096039831638336,205,
571,roselia,BLACK SHOUT,,,0.9997034668922424,0.7740705609321594,0.9999991655349731,0.21338964998722076,165,
574,roselia,ONENESS,,,0.9998311996459961,0.9557980895042419,0.9999977946281433,0.08779755234718323,159,
572,roselia,Opera of the wasteland,,,0.999342679977417,0.5351495146751404,0.999994158744812,0.23216386139392853,190,
573,roselia,陽だまりロードナイト,,,0.9999508857727051,0.9683230519294739,0.9999997615814209,0.12214402109384537,193,
575,roselia,Re:birth day,,,0.9999043941497803,0.9430431723594666,0.9999988079071045,0.20134194195270538,179,
577,roselia,- HEROIC ADVENT -,,,0.9996989965438843,0.9827685952186584,0.999997615814209,0.12907156348228455,148,
576,roselia,Legendary,,,0.9995959401130676,0.9185056090354919,0.9999986290931702,0.10395953059196472,195,
578,roselia,Determination Symphony,,,0.9995536804199219,0.9276598691940308,0.9999942183494568,0.05265171825885773,188,
581,roselia,LOUDER,,,0.99986332654953,0.7201744318008423,0.9999988675117493,0.21334686875343323,144,
579,roselia,熱色スターマイン,,,0.9997496008872986,0.9651603102684021,0.9999966621398926,0.11936628818511963,187,
580,roselia,軌跡,,,0.9996992349624634,0.24482227861881256,0.9999909996986389,0.2857770025730133,209,
582,roselia,R,,,0.9995265007019043,0.891630232334137,0.9999969005584717,0.16783559322357178,190,
583,roselia,BRAVE JEWEL,,,0.9992915391921997,0.8944538235664368,0.999992847442627,0.21630775928497314,165,
585,roselia,Safe and Sound,,,0.9997813701629639,0.8593087792396545,0.999997079372406,0.18784935772418976,172,
587,roselia,Break your desire,,,0.9996668696403503,0.6458122730255127,0.9999977946281433,0.2046152502298355,174,
586,roselia,Avant-garde HISTORY,,,0.9989194869995117,0.4507421553134918,0.9999840259552002,0.24291594326496124,205,
584,roselia,FIRE BIRD,,,0.9570339918136597,0.4348349869251251,0.9993533492088318,0.23939277231693268,241,
589,roselia,約束,,,0.9997815489768982,0.771112859249115,0.9999948740005493,0.1554749459028244,203,
590,roselia,"""UNIONS"" Road",,,0.9996048808097839,0.8516014814376831,0.9999953508377075,0.19455614686012268,206,
591,roselia,Song I am.,,,0.9956167936325073,0.4497354030609131,0.9999884963035583,0.24550610780715942,162,
592,roselia,Sage der Rosen,,,0.9996271133422852,0.6704167127609253,0.9999920725822449,0.18270541727542877,163,
593,roselia,覚悟のLiberation,,,0.9990457892417908,0.792738139629364,0.9999887943267822,0.14073680341243744,174,
594,roselia,Keep Heart,,,0.999807596206665,0.9203748106956482,0.9999980926513672,0.15258045494556427,164,
595,roselia,Original Call,,,0.9994324445724487,0.7596655488014221,0.9999984502792358,0.18843895196914673,150,
596,roselia,Always recall.,,,0.9992038011550903,0.4808601140975952,0.9999908804893494,0.2466873824596405,168,
597,roselia,Floral Haven,,,0.9989176988601685,0.8969621658325195,0.9999837279319763,0.17045339941978455,188,
599,roselia,閃光,,,0.9999175071716309,0.9565262198448181,0.9999943971633911,0.12592318654060364,145,
600,roselia,THE HISTORIC...,,,0.9993195533752441,0.7852166891098022,0.9999915361404419,0.19307056069374084,181,
598,roselia,Sprechchor,,,0.9997970461845398,0.6887992024421692,0.9999977946281433,0.22118280827999115,207,
602,roselia,廻廻奇譚,,,0.9997590184211731,0.946313738822937,0.9999967813491821,0.05070393532514572,147,
601,roselia,ROZEN HORIZON,,,0.9994780421257019,0.874710738658905,0.9999836087226868,0.14157865941524506,245,
604,roselia,Synchrogazer,,,0.9998944401741028,0.8473730683326721,0.9999968409538269,0.16579750180244446,178,
603,roselia,鳥の詩,,,0.9998171925544739,0.8340785503387451,0.9999962449073792,0.2527243494987488,238,
606,roselia,Dazzle the Destiny,,,0.9997727274894714,0.703599750995636,0.9999915361404419,0.1960628628730774,161,
607,roselia,Grateful Melting,,,0.9996792078018188,0.3503115177154541,0.9999990463256836,0.280025452375412,145,
605,roselia,名前のない怪物,,,0.9975025057792664,0.5773695707321167,0.9999977350234985,0.22715844213962555,201,
608,roselia,Second to None,,,0.9999207258224487,0.7597803473472595,0.999999463558197,0.16671821475028992,156,
609,roselia,Steadfast Spirits,,,0.9998747706413269,0.7081514000892639,0.9999961853027344,0.19490936398506165,150,
610,roselia,紫炎,,,0.9994426369667053,0.8418269157409668,0.9999935626983643,0.14312951266765594,147,
611,roselia,XV,,,0.9999078512191772,0.978069543838501,0.9999982714653015,0.1451130211353302,156,
612,roselia,Blessing Chord,,,0.9988208413124084,0.7847968339920044,0.9999949932098389,0.15878358483314514,185,
613,roselia,Fear Nothing,,,0.999801754951477,0.9466544985771179,0.9999923706054688,0.13274671137332916,152,
614,roselia,PASSIONATE ANTHEM,,,0.999519407749176,0.887479841709137,0.9999840259552002,0.12738840281963348,162,
615,roselia,Requiem for Fate,,,0.9982330799102783,0.4479002058506012,0.9999747276306152,0.24671511352062225,159,
617,roselia,Sunlit Musical,,,0.9989727735519409,0.6656967401504517,0.9999774098396301,0.22108608484268188,154,
616,roselia,Sanctuary,,,0.9997264742851257,0.7214896082878113,0.9999880790710449,0.18106597661972046,207,
619,roselia,一逢のFull Glory,,,0.999937891960144,0.589483916759491,0.9999996423721313,0.2518603801727295,155,
618,roselia,Talk to My Tone,,,0.9998233318328857,0.5504736304283142,0.9999957084655762,0.24054035544395447,164,
620,roselia,礎の花冠,,,0.9997692108154297,0.6406901478767395,0.9999960064888,0.17854823172092438,164,
621,roselia,FRONTIER FANTASIA,,,0.9998451471328735,0.5974523425102234,0.999995231628418,0.25678297877311707,175,
622,roselia,Dear Gleam,,,0.9993280172348022,0.4924474358558655,0.9999969005584717,0.2268567532300949,169,
623,roselia,Call the shots,,,0.9980466365814209,0.552085280418396,0.9999629259109497,0.22765015065670013,177,
625,roselia,VIOLET LINE,,,0.9992673993110657,0.3215199410915375,0.9999885559082031,0.26515260338783264,194,
624,roselia,THRONE OF ROSE,,,0.9996317625045776,0.8065208196640015,0.9999974966049194,0.14817482233047485,208,
626,roselia,Ringing Bloom,,,0.999303936958313,0.599500298500061,0.999997615814209,0.22415287792682648,224,
627,roselia,ZEAL of proud,,,0.9988049864768982,0.8104566335678101,0.9999860525131226,0.18041200935840607,186,
628,roselia,Singing “OURS”,,,0.9998167157173157,0.7499203681945801,0.9999988079071045,0.24532605707645416,211,
629,roselia,競宴Red×Violet,,,0.9999372959136963,0.9811065196990967,0.9999997615814209,0.11883461475372314,176,
630,roselia,overtuRe,,,0.9998395442962646,0.8854053020477295,0.9999980330467224,0.13742709159851074,163,
631,roselia,Proud of oneself,,,0.999596893787384,0.8191736936569214,0.9999940991401672,0.1483723372220993,157,
632,roselia,Sing Alive,,,0.9997825622558594,0.2615184187889099,0.999997079372406,0.29222363233566284,210,
633,roselia,Swear ～Night & Day～,,,0.9678853154182434,0.22686366736888885,0.9993928670883179,0.3048676550388336,203,
634,roselia,Reweave (Cover),,,0.9999020099639893,0.9354212880134583,0.9999987483024597,0.18112444877624512,159,
635,roselia,ヒバナ -Reloaded- (Cover),,,0.999832034111023,0.9791820049285889,0.9999918341636658,0.08753297477960587,136,
636,roselia,ファタール (Cover),,,0.9999096393585205,0.9952152371406555,0.9999969005584717,0.06916689872741699,147,
637,roselia,HONEY (Cover),,,0.9996412992477417,0.50827956199646,0.9999969005584717,0.2429562658071518,151,
638,roselia,悪魔の子 (Cover),,,0.9999277591705322,0.30068713426589966,0.9999983310699463,0.28233903646469116,151,
641,roselia,乙女解剖 (Cover),,,0.9998747110366821,0.9091233611106873,0.9999936819076538,0.0889313668012619,149,
639,roselia,slash (Cover),,,0.999911904335022,0.6881418824195862,0.9999961853027344,0.2248215228319168,161,
642,roselia,六兆年と一夜物語 (Cover),,,0.999906063079834,0.6284977197647095,0.9999979734420776,0.23801453411579132,144,
640,roselia,右肩の蝶 (Cover),,,0.9999538064002991,0.9687788486480713,0.9999991655349731,0.10313563793897629,184,
643,roselia,残酷な天使のテーゼ (Cover),,,0.9999104142189026,0.8766238689422607,0.9999997615814209,0.23068924248218536,174,
644,roselia,海色 (Cover),,,0.9999258518218994,0.9720718860626221,0.999997615814209,0.11172297596931458,171,
646,roselia,魂のルフラン (Cover),,,0.9996980428695679,0.9517650604248047,0.9999889135360718,0.16066817939281464,180,
648,roselia,スカイクラッドの観測者 (Cover),,,0.9997648596763611,0.09110113978385925,0.999998152256012,0.32838860154151917,183,
647,roselia,This game (Cover),,,0.9997314810752869,0.07415738701820374,0.9999939799308777,0.31837937235832214,189,
649,roselia,シャルル (Cover),,,0.9999892711639404,0.9678246974945068,0.9999998211860657,0.07518444210290909,155,
645,roselia,ETERNAL BLAZE (Cover),,,0.9998505115509033,0.9534146785736084,0.9999969005584717,0.16431766748428345,206,
650,roselia,新時代 (Cover),,,0.999705970287323,0.8720830678939819,0.9999986886978149,0.14224256575107574,151,
651,roselia,革命デュアリズム (Cover),,,0.9999006986618042,0.9434546232223511,0.9999980330467224,0.12188658118247986,158,
652,roselia,Red fraction (Cover),,,0.9997776746749878,0.8707602620124817,0.9999987483024597,0.17853514850139618,134,
654,roselia,Paradisus‐Paradoxum (Cover),,,0.9999066591262817,0.9330953359603882,0.9999998807907104,0.20522888004779816,155,
655,roselia,Realize (Cover),,,0.9999091625213623,0.9785252213478088,0.9999988079071045,0.14353203773498535,164,
653,roselia,深愛 (Cover),,,0.9997785687446594,0.9481837749481201,0.9999914169311523,0.19178341329097748,182,
656,roselia,Preserved Roses (Cover),,,0.999984622001648,0.986627995967865,0.9999990463256836,0.11813851445913315,140,
659,roselia,KING (Cover),,,0.9998973608016968,0.9478350281715393,0.9999992847442627,0.14334788918495178,89,
658,roselia,Shangri-La (Cover),,,0.9999120235443115,0.9910142421722412,0.9999982118606567,0.12628792226314545,159,
660,mygo,素寄曲,,,0.992929995059967,0.7147749662399292,0.9998195767402649,0.15661011636257172,159,
661,mygo,羅永線,,,0.9958949089050293,0.826569139957428,0.999703049659729,0.14238880574703217,156,
657,roselia,My Dearest (Cover),,,0.9992538094520569,0.7099210023880005,0.9999967217445374,0.17161662876605988,225,
662,mygo,騒混出,,,0.9960098266601562,0.718805730342865,0.9999381303787231,0.20414941012859344,151,
